"file","schema","ncols","has_content","latest_commit","schema_name"
"C:/Users/kelly/OneDrive - Michigan State University/Research/MetaNetworksProject/MetaNetworksProject-Working/L0/taxa_checked_raw/acanthis_flammea.csv","BOW_evidence | effect_sp1_on_sp2 | effect_sp2_on_sp1 | entry_changes | entry_date | interaction | n_studies | nonbreedingseason | notesA | notesB | notesC | notesD | OLDsourceA | OLDsourceB | recorder | sourceAupdatedURL | sourceBupdatedURL | sourceCupdatedURL | sourceDupdatedURL | species1_common | species1_scientific | species2_common | species2_scientific | uncertain_interaction",24,TRUE,2022-12-07 17:56:33,"schema_2"
"C:/Users/kelly/OneDrive - Michigan State University/Research/MetaNetworksProject/MetaNetworksProject-Working/L0/taxa_checked_raw/acanthis_hornemanni.csv","BOW_evidence | effect_sp1_on_sp2 | effect_sp2_on_sp1 | entry_changes | entry_date | interaction | n_studies | nonbreedingseason | notesA | notesB | notesC | notesD | OLDsourceA | OLDsourceB | recorder | sourceAupdatedURL | sourceBupdatedURL | sourceCupdatedURL | sourceDupdatedURL | species1_common | species1_scientific | species2_common | species2_scientific | uncertain_interaction",24,TRUE,2022-12-07 17:56:33,"schema_2"
"C:/Users/kelly/OneDrive - Michigan State University/Research/MetaNetworksProject/MetaNetworksProject-Working/L0/taxa_checked_raw/accipiter_cooperii.csv","BOW_evidence | effect_sp1_on_sp2 | effect_sp2_on_sp1 | entry_changes | entry_date | interaction | n_studies | nonbreedingseason | notesA | notesB | notesC | notesD | OLDsourceA | OLDsourceB | recorder | sourceAupdatedURL | sourceBupdatedURL | sourceCupdatedURL | sourceDupdatedURL | species1_common | species1_scientific | species2_common | species2_scientific | uncertain_interaction",24,TRUE,2022-12-07 17:56:33,"schema_2"
"C:/Users/kelly/OneDrive - Michigan State University/Research/MetaNetworksProject/MetaNetworksProject-Working/L0/taxa_checked_raw/accipiter_gentilis.csv","BOW_evidence | effect_sp1_on_sp2 | effect_sp2_on_sp1 | entry_changes | entry_date | interaction | n_studies | nonbreedingseason | notesA | notesB | notesC | notesD | OLDsourceA | OLDsourceB | recorder | sourceAupdatedURL | sourceBupdatedURL | sourceCupdatedURL | sourceDupdatedURL | species1_common | species1_scientific | species2_common | species2_scientific | uncertain_interaction",24,TRUE,2022-12-07 17:56:33,"schema_2"
"C:/Users/kelly/OneDrive - Michigan State University/Research/MetaNetworksProject/MetaNetworksProject-Working/L0/taxa_checked_raw/accipiter_nisus.csv","BOW_evidence | effect_sp1_on_sp2 | effect_sp2_on_sp1 | entry_changes | entry_date | interaction | n_studies | nonbreedingseason | notesA | notesB | notesC | notesD | OLDsourceA | OLDsourceB | recorder | sourceAupdatedURL | sourceBupdatedURL | sourceCupdatedURL | sourceDupdatedURL | species1_common | species1_scientific | species2_common | species2_scientific | uncertain_interaction",24,TRUE,2022-12-07 17:56:33,"schema_2"
"C:/Users/kelly/OneDrive - Michigan State University/Research/MetaNetworksProject/MetaNetworksProject-Working/L0/taxa_checked_raw/accipiter_striatus.csv","BOW_evidence | effect_sp1_on_sp2 | effect_sp2_on_sp1 | entry_changes | entry_date | interaction | n_studies | nonbreedingseason | notesA | notesB | notesC | notesD | OLDsourceA | OLDsourceB | recorder | sourceAupdatedURL | sourceBupdatedURL | sourceCupdatedURL | sourceDupdatedURL | species1_common | species1_scientific | species2_common | species2_scientific | uncertain_interaction",24,TRUE,2022-12-07 17:56:33,"schema_2"
"C:/Users/kelly/OneDrive - Michigan State University/Research/MetaNetworksProject/MetaNetworksProject-Working/L0/taxa_checked_raw/Acridotheres_tristis_AH_EP.csv","BOW_evidence | effect_sp1_on_sp2 | effect_sp2_on_sp1 | entry_changes | entry_date | interaction | n_studies | name_changes | nonbreedingseason | notesA | notesB | notesC | notesD | OLDsourceA | OLDsourceB | other_species1 | recorder | sourceAupdatedURL | sourceBupdatedURL | sourceCupdatedURL | sourceDupdatedURL | species1_common | species1_scientific | species2_common | species2_scientific | uncertain_interaction",26,TRUE,2026-08-24 15:10:47,"schema_1"
"C:/Users/kelly/OneDrive - Michigan State University/Research/MetaNetworksProject/MetaNetworksProject-Working/L0/taxa_checked_raw/Actitis_hypoleucos_EP_IH.csv","BOW_evidence | effect_sp1_on_sp2 | effect_sp2_on_sp1 | entry_changes | entry_date | interaction | n_studies | name_changes | nonbreedingseason | notesA | notesB | notesC | notesD | OLDsourceA | OLDsourceB | other_species1 | recorder | sourceAupdatedURL | sourceBupdatedURL | sourceCupdatedURL | sourceDupdatedURL | species1_common | species1_scientific | species2_common | species2_scientific | uncertain_interaction",26,TRUE,2024-05-28 19:31:57,"schema_1"
"C:/Users/kelly/OneDrive - Michigan State University/Research/MetaNetworksProject/MetaNetworksProject-Working/L0/taxa_checked_raw/Actitis_macularius_EP_IH.csv","BOW_evidence | effect_sp1_on_sp2 | effect_sp2_on_sp1 | entry_changes | entry_date | interaction | n_studies | name_changes | nonbreedingseason | notesA | notesB | notesC | notesD | OLDsourceA | OLDsourceB | other_species1 | recorder | sourceAupdatedURL | sourceBupdatedURL | sourceCupdatedURL | sourceDupdatedURL | species1_common | species1_scientific | species2_common | species2_scientific | uncertain_interaction",26,TRUE,2023-12-01 18:45:29,"schema_1"
"C:/Users/kelly/OneDrive - Michigan State University/Research/MetaNetworksProject/MetaNetworksProject-Working/L0/taxa_checked_raw/Aechmophorus_clarkii_IH_EP.csv","BOW_evidence | effect_sp1_on_sp2 | effect_sp2_on_sp1 | entry_changes | entry_date | interaction | n_studies | name_changes | nonbreedingseason | notesA | notesB | notesC | notesD | OLDsourceA | OLDsourceB | other_species1 | recorder | sourceAupdatedURL | sourceBupdatedURL | sourceCupdatedURL | sourceDupdatedURL | species1_common | species1_scientific | species2_common | species2_scientific | uncertain_interaction",26,TRUE,2026-08-24 15:10:47,"schema_1"
"C:/Users/kelly/OneDrive - Michigan State University/Research/MetaNetworksProject/MetaNetworksProject-Working/L0/taxa_checked_raw/Aechmophorus_occidentalis_IH_EP.csv","BOW_evidence | effect_sp1_on_sp2 | effect_sp2_on_sp1 | entry_changes | entry_date | interaction | n_studies | name_changes | nonbreedingseason | notesA | notesB | notesC | notesD | OLDsourceA | OLDsourceB | other_species1 | recorder | sourceAupdatedURL | sourceBupdatedURL | sourceCupdatedURL | sourceDupdatedURL | species1_common | species1_scientific | species2_common | species2_scientific | uncertain_interaction",26,TRUE,2025-12-12 21:27:10,"schema_1"
"C:/Users/kelly/OneDrive - Michigan State University/Research/MetaNetworksProject/MetaNetworksProject-Working/L0/taxa_checked_raw/aegolius_acadicus.csv","BOW_evidence | effect_sp1_on_sp2 | effect_sp2_on_sp1 | entry_changes | entry_date | interaction | n_studies | nonbreedingseason | notesA | notesB | notesC | notesD | OLDsourceA | OLDsourceB | recorder | sourceAupdatedURL | sourceBupdatedURL | sourceCupdatedURL | sourceDupdatedURL | species1_common | species1_scientific | species2_common | species2_scientific | uncertain_interaction",24,TRUE,2022-12-07 17:56:33,"schema_2"
"C:/Users/kelly/OneDrive - Michigan State University/Research/MetaNetworksProject/MetaNetworksProject-Working/L0/taxa_checked_raw/aegolius_funereus.csv","BOW_evidence | effect_sp1_on_sp2 | effect_sp2_on_sp1 | entry_changes | entry_date | interaction | n_studies | nonbreedingseason | notesA | notesB | notesC | notesD | OLDsourceA | OLDsourceB | recorder | sourceAupdatedURL | sourceBupdatedURL | sourceCupdatedURL | sourceDupdatedURL | species1_common | species1_scientific | species2_common | species2_scientific | uncertain_interaction",24,TRUE,2022-12-07 17:56:33,"schema_2"
"C:/Users/kelly/OneDrive - Michigan State University/Research/MetaNetworksProject/MetaNetworksProject-Working/L0/taxa_checked_raw/Aeronautes_saxatalis_EP_IH.csv","BOW_evidence | effect_sp1_on_sp2 | effect_sp2_on_sp1 | entry_changes | entry_date | interaction | n_studies | name_changes | nonbreedingseason | notesA | notesB | notesC | notesD | OLDsourceA | OLDsourceB | other_species1 | recorder | sourceAupdatedURL | sourceBupdatedURL | sourceCupdatedURL | sourceDupdatedURL | species1_common | species1_scientific | species2_common | species2_scientific | uncertain_interaction",26,TRUE,2023-12-01 18:48:15,"schema_1"
"C:/Users/kelly/OneDrive - Michigan State University/Research/MetaNetworksProject/MetaNetworksProject-Working/L0/taxa_checked_raw/Aethia_cristatella_IH_EP.csv","BOW_evidence | effect_sp1_on_sp2 | effect_sp2_on_sp1 | entry_changes | entry_date | interaction | n_studies | name_changes | nonbreedingseason | notesA | notesB | notesC | notesD | OLDsourceA | OLDsourceB | other_species1 | recorder | sourceAupdatedURL | sourceBupdatedURL | sourceCupdatedURL | sourceDupdatedURL | species1_common | species1_scientific | species2_common | species2_scientific | uncertain_interaction",26,TRUE,2026-08-24 15:10:47,"schema_1"
"C:/Users/kelly/OneDrive - Michigan State University/Research/MetaNetworksProject/MetaNetworksProject-Working/L0/taxa_checked_raw/Aethia_psittacula_IH_EP.csv","BOW_evidence | effect_sp1_on_sp2 | effect_sp2_on_sp1 | entry_changes | entry_date | interaction | n_studies | name_changes | nonbreedingseason | notesA | notesB | notesC | notesD | OLDsourceA | OLDsourceB | other_species1 | recorder | sourceAupdatedURL | sourceBupdatedURL | sourceCupdatedURL | sourceDupdatedURL | species1_common | species1_scientific | species2_common | species2_scientific | uncertain_interaction",26,TRUE,2026-08-24 15:10:47,"schema_1"
"C:/Users/kelly/OneDrive - Michigan State University/Research/MetaNetworksProject/MetaNetworksProject-Working/L0/taxa_checked_raw/Aethia_pusilla_IH_EP.csv","BOW_evidence | effect_sp1_on_sp2 | effect_sp2_on_sp1 | entry_changes | entry_date | interaction | n_studies | name_changes | nonbreedingseason | notesA | notesB | notesC | notesD | OLDsourceA | OLDsourceB | other_species1 | recorder | sourceAupdatedURL | sourceBupdatedURL | sourceCupdatedURL | sourceDupdatedURL | species1_common | species1_scientific | species2_common | species2_scientific | uncertain_interaction",26,TRUE,2026-08-24 15:10:47,"schema_1"
"C:/Users/kelly/OneDrive - Michigan State University/Research/MetaNetworksProject/MetaNetworksProject-Working/L0/taxa_checked_raw/Aethia_pygmaea_CR_PLZ.csv","BOW_evidence | effect_sp1_on_sp2 | effect_sp2_on_sp1 | entry_changes | entry_date | interaction | n_studies | name_changes | nonbreedingseason | notesA | notesB | notesC | notesD | OLDsourceA | OLDsourceB | other_species1 | recorder | sourceAupdatedURL | sourceBupdatedURL | sourceCupdatedURL | sourceDupdatedURL | species1_common | species1_scientific | species2_common | species2_scientific | uncertain_interaction",26,TRUE,2026-08-24 15:10:47,"schema_1"
"C:/Users/kelly/OneDrive - Michigan State University/Research/MetaNetworksProject/MetaNetworksProject-Working/L0/taxa_checked_raw/Agelaius_tricolor_EP_IH.csv","BOW_evidence | effect_sp1_on_sp2 | effect_sp2_on_sp1 | entry_changes | entry_date | interaction | n_studies | name_changes | nonbreedingseason | notesA | notesB | notesC | notesD | OLDsourceA | OLDsourceB | other_species1 | recorder | sourceAupdatedURL | sourceBupdatedURL | sourceCupdatedURL | sourceDupdatedURL | species1_common | species1_scientific | species2_common | species2_scientific | uncertain_interaction",26,TRUE,2023-12-01 18:51:14,"schema_1"
"C:/Users/kelly/OneDrive - Michigan State University/Research/MetaNetworksProject/MetaNetworksProject-Working/L0/taxa_checked_raw/Aimophila_rufescens_LB_LM.csv","breeding_migration | DatabaseSearchURL | effect_sp1_on_sp2 | effect_sp2_on_sp1 | entry_changes | entry_date | interaction | interaction_strength | name_changes | other_species1 | recorder | source_citation | source_URL | species1_common | species1_lifestage | species1_scientific | species2_common | species2_lifestage | species2_scientific | text_excerpt | time_of_year | uncertain_interaction",22,TRUE,2026-09-17 15:28:50,"schema_3"
"C:/Users/kelly/OneDrive - Michigan State University/Research/MetaNetworksProject/MetaNetworksProject-Working/L0/taxa_checked_raw/Aimophila_ruficeps_EP_IH.csv","BOW_evidence | effect_sp1_on_sp2 | effect_sp2_on_sp1 | entry_changes | entry_date | interaction | n_studies | name_changes | nonbreedingseason | notesA | notesB | notesC | notesD | OLDsourceA | OLDsourceB | other_species1 | recorder | sourceAupdatedURL | sourceBupdatedURL | sourceCupdatedURL | sourceDupdatedURL | species1_common | species1_scientific | species2_common | species2_scientific | uncertain_interaction",26,TRUE,2024-01-24 18:33:21,"schema_1"
"C:/Users/kelly/OneDrive - Michigan State University/Research/MetaNetworksProject/MetaNetworksProject-Working/L0/taxa_checked_raw/aix_sponsa.csv","BOW_evidence | effect_sp1_on_sp2 | effect_sp2_on_sp1 | entry_changes | entry_date | interaction | n_studies | nonbreedingseason | notesA | notesB | notesC | notesD | OLDsourceA | OLDsourceB | recorder | sourceAupdatedURL | sourceBupdatedURL | sourceCupdatedURL | sourceDupdatedURL | species1_common | species1_scientific | species2_common | species2_scientific | uncertain_interaction",24,TRUE,2022-12-07 17:56:33,"schema_2"
"C:/Users/kelly/OneDrive - Michigan State University/Research/MetaNetworksProject/MetaNetworksProject-Working/L0/taxa_checked_raw/Alauda_arvensis_EP_IH.csv","BOW_evidence | effect_sp1_on_sp2 | effect_sp2_on_sp1 | entry_changes | entry_date | interaction | n_studies | name_changes | nonbreedingseason | notesA | notesB | notesC | notesD | OLDsourceA | OLDsourceB | other_species1 | recorder | sourceAupdatedURL | sourceBupdatedURL | sourceCupdatedURL | sourceDupdatedURL | species1_common | species1_scientific | species2_common | species2_scientific | uncertain_interaction",26,TRUE,2024-08-01 18:21:08,"schema_1"
"C:/Users/kelly/OneDrive - Michigan State University/Research/MetaNetworksProject/MetaNetworksProject-Working/L0/taxa_checked_raw/Alca_torda_CR_EP.csv","BOW_evidence | effect_sp1_on_sp2 | effect_sp2_on_sp1 | entry_changes | entry_date | interaction | n_studies | name_changes | nonbreedingseason | notesA | notesB | notesC | notesD | OLDsourceA | OLDsourceB | other_species1 | recorder | sourceAupdatedURL | sourceBupdatedURL | sourceCupdatedURL | sourceDupdatedURL | species1_common | species1_scientific | species2_common | species2_scientific | uncertain_interaction",26,TRUE,2026-08-24 15:10:47,"schema_1"
"C:/Users/kelly/OneDrive - Michigan State University/Research/MetaNetworksProject/MetaNetworksProject-Working/L0/taxa_checked_raw/Alle_alle_IH_CR_EP.csv","BOW_evidence | effect_sp1_on_sp2 | effect_sp2_on_sp1 | entry_changes | entry_date | interaction | n_studies | name_changes | nonbreedingseason | notesA | notesB | notesC | notesD | OLDsourceA | OLDsourceB | other_species1 | recorder | sourceAupdatedURL | sourceBupdatedURL | sourceCupdatedURL | sourceDupdatedURL | species1_common | species1_scientific | species2_common | species2_scientific | uncertain_interaction",26,TRUE,2026-08-24 15:10:47,"schema_1"
"C:/Users/kelly/OneDrive - Michigan State University/Research/MetaNetworksProject/MetaNetworksProject-Working/L0/taxa_checked_raw/Alopochen_aegyptiaca_AH_EP.csv","BOW_evidence | effect_sp1_on_sp2 | effect_sp2_on_sp1 | entry_changes | entry_date | interaction | n_studies | name_changes | nonbreedingseason | notesA | notesB | notesC | notesD | OLDsourceA | OLDsourceB | other_species1 | recorder | sourceAupdatedURL | sourceBupdatedURL | sourceCupdatedURL | sourceDupdatedURL | species1_common | species1_scientific | species2_common | species2_scientific | uncertain_interaction",26,TRUE,2026-08-24 15:10:47,"schema_1"
"C:/Users/kelly/OneDrive - Michigan State University/Research/MetaNetworksProject/MetaNetworksProject-Working/L0/taxa_checked_raw/Amazilia_rutila_CR_EP.csv","BOW_evidence | effect_sp1_on_sp2 | effect_sp2_on_sp1 | entry_changes | entry_date | interaction | n_studies | name_changes | nonbreedingseason | notesA | notesB | notesC | notesD | OLDsourceA | OLDsourceB | other_species1 | recorder | sourceAupdatedURL | sourceBupdatedURL | sourceCupdatedURL | sourceDupdatedURL | species1_common | species1_scientific | species2_common | species2_scientific | uncertain_interaction",26,TRUE,2026-08-24 15:10:47,"schema_1"
"C:/Users/kelly/OneDrive - Michigan State University/Research/MetaNetworksProject/MetaNetworksProject-Working/L0/taxa_checked_raw/Amazilia_yucatanensis_EP_IH.csv","BOW_evidence | effect_sp1_on_sp2 | effect_sp2_on_sp1 | entry_changes | entry_date | interaction | n_studies | nonbreedingseason | notesA | notesB | notesC | notesD | OLDsourceA | OLDsourceB | recorder | sourceAupdatedURL | sourceBupdatedURL | sourceCupdatedURL | sourceDupdatedURL | species1_common | species1_scientific | species2_common | species2_scientific | uncertain_interaction",24,TRUE,2024-01-26 18:52:21,"schema_2"
"C:/Users/kelly/OneDrive - Michigan State University/Research/MetaNetworksProject/MetaNetworksProject-Working/L0/taxa_checked_raw/Amazona_viridigenalis_EP_IH.csv","BOW_evidence | effect_sp1_on_sp2 | effect_sp2_on_sp1 | entry_changes | entry_date | interaction | n_studies | name_changes | nonbreedingseason | notesA | notesB | notesC | notesD | OLDsourceA | OLDsourceB | other_species1 | recorder | sourceAupdatedURL | sourceBupdatedURL | sourceCupdatedURL | sourceDupdatedURL | species1_common | species1_scientific | species2_common | species2_scientific | uncertain_interaction",26,TRUE,2024-01-26 19:41:42,"schema_1"
"C:/Users/kelly/OneDrive - Michigan State University/Research/MetaNetworksProject/MetaNetworksProject-Working/L0/taxa_checked_raw/Ammodramus_savannarum_CR_EP.csv","BOW_evidence | effect_sp1_on_sp2 | effect_sp2_on_sp1 | entry_changes | entry_date | interaction | n_studies | name_changes | nonbreedingseason | notesA | notesB | notesC | notesD | OLDsourceA | OLDsourceB | other_species1 | recorder | sourceAupdatedURL | sourceBupdatedURL | sourceCupdatedURL | sourceDupdatedURL | species1_common | species1_scientific | species2_common | species2_scientific | uncertain_interaction",26,TRUE,2026-08-24 15:10:47,"schema_1"
"C:/Users/kelly/OneDrive - Michigan State University/Research/MetaNetworksProject/MetaNetworksProject-Working/L0/taxa_checked_raw/ammospiza_caudacuta_EP_IH.csv","BOW_evidence | effect_sp1_on_sp2 | effect_sp2_on_sp1 | entry_changes | entry_date | interaction | n_studies | name_changes | nonbreedingseason | notesA | notesB | notesC | notesD | OLDsourceA | OLDsourceB | other_species1 | recorder | sourceAupdatedURL | sourceBupdatedURL | sourceCupdatedURL | sourceDupdatedURL | species1_common | species1_scientific | species2_common | species2_scientific | uncertain_interaction",26,TRUE,2024-02-16 17:13:44,"schema_1"
"C:/Users/kelly/OneDrive - Michigan State University/Research/MetaNetworksProject/MetaNetworksProject-Working/L0/taxa_checked_raw/Ammospiza_leconteii_AH_EP.csv","BOW_evidence | effect_sp1_on_sp2 | effect_sp2_on_sp1 | entry_changes | entry_date | interaction | n_studies | name_changes | nonbreedingseason | notesA | notesB | notesC | notesD | OLDsourceA | OLDsourceB | other_species1 | recorder | sourceAupdatedURL | sourceBupdatedURL | sourceCupdatedURL | sourceDupdatedURL | species1_common | species1_scientific | species2_common | species2_scientific | uncertain_interaction",26,TRUE,2026-08-24 15:10:47,"schema_1"
"C:/Users/kelly/OneDrive - Michigan State University/Research/MetaNetworksProject/MetaNetworksProject-Working/L0/taxa_checked_raw/Ammospiza_maritima_EP_IH.csv","BOW_evidence | effect_sp1_on_sp2 | effect_sp2_on_sp1 | entry_changes | entry_date | interaction | n_studies | name_changes | nonbreedingseason | notesA | notesB | notesC | notesD | OLDsourceA | OLDsourceB | other_species1 | recorder | sourceAupdatedURL | sourceBupdatedURL | sourceCupdatedURL | sourceDupdatedURL | species1_common | species1_scientific | species2_common | species2_scientific | uncertain_interaction",26,TRUE,2024-05-16 14:26:07,"schema_1"
"C:/Users/kelly/OneDrive - Michigan State University/Research/MetaNetworksProject/MetaNetworksProject-Working/L0/taxa_checked_raw/Ammospiza_nelsoni_EP_IH.csv","BOW_evidence | effect_sp1_on_sp2 | effect_sp2_on_sp1 | entry_changes | entry_date | interaction | n_studies | name_changes | nonbreedingseason | notesA | notesB | notesC | notesD | OLDsourceA | OLDsourceB | other_species1 | recorder | sourceAupdatedURL | sourceBupdatedURL | sourceCupdatedURL | sourceDupdatedURL | species1_common | species1_scientific | species2_common | species2_scientific | uncertain_interaction",26,TRUE,2024-05-15 15:16:42,"schema_1"
"C:/Users/kelly/OneDrive - Michigan State University/Research/MetaNetworksProject/MetaNetworksProject-Working/L0/taxa_checked_raw/Anarhynchus_collaris_AJ_IH.csv","BOW_evidence | effect_sp1_on_sp2 | effect_sp2_on_sp1 | entry_changes | entry_date | interaction | n_studies | name_changes | nonbreedingseason | notesA | notesB | notesC | notesD | OLDsourceA | OLDsourceB | other_species1 | recorder | sourceAupdatedURL | sourceBupdatedURL | sourceCupdatedURL | sourceDupdatedURL | species1_common | species1_scientific | species2_common | species2_scientific | uncertain_interaction",26,TRUE,2024-10-28 19:05:38,"schema_1"
"C:/Users/kelly/OneDrive - Michigan State University/Research/MetaNetworksProject/MetaNetworksProject-Working/L0/taxa_checked_raw/Anarhynchus_montanus_EP_IH.csv","BOW_evidence | effect_sp1_on_sp2 | effect_sp2_on_sp1 | entry_changes | entry_date | interaction | n_studies | name_changes | nonbreedingseason | notesA | notesB | notesC | notesD | OLDsourceA | OLDsourceB | other_species1 | recorder | sourceAupdatedURL | sourceBupdatedURL | sourceCupdatedURL | sourceDupdatedURL | species1_common | species1_scientific | species2_common | species2_scientific | uncertain_interaction",26,TRUE,2024-03-29 18:28:03,"schema_1"
"C:/Users/kelly/OneDrive - Michigan State University/Research/MetaNetworksProject/MetaNetworksProject-Working/L0/taxa_checked_raw/Anarhynchus_nivosus_EP_IH.csv","BOW_evidence | effect_sp1_on_sp2 | effect_sp2_on_sp1 | entry_changes | entry_date | interaction | n_studies | name_changes | nonbreedingseason | notesA | notesB | notesC | notesD | OLDsourceA | OLDsourceB | other_species1 | recorder | sourceAupdatedURL | sourceBupdatedURL | sourceCupdatedURL | sourceDupdatedURL | species1_common | species1_scientific | species2_common | species2_scientific | uncertain_interaction",26,TRUE,2024-08-30 16:06:46,"schema_1"
"C:/Users/kelly/OneDrive - Michigan State University/Research/MetaNetworksProject/MetaNetworksProject-Working/L0/taxa_checked_raw/Anas_bahamensis_GD_EP.csv","BOW_evidence | effect_sp1_on_sp2 | effect_sp2_on_sp1 | entry_changes | entry_date | interaction | n_studies | name_changes | nonbreedingseason | notesA | notesB | notesC | notesD | OLDsourceA | OLDsourceB | other_species1 | recorder | sourceAupdatedURL | sourceBupdatedURL | sourceCupdatedURL | sourceDupdatedURL | species1_common | species1_scientific | species2_common | species2_scientific | uncertain_interaction",26,TRUE,2026-08-24 15:10:47,"schema_1"
"C:/Users/kelly/OneDrive - Michigan State University/Research/MetaNetworksProject/MetaNetworksProject-Working/L0/taxa_checked_raw/anas_crecca.csv","BOW_evidence | effect_sp1_on_sp2 | effect_sp2_on_sp1 | entry_changes | entry_date | interaction | n_studies | nonbreedingseason | notesA | notesB | notesC | notesD | OLDsourceA | OLDsourceB | recorder | sourceAupdatedURL | sourceBupdatedURL | sourceCupdatedURL | sourceDupdatedURL | species1_common | species1_scientific | species2_common | species2_scientific | uncertain_interaction",24,TRUE,2023-12-08 17:44:04,"schema_2"
"C:/Users/kelly/OneDrive - Michigan State University/Research/MetaNetworksProject/MetaNetworksProject-Working/L0/taxa_checked_raw/Anas_diazi_CR_EP.csv","BOW_evidence | effect_sp1_on_sp2 | effect_sp2_on_sp1 | entry_changes | entry_date | interaction | n_studies | name_changes | nonbreedingseason | notesA | notesB | notesC | notesD | OLDsourceA | OLDsourceB | other_species1 | recorder | sourceAupdatedURL | sourceBupdatedURL | sourceCupdatedURL | sourceDupdatedURL | species1_common | species1_scientific | species2_common | species2_scientific | uncertain_interaction",26,TRUE,2026-08-24 15:10:47,"schema_1"
"C:/Users/kelly/OneDrive - Michigan State University/Research/MetaNetworksProject/MetaNetworksProject-Working/L0/taxa_checked_raw/Anas_fulvigula_IH_EP.csv","BOW_evidence | effect_sp1_on_sp2 | effect_sp2_on_sp1 | entry_changes | entry_date | interaction | n_studies | name_changes | nonbreedingseason | notesA | notesB | notesC | notesD | OLDsourceA | OLDsourceB | other_species1 | recorder | sourceAupdatedURL | sourceBupdatedURL | sourceCupdatedURL | sourceDupdatedURL | species1_common | species1_scientific | species2_common | species2_scientific | uncertain_interaction",26,TRUE,2026-08-24 15:10:47,"schema_1"
"C:/Users/kelly/OneDrive - Michigan State University/Research/MetaNetworksProject/MetaNetworksProject-Working/L0/taxa_checked_raw/Anas_laysanensis_GD_EP.csv","BOW_evidence | effect_sp1_on_sp2 | effect_sp2_on_sp1 | entry_changes | entry_date | interaction | n_studies | name_changes | nonbreedingseason | notesA | notesB | notesC | notesD | OLDsourceA | OLDsourceB | other_species1 | recorder | sourceAupdatedURL | sourceBupdatedURL | sourceCupdatedURL | sourceDupdatedURL | species1_common | species1_scientific | species2_common | species2_scientific | uncertain_interaction",26,TRUE,2026-08-24 15:10:47,"schema_1"
"C:/Users/kelly/OneDrive - Michigan State University/Research/MetaNetworksProject/MetaNetworksProject-Working/L0/taxa_checked_raw/anas_platyrhynchos.csv","BOW_evidence | effect_sp1_on_sp2 | effect_sp2_on_sp1 | entry_changes | entry_date | interaction | n_studies | nonbreedingseason | notesA | notesB | notesC | notesD | OLDsourceA | OLDsourceB | recorder | sourceAupdatedURL | sourceBupdatedURL | sourceCupdatedURL | sourceDupdatedURL | species1_common | species1_scientific | species2_common | species2_scientific | uncertain_interaction",24,TRUE,2022-12-07 17:56:33,"schema_2"
"C:/Users/kelly/OneDrive - Michigan State University/Research/MetaNetworksProject/MetaNetworksProject-Working/L0/taxa_checked_raw/Anas_rubripes_EP.csv","BOW_evidence | effect_sp1_on_sp2 | effect_sp2_on_sp1 | entry_changes | entry_date | interaction | n_studies | name_changes | nonbreedingseason | notesA | notesB | notesC | notesD | OLDsourceA | OLDsourceB | other_species1 | recorder | sourceAupdatedURL | sourceBupdatedURL | sourceCupdatedURL | sourceDupdatedURL | species1_common | species1_scientific | species2_common | species2_scientific | uncertain_interaction",26,TRUE,2026-08-24 15:10:47,"schema_1"
"C:/Users/kelly/OneDrive - Michigan State University/Research/MetaNetworksProject/MetaNetworksProject-Working/L0/taxa_checked_raw/Anas_wyvilliana_CR_EP.csv","BOW_evidence | effect_sp1_on_sp2 | effect_sp2_on_sp1 | entry_changes | entry_date | interaction | n_studies | name_changes | nonbreedingseason | notesA | notesB | notesC | notesD | OLDsourceA | OLDsourceB | other_species1 | recorder | sourceAupdatedURL | sourceBupdatedURL | sourceCupdatedURL | sourceDupdatedURL | species1_common | species1_scientific | species2_common | species2_scientific | uncertain_interaction",26,TRUE,2026-08-24 15:10:47,"schema_1"
"C:/Users/kelly/OneDrive - Michigan State University/Research/MetaNetworksProject/MetaNetworksProject-Working/L0/taxa_checked_raw/Anas_zonorhyncha_GD_EP.csv","BOW_evidence | effect_sp1_on_sp2 | effect_sp2_on_sp1 | entry_changes | entry_date | interaction | n_studies | name_changes | nonbreedingseason | notesA | notesB | notesC | notesD | OLDsourceA | OLDsourceB | other_species1 | recorder | sourceAupdatedURL | sourceBupdatedURL | sourceCupdatedURL | sourceDupdatedURL | species1_common | species1_scientific | species2_common | species2_scientific | uncertain_interaction",26,TRUE,2026-08-24 15:10:47,"schema_1"
"C:/Users/kelly/OneDrive - Michigan State University/Research/MetaNetworksProject/MetaNetworksProject-Working/L0/taxa_checked_raw/Anhinga_anhinga_IH_EP.csv","BOW_evidence | effect_sp1_on_sp2 | effect_sp2_on_sp1 | entry_changes | entry_date | interaction | n_studies | name_changes | nonbreedingseason | notesA | notesB | notesC | notesD | OLDsourceA | OLDsourceB | recorder | sourceAupdatedURL | sourceBupdatedURL | sourceCupdatedURL | sourceDupdatedURL | species1_common | species1_scientific | species2_common | species2_scientific | uncertain_interaction",25,TRUE,2026-08-24 15:10:47,"schema_5"
"C:/Users/kelly/OneDrive - Michigan State University/Research/MetaNetworksProject/MetaNetworksProject-Working/L0/taxa_checked_raw/Anomalospiza_imberbis_CR_EP.csv","BOW_evidence | effect_sp1_on_sp2 | effect_sp2_on_sp1 | entry_changes | entry_date | interaction | n_studies | name_changes | nonbreedingseason | notesA | notesB | notesC | notesD | OLDsourceA | OLDsourceB | other_species1 | recorder | sourceAupdatedURL | sourceBupdatedURL | sourceCupdatedURL | sourceDupdatedURL | species1_common | species1_scientific | species2_common | species2_scientific | uncertain_interaction",26,TRUE,2026-08-24 15:10:47,"schema_1"
"C:/Users/kelly/OneDrive - Michigan State University/Research/MetaNetworksProject/MetaNetworksProject-Working/L0/taxa_checked_raw/Anser_albifrons_EP_GD.csv","BOW_evidence | effect_sp1_on_sp2 | effect_sp2_on_sp1 | entry_changes | entry_date | interaction | n_studies | name_changes | nonbreedingseason | notesA | notesB | notesC | notesD | OLDsourceA | OLDsourceB | other_species1 | recorder | sourceAupdatedURL | sourceBupdatedURL | sourceCupdatedURL | sourceDupdatedURL | species1_common | species1_scientific | species2_common | species2_scientific | uncertain_interaction",26,TRUE,2026-08-24 15:10:47,"schema_1"
"C:/Users/kelly/OneDrive - Michigan State University/Research/MetaNetworksProject/MetaNetworksProject-Working/L0/taxa_checked_raw/Anser_anser_GD_EP.csv","BOW_evidence | effect_sp1_on_sp2 | effect_sp2_on_sp1 | entry_changes | entry_date | interaction | n_studies | name_changes | nonbreedingseason | notesA | notesB | notesC | notesD | OLDsourceA | OLDsourceB | other_species1 | recorder | sourceAupdatedURL | sourceBupdatedURL | sourceCupdatedURL | sourceDupdatedURL | species1_common | species1_scientific | species2_common | species2_scientific | uncertain_interaction",26,TRUE,2026-08-24 15:10:47,"schema_1"
"C:/Users/kelly/OneDrive - Michigan State University/Research/MetaNetworksProject/MetaNetworksProject-Working/L0/taxa_checked_raw/Anser_brachyrhynchus_GD_EP.csv","BOW_evidence | effect_sp1_on_sp2 | effect_sp2_on_sp1 | entry_changes | entry_date | interaction | n_studies | name_changes | nonbreedingseason | notesA | notesB | notesC | notesD | OLDsourceA | OLDsourceB | other_species1 | recorder | sourceAupdatedURL | sourceBupdatedURL | sourceCupdatedURL | sourceDupdatedURL | species1_common | species1_scientific | species2_common | species2_scientific | uncertain_interaction",26,TRUE,2026-08-24 15:10:47,"schema_1"
"C:/Users/kelly/OneDrive - Michigan State University/Research/MetaNetworksProject/MetaNetworksProject-Working/L0/taxa_checked_raw/Anser_caerulescens_EP_IH.csv","BOW_evidence | effect_sp1_on_sp2 | effect_sp2_on_sp1 | entry_changes | entry_date | interaction | n_studies | name_changes | nonbreedingseason | notesA | notesB | notesC | notesD | OLDsourceA | OLDsourceB | other_species1 | recorder | sourceAupdatedURL | sourceBupdatedURL | sourceCupdatedURL | sourceDupdatedURL | species1_common | species1_scientific | species2_common | species2_scientific | uncertain_interaction",26,TRUE,2024-05-15 15:46:12,"schema_1"
"C:/Users/kelly/OneDrive - Michigan State University/Research/MetaNetworksProject/MetaNetworksProject-Working/L0/taxa_checked_raw/Anser_canagicus_IH_EP.csv","BOW_evidence | effect_sp1_on_sp2 | effect_sp2_on_sp1 | entry_changes | entry_date | interaction | n_studies | name_changes | nonbreedingseason | notesA | notesB | notesC | notesD | OLDsourceA | OLDsourceB | other_species1 | recorder | sourceAupdatedURL | sourceBupdatedURL | sourceCupdatedURL | sourceDupdatedURL | species1_common | species1_scientific | species2_common | species2_scientific | uncertain_interaction",26,TRUE,2026-08-24 15:10:47,"schema_1"
"C:/Users/kelly/OneDrive - Michigan State University/Research/MetaNetworksProject/MetaNetworksProject-Working/L0/taxa_checked_raw/Anser_erythropus_GD_EP.csv","BOW_evidence | effect_sp1_on_sp2 | effect_sp2_on_sp1 | entry_changes | entry_date | interaction | n_studies | name_changes | nonbreedingseason | notesA | notesB | notesC | notesD | OLDsourceA | OLDsourceB | other_species1 | recorder | sourceAupdatedURL | sourceBupdatedURL | sourceCupdatedURL | sourceDupdatedURL | species1_common | species1_scientific | species2_common | species2_scientific | uncertain_interaction",26,TRUE,2026-08-24 15:10:47,"schema_1"
"C:/Users/kelly/OneDrive - Michigan State University/Research/MetaNetworksProject/MetaNetworksProject-Working/L0/taxa_checked_raw/Anser_fabalis_GD_EP.csv","BOW_evidence | effect_sp1_on_sp2 | effect_sp2_on_sp1 | entry_changes | entry_date | interaction | n_studies | name_changes | nonbreedingseason | notesA | notesB | notesC | notesD | OLDsourceA | OLDsourceB | other_species1 | recorder | sourceAupdatedURL | sourceBupdatedURL | sourceCupdatedURL | sourceDupdatedURL | species1_common | species1_scientific | species2_common | species2_scientific | uncertain_interaction",26,TRUE,2026-08-24 15:10:47,"schema_1"
"C:/Users/kelly/OneDrive - Michigan State University/Research/MetaNetworksProject/MetaNetworksProject-Working/L0/taxa_checked_raw/Anser_rossii_AH_EP.csv","BOW_evidence | effect_sp1_on_sp2 | effect_sp2_on_sp1 | entry_changes | entry_date | interaction | n_studies | name_changes | nonbreedingseason | notesA | notesB | notesC | notesD | OLDsourceA | OLDsourceB | other_species1 | recorder | sourceAupdatedURL | sourceBupdatedURL | sourceCupdatedURL | sourceDupdatedURL | species1_common | species1_scientific | species2_common | species2_scientific | uncertain_interaction",26,TRUE,2026-08-24 15:10:47,"schema_1"
"C:/Users/kelly/OneDrive - Michigan State University/Research/MetaNetworksProject/MetaNetworksProject-Working/L0/taxa_checked_raw/Anser_serrirostris_GD_EP.csv","BOW_evidence | effect_sp1_on_sp2 | effect_sp2_on_sp1 | entry_changes | entry_date | interaction | n_studies | name_changes | nonbreedingseason | notesA | notesB | notesC | notesD | OLDsourceA | OLDsourceB | other_species1 | recorder | sourceAupdatedURL | sourceBupdatedURL | sourceCupdatedURL | sourceDupdatedURL | species1_common | species1_scientific | species2_common | species2_scientific | uncertain_interaction",26,TRUE,2026-08-24 15:10:47,"schema_1"
"C:/Users/kelly/OneDrive - Michigan State University/Research/MetaNetworksProject/MetaNetworksProject-Working/L0/taxa_checked_raw/Anthus_cervinus_IH_EP.csv","BOW_evidence | effect_sp1_on_sp2 | effect_sp2_on_sp1 | entry_changes | entry_date | interaction | n_studies | name_changes | nonbreedingseason | notesA | notesB | notesC | notesD | OLDsourceA | OLDsourceB | other_species1 | recorder | sourceAupdatedURL | sourceBupdatedURL | sourceCupdatedURL | sourceDupdatedURL | species1_common | species1_scientific | species2_common | species2_scientific | uncertain_interaction",26,TRUE,2026-08-24 15:10:47,"schema_1"
"C:/Users/kelly/OneDrive - Michigan State University/Research/MetaNetworksProject/MetaNetworksProject-Working/L0/taxa_checked_raw/Anthus_rubescens_EP_IH.csv","BOW_evidence | effect_sp1_on_sp2 | effect_sp2_on_sp1 | entry_changes | entry_date | interaction | n_studies | name_changes | nonbreedingseason | notesA | notesB | notesC | notesD | OLDsourceA | OLDsourceB | other_species1 | recorder | sourceAupdatedURL | sourceBupdatedURL | sourceCupdatedURL | sourceDupdatedURL | species1_common | species1_scientific | species2_common | species2_scientific | uncertain_interaction",26,TRUE,2024-05-16 14:31:09,"schema_1"
"C:/Users/kelly/OneDrive - Michigan State University/Research/MetaNetworksProject/MetaNetworksProject-Working/L0/taxa_checked_raw/Anthus_spragueii_AH_EP.csv","BOW_evidence | effect_sp1_on_sp2 | effect_sp2_on_sp1 | entry_changes | entry_date | interaction | n_studies | name_changes | nonbreedingseason | notesA | notesB | notesC | notesD | OLDsourceA | OLDsourceB | other_species1 | recorder | sourceAupdatedURL | sourceBupdatedURL | sourceCupdatedURL | sourceDupdatedURL | species1_common | species1_scientific | species2_common | species2_scientific | uncertain_interaction",26,TRUE,2026-08-24 15:10:47,"schema_1"
"C:/Users/kelly/OneDrive - Michigan State University/Research/MetaNetworksProject/MetaNetworksProject-Working/L0/taxa_checked_raw/Antigone_canadensis_EP_IH.csv","BOW_evidence | effect_sp1_on_sp2 | effect_sp2_on_sp1 | entry_changes | entry_date | interaction | n_studies | name_changes | nonbreedingseason | notesA | notesB | notesC | notesD | OLDsourceA | OLDsourceB | other_species1 | recorder | sourceAupdatedURL | sourceBupdatedURL | sourceCupdatedURL | sourceDupdatedURL | species1_common | species1_scientific | species2_common | species2_scientific | uncertain_interaction",26,TRUE,2024-05-15 16:19:49,"schema_1"
"C:/Users/kelly/OneDrive - Michigan State University/Research/MetaNetworksProject/MetaNetworksProject-Working/L0/taxa_checked_raw/Antrostomus_arizonae_CR_EP.csv","BOW_evidence | effect_sp1_on_sp2 | effect_sp2_on_sp1 | entry_changes | entry_date | interaction | n_studies | name_changes | nonbreedingseason | notesA | notesB | notesC | notesD | OLDsourceA | OLDsourceB | other_species1 | recorder | sourceAupdatedURL | sourceBupdatedURL | sourceCupdatedURL | sourceDupdatedURL | species1_common | species1_scientific | species2_common | species2_scientific | uncertain_interaction",26,TRUE,2026-08-24 15:10:47,"schema_1"
"C:/Users/kelly/OneDrive - Michigan State University/Research/MetaNetworksProject/MetaNetworksProject-Working/L0/taxa_checked_raw/Antrostomus_carolinensis_GD_EP.csv","BOW_evidence | effect_sp1_on_sp2 | effect_sp2_on_sp1 | entry_changes | entry_date | interaction | n_studies | name_changes | nonbreedingseason | notesA | notesB | notesC | notesD | OLDsourceA | OLDsourceB | other_species1 | recorder | sourceAupdatedURL | sourceBupdatedURL | sourceCupdatedURL | sourceDupdatedURL | species1_common | species1_scientific | species2_common | species2_scientific | uncertain_interaction",26,TRUE,2026-08-24 15:10:47,"schema_1"
"C:/Users/kelly/OneDrive - Michigan State University/Research/MetaNetworksProject/MetaNetworksProject-Working/L0/taxa_checked_raw/Antrostomus_vociferus_EP_IH.csv","BOW_evidence | effect_sp1_on_sp2 | effect_sp2_on_sp1 | entry_changes | entry_date | interaction | n_studies | nonbreedingseason | notesA | notesB | notesC | notesD | OLDsourceA | OLDsourceB | recorder | sourceAupdatedURL | sourceBupdatedURL | sourceCupdatedURL | sourceDupdatedURL | species1_common | species1_scientific | species2_common | species2_scientific | uncertain_interaction",24,TRUE,2024-01-26 19:53:02,"schema_2"
"C:/Users/kelly/OneDrive - Michigan State University/Research/MetaNetworksProject/MetaNetworksProject-Working/L0/taxa_checked_raw/aphelocoma_californica.csv","BOW_evidence | effect_sp1_on_sp2 | effect_sp2_on_sp1 | entry_changes | entry_date | interaction | n_studies | nonbreedingseason | notesA | notesB | notesC | notesD | OLDsourceA | OLDsourceB | recorder | sourceAupdatedURL | sourceBupdatedURL | sourceCupdatedURL | sourceDupdatedURL | species1_common | species1_scientific | species2_common | species2_scientific | uncertain_interaction",24,TRUE,2022-12-07 17:56:33,"schema_2"
"C:/Users/kelly/OneDrive - Michigan State University/Research/MetaNetworksProject/MetaNetworksProject-Working/L0/taxa_checked_raw/aphelocoma_coerulescens.csv","BOW_evidence | effect_sp1_on_sp2 | effect_sp2_on_sp1 | entry_changes | entry_date | interaction | n_studies | nonbreedingseason | notesA | notesB | notesC | notesD | OLDsourceA | OLDsourceB | recorder | sourceAupdatedURL | sourceBupdatedURL | sourceCupdatedURL | sourceDupdatedURL | species1_common | species1_scientific | species2_common | species2_scientific | uncertain_interaction",24,TRUE,2022-12-07 17:56:33,"schema_2"
"C:/Users/kelly/OneDrive - Michigan State University/Research/MetaNetworksProject/MetaNetworksProject-Working/L0/taxa_checked_raw/Aphelocoma_insularis_EP_IH.csv","BOW_evidence | effect_sp1_on_sp2 | effect_sp2_on_sp1 | entry_changes | entry_date | interaction | n_studies | name_changes | nonbreedingseason | notesA | notesB | notesC | notesD | OLDsourceA | OLDsourceB | other_species1 | recorder | sourceAupdatedURL | sourceBupdatedURL | sourceCupdatedURL | sourceDupdatedURL | species1_common | species1_scientific | species2_common | species2_scientific | uncertain_interaction",26,TRUE,2024-05-16 14:41:09,"schema_1"
"C:/Users/kelly/OneDrive - Michigan State University/Research/MetaNetworksProject/MetaNetworksProject-Working/L0/taxa_checked_raw/Aphelocoma_ultramarina_GD_IH.csv","BOW_evidence | effect_sp1_on_sp2 | effect_sp2_on_sp1 | entry_changes | entry_date | interaction | n_studies | name_changes | nonbreedingseason | notesA | notesB | notesC | notesD | OLDsourceA | OLDsourceB | other_species1 | recorder | sourceAupdatedURL | sourceBupdatedURL | sourceCupdatedURL | sourceDupdatedURL | species1_common | species1_scientific | species2_common | species2_scientific | uncertain_interaction",26,FALSE,2024-10-28 19:05:38,"schema_1"
"C:/Users/kelly/OneDrive - Michigan State University/Research/MetaNetworksProject/MetaNetworksProject-Working/L0/taxa_checked_raw/Aphelocoma_unicolor_OG_CR.csv","breeding_migration | DatabaseSearchURL | effect_sp1_on_sp2 | effect_sp2_on_sp1 | entry_changes | entry_date | interaction | interaction_strength | name_changes | other_species1 | recorder | source_citation | source_URL | species1_common | species1_lifestage | species1_scientific | species2_common | species2_lifestage | species2_scientific | text_excerpt | time_of_year | uncertain_interaction",22,TRUE,2025-11-04 17:10:28,"schema_3"
"C:/Users/kelly/OneDrive - Michigan State University/Research/MetaNetworksProject/MetaNetworksProject-Working/L0/taxa_checked_raw/aphelocoma_wollweberi.csv","BOW_evidence | effect_sp1_on_sp2 | effect_sp2_on_sp1 | entry_changes | entry_date | interaction | n_studies | nonbreedingseason | notesA | notesB | notesC | notesD | OLDsourceA | OLDsourceB | recorder | sourceAupdatedURL | sourceBupdatedURL | sourceCupdatedURL | sourceDupdatedURL | species1_common | species1_scientific | species2_common | species2_scientific | uncertain_interaction",24,TRUE,2022-12-07 17:56:33,"schema_2"
"C:/Users/kelly/OneDrive - Michigan State University/Research/MetaNetworksProject/MetaNetworksProject-Working/L0/taxa_checked_raw/Aphelocoma_woodhouseii_EP_IH.csv","BOW_evidence | effect_sp1_on_sp2 | effect_sp2_on_sp1 | entry_changes | entry_date | interaction | n_studies | name_changes | nonbreedingseason | notesA | notesB | notesC | notesD | OLDsourceA | OLDsourceB | other_species1 | recorder | sourceAupdatedURL | sourceBupdatedURL | sourceCupdatedURL | sourceDupdatedURL | species1_common | species1_scientific | species2_common | species2_scientific | uncertain_interaction",26,TRUE,2024-08-01 18:28:12,"schema_1"
"C:/Users/kelly/OneDrive - Michigan State University/Research/MetaNetworksProject/MetaNetworksProject-Working/L0/taxa_checked_raw/aquila_chrysaetos.csv","BOW_evidence | effect_sp1_on_sp2 | effect_sp2_on_sp1 | entry_changes | entry_date | interaction | n_studies | nonbreedingseason | notesA | notesB | notesC | notesD | OLDsourceA | OLDsourceB | recorder | sourceAupdatedURL | sourceBupdatedURL | sourceCupdatedURL | sourceDupdatedURL | species1_common | species1_scientific | species2_common | species2_scientific | uncertain_interaction",24,TRUE,2022-12-07 17:56:33,"schema_2"
"C:/Users/kelly/OneDrive - Michigan State University/Research/MetaNetworksProject/MetaNetworksProject-Working/L0/taxa_checked_raw/Aramus_guarauna_EP_IH.csv","BOW_evidence | effect_sp1_on_sp2 | effect_sp2_on_sp1 | entry_changes | entry_date | interaction | n_studies | name_changes | nonbreedingseason | notesA | notesB | notesC | notesD | OLDsourceA | OLDsourceB | other_species1 | recorder | sourceAupdatedURL | sourceBupdatedURL | sourceCupdatedURL | sourceDupdatedURL | species1_common | species1_scientific | species2_common | species2_scientific | uncertain_interaction",26,TRUE,2024-02-16 17:22:14,"schema_1"
"C:/Users/kelly/OneDrive - Michigan State University/Research/MetaNetworksProject/MetaNetworksProject-Working/L0/taxa_checked_raw/Aratinga_nenday_CR_EP.csv","BOW_evidence | effect_sp1_on_sp2 | effect_sp2_on_sp1 | entry_changes | entry_date | interaction | n_studies | name_changes | nonbreedingseason | notesA | notesB | notesC | notesD | OLDsourceA | OLDsourceB | other_species1 | recorder | sourceAupdatedURL | sourceBupdatedURL | sourceCupdatedURL | sourceDupdatedURL | species1_common | species1_scientific | species2_common | species2_scientific | uncertain_interaction",26,TRUE,2026-08-24 15:10:47,"schema_1"
"C:/Users/kelly/OneDrive - Michigan State University/Research/MetaNetworksProject/MetaNetworksProject-Working/L0/taxa_checked_raw/Archilochus_alexandri_EP_IH.csv","BOW_evidence | effect_sp1_on_sp2 | effect_sp2_on_sp1 | entry_changes | entry_date | interaction | n_studies | name_changes | nonbreedingseason | notesA | notesB | notesC | notesD | OLDsourceA | OLDsourceB | other_species1 | recorder | sourceAupdatedURL | sourceBupdatedURL | sourceCupdatedURL | sourceDupdatedURL | species1_common | species1_scientific | species2_common | species2_scientific | uncertain_interaction",26,TRUE,2024-05-23 16:24:22,"schema_1"
"C:/Users/kelly/OneDrive - Michigan State University/Research/MetaNetworksProject/MetaNetworksProject-Working/L0/taxa_checked_raw/archilochus_colubris.csv","BOW_evidence | effect_sp1_on_sp2 | effect_sp2_on_sp1 | entry_changes | entry_date | interaction | n_studies | nonbreedingseason | notesA | notesB | notesC | notesD | OLDsourceA | OLDsourceB | recorder | sourceAupdatedURL | sourceBupdatedURL | sourceCupdatedURL | sourceDupdatedURL | species1_common | species1_scientific | species2_common | species2_scientific | uncertain_interaction",24,TRUE,2022-12-07 17:56:33,"schema_2"
"C:/Users/kelly/OneDrive - Michigan State University/Research/MetaNetworksProject/MetaNetworksProject-Working/L0/taxa_checked_raw/Ardea_alba_EP_IH.csv","BOW_evidence | effect_sp1_on_sp2 | effect_sp2_on_sp1 | entry_changes | entry_date | interaction | n_studies | name_changes | nonbreedingseason | notesA | notesB | notesC | notesD | OLDsourceA | OLDsourceB | other_species1 | recorder | sourceAupdatedURL | sourceBupdatedURL | sourceCupdatedURL | sourceDupdatedURL | species1_common | species1_scientific | species2_common | species2_scientific | uncertain_interaction",26,TRUE,2024-05-16 18:27:54,"schema_1"
"C:/Users/kelly/OneDrive - Michigan State University/Research/MetaNetworksProject/MetaNetworksProject-Working/L0/taxa_checked_raw/ardea_herodias.csv","BOW_evidence | effect_sp1_on_sp2 | effect_sp2_on_sp1 | entry_changes | entry_date | interaction | n_studies | nonbreedingseason | notesA | notesB | notesC | notesD | OLDsourceA | OLDsourceB | recorder | sourceAupdatedURL | sourceBupdatedURL | sourceCupdatedURL | sourceDupdatedURL | species1_common | species1_scientific | species2_common | species2_scientific | uncertain_interaction",24,TRUE,2022-12-07 17:56:33,"schema_2"
"C:/Users/kelly/OneDrive - Michigan State University/Research/MetaNetworksProject/MetaNetworksProject-Working/L0/taxa_checked_raw/Arenaria_interpres_EP_IH.csv","BOW_evidence | effect_sp1_on_sp2 | effect_sp2_on_sp1 | entry_changes | entry_date | interaction | n_studies | name_changes | nonbreedingseason | notesA | notesB | notesC | notesD | OLDsourceA | OLDsourceB | other_species1 | recorder | sourceAupdatedURL | sourceBupdatedURL | sourceCupdatedURL | sourceDupdatedURL | species1_common | species1_scientific | species2_common | species2_scientific | uncertain_interaction",26,TRUE,2024-05-23 17:04:10,"schema_1"
"C:/Users/kelly/OneDrive - Michigan State University/Research/MetaNetworksProject/MetaNetworksProject-Working/L0/taxa_checked_raw/Arenaria_melanocephala_CR_EP.csv","BOW_evidence | effect_sp1_on_sp2 | effect_sp2_on_sp1 | entry_changes | entry_date | interaction | n_studies | name_changes | nonbreedingseason | notesA | notesB | notesC | notesD | OLDsourceA | OLDsourceB | other_species1 | recorder | sourceAupdatedURL | sourceBupdatedURL | sourceCupdatedURL | sourceDupdatedURL | species1_common | species1_scientific | species2_common | species2_scientific | uncertain_interaction",26,TRUE,2026-08-24 15:10:47,"schema_1"
"C:/Users/kelly/OneDrive - Michigan State University/Research/MetaNetworksProject/MetaNetworksProject-Working/L0/taxa_checked_raw/Arremonops_rufivirgatus_AH_EP.csv","BOW_evidence | effect_sp1_on_sp2 | effect_sp2_on_sp1 | entry_changes | entry_date | interaction | n_studies | name_changes | nonbreedingseason | notesA | notesB | notesC | notesD | OLDsourceA | OLDsourceB | other_species1 | recorder | sourceAupdatedURL | sourceBupdatedURL | sourceCupdatedURL | sourceDupdatedURL | species1_common | species1_scientific | species2_common | species2_scientific | uncertain_interaction",26,TRUE,2026-08-24 15:10:47,"schema_1"
"C:/Users/kelly/OneDrive - Michigan State University/Research/MetaNetworksProject/MetaNetworksProject-Working/L0/taxa_checked_raw/Artemisiospiza_belli_CR_EP.csv","BOW_evidence | effect_sp1_on_sp2 | effect_sp2_on_sp1 | entry_changes | entry_date | interaction | n_studies | name_changes | nonbreedingseason | notesA | notesB | notesC | notesD | OLDsourceA | OLDsourceB | other_species1 | recorder | sourceAupdatedURL | sourceBupdatedURL | sourceCupdatedURL | sourceDupdatedURL | species1_common | species1_scientific | species2_common | species2_scientific | uncertain_interaction",26,TRUE,2026-08-24 15:10:47,"schema_1"
"C:/Users/kelly/OneDrive - Michigan State University/Research/MetaNetworksProject/MetaNetworksProject-Working/L0/taxa_checked_raw/Artemisiospiza_nevadensis_CR_EP.csv","BOW_evidence | effect_sp1_on_sp2 | effect_sp2_on_sp1 | entry_changes | entry_date | interaction | n_studies | name_changes | nonbreedingseason | notesA | notesB | notesC | notesD | OLDsourceA | OLDsourceB | other_species1 | recorder | sourceAupdatedURL | sourceBupdatedURL | sourceCupdatedURL | sourceDupdatedURL | species1_common | species1_scientific | species2_common | species2_scientific | uncertain_interaction",26,TRUE,2026-08-24 15:10:47,"schema_1"
"C:/Users/kelly/OneDrive - Michigan State University/Research/MetaNetworksProject/MetaNetworksProject-Working/L0/taxa_checked_raw/Asio_clamator_AJ_IH.csv","BOW_evidence | effect_sp1_on_sp2 | effect_sp2_on_sp1 | entry_changes | entry_date | interaction | n_studies | name_changes | nonbreedingseason | notesA | notesB | notesC | notesD | OLDsourceA | OLDsourceB | other_species1 | recorder | sourceAupdatedURL | sourceBupdatedURL | sourceCupdatedURL | sourceDupdatedURL | species1_common | species1_scientific | species2_common | species2_scientific | uncertain_interaction",26,FALSE,2024-10-28 19:05:38,"schema_1"
"C:/Users/kelly/OneDrive - Michigan State University/Research/MetaNetworksProject/MetaNetworksProject-Working/L0/taxa_checked_raw/asio_flammeus_JZ_PLZ.csv","BOW_evidence | effect_sp1_on_sp2 | effect_sp2_on_sp1 | entry_changes | entry_date | interaction | n_studies | nonbreedingseason | notesA | notesB | notesC | notesD | OLDsourceA | OLDsourceB | recorder | sourceAupdatedURL | sourceBupdatedURL | sourceCupdatedURL | sourceDupdatedURL | species1_common | species1_scientific | species2_common | species2_scientific | uncertain_interaction",24,TRUE,2026-08-24 15:10:47,"schema_2"
"C:/Users/kelly/OneDrive - Michigan State University/Research/MetaNetworksProject/MetaNetworksProject-Working/L0/taxa_checked_raw/Asio_otus_EP_IH.csv","BOW_evidence | effect_sp1_on_sp2 | effect_sp2_on_sp1 | entry_changes | entry_date | interaction | n_studies | name_changes | nonbreedingseason | notesA | notesB | notesC | notesD | OLDsourceA | OLDsourceB | other_species1 | recorder | sourceAupdatedURL | sourceBupdatedURL | sourceCupdatedURL | sourceDupdatedURL | species1_common | species1_scientific | species2_common | species2_scientific | uncertain_interaction",26,TRUE,2024-08-01 18:26:24,"schema_1"
"C:/Users/kelly/OneDrive - Michigan State University/Research/MetaNetworksProject/MetaNetworksProject-Working/L0/taxa_checked_raw/Aspatha_gularis_AF_IH.csv","BOW_evidence | effect_sp1_on_sp2 | effect_sp2_on_sp1 | entry_changes | entry_date | interaction | n_studies | name_changes | nonbreedingseason | notesA | notesB | notesC | notesD | OLDsourceA | OLDsourceB | other_species1 | recorder | sourceAupdatedURL | sourceBupdatedURL | sourceCupdatedURL | sourceDupdatedURL | species1_common | species1_scientific | species2_common | species2_scientific | uncertain_interaction",26,FALSE,2024-10-28 19:05:38,"schema_1"
"C:/Users/kelly/OneDrive - Michigan State University/Research/MetaNetworksProject/MetaNetworksProject-Working/L0/taxa_checked_raw/athene_cunicularia.csv","BOW_evidence | effect_sp1_on_sp2 | effect_sp2_on_sp1 | entry_changes | entry_date | interaction | n_studies | nonbreedingseason | notesA | notesB | notesC | notesD | OLDsourceA | OLDsourceB | recorder | sourceAupdatedURL | sourceBupdatedURL | sourceCupdatedURL | sourceDupdatedURL | species1_common | species1_scientific | species2_common | species2_scientific | uncertain_interaction",24,TRUE,2022-12-07 17:56:33,"schema_2"
"C:/Users/kelly/OneDrive - Michigan State University/Research/MetaNetworksProject/MetaNetworksProject-Working/L0/taxa_checked_raw/Atlapetes_albinucha_VS_LM.csv","breeding_migration | DatabaseSearchURL | effect_sp1_on_sp2 | effect_sp2_on_sp1 | entry_changes | entry_date | interaction | interaction_strength | name_changes | other_species1 | recorder | source_citation | source_URL | species1_common | species1_lifestage | species1_scientific | species2_common | species2_lifestage | species2_scientific | text_excerpt | time_of_year | uncertain_interaction",22,TRUE,2026-08-24 15:10:47,"schema_3"
"C:/Users/kelly/OneDrive - Michigan State University/Research/MetaNetworksProject/MetaNetworksProject-Working/L0/taxa_checked_raw/Auriparus_flaviceps_EP_IH.csv","BOW_evidence | effect_sp1_on_sp2 | effect_sp2_on_sp1 | entry_changes | entry_date | interaction | n_studies | name_changes | nonbreedingseason | notesA | notesB | notesC | notesD | OLDsourceA | OLDsourceB | other_species1 | recorder | sourceAupdatedURL | sourceBupdatedURL | sourceCupdatedURL | sourceDupdatedURL | species1_common | species1_scientific | species2_common | species2_scientific | uncertain_interaction",26,TRUE,2024-06-29 17:34:14,"schema_1"
"C:/Users/kelly/OneDrive - Michigan State University/Research/MetaNetworksProject/MetaNetworksProject-Working/L0/taxa_checked_raw/Aythya_affinis_JZ_EP.csv","BOW_evidence | effect_sp1_on_sp2 | effect_sp2_on_sp1 | entry_changes | entry_date | interaction | n_studies | nonbreedingseason | notesA | notesB | notesC | notesD | OLDsourceA | OLDsourceB | recorder | sourceAupdatedURL | sourceBupdatedURL | sourceCupdatedURL | sourceDupdatedURL | species1_common | species1_scientific | species2_common | species2_scientific | uncertain_interaction",24,TRUE,2026-08-24 15:10:47,"schema_2"
"C:/Users/kelly/OneDrive - Michigan State University/Research/MetaNetworksProject/MetaNetworksProject-Working/L0/taxa_checked_raw/aythya_americana.csv","BOW_evidence | effect_sp1_on_sp2 | effect_sp2_on_sp1 | entry_changes | entry_date | interaction | n_studies | nonbreedingseason | notesA | notesB | notesC | notesD | OLDsourceA | OLDsourceB | recorder | sourceAupdatedURL | sourceBupdatedURL | sourceCupdatedURL | sourceDupdatedURL | species1_common | species1_scientific | species2_common | species2_scientific | uncertain_interaction",24,TRUE,2023-12-08 17:44:04,"schema_2"
"C:/Users/kelly/OneDrive - Michigan State University/Research/MetaNetworksProject/MetaNetworksProject-Working/L0/taxa_checked_raw/Aythya_collaris_IH_EP.csv","BOW_evidence | effect_sp1_on_sp2 | effect_sp2_on_sp1 | entry_changes | entry_date | interaction | n_studies | nonbreedingseason | notesA | notesB | notesC | notesD | OLDsourceA | OLDsourceB | recorder | sourceAupdatedURL | sourceBupdatedURL | sourceCupdatedURL | sourceDupdatedURL | species1_common | species1_scientific | species2_common | species2_scientific | uncertain_interaction",24,TRUE,2026-08-24 15:10:47,"schema_2"
"C:/Users/kelly/OneDrive - Michigan State University/Research/MetaNetworksProject/MetaNetworksProject-Working/L0/taxa_checked_raw/Aythya_ferina_GD_EP.csv","BOW_evidence | effect_sp1_on_sp2 | effect_sp2_on_sp1 | entry_changes | entry_date | interaction | n_studies | name_changes | nonbreedingseason | notesA | notesB | notesC | notesD | OLDsourceA | OLDsourceB | other_species1 | recorder | sourceAupdatedURL | sourceBupdatedURL | sourceCupdatedURL | sourceDupdatedURL | species1_common | species1_scientific | species2_common | species2_scientific | uncertain_interaction",26,TRUE,2026-08-24 15:10:47,"schema_1"
"C:/Users/kelly/OneDrive - Michigan State University/Research/MetaNetworksProject/MetaNetworksProject-Working/L0/taxa_checked_raw/Aythya_fuligula_GD_EP.csv","BOW_evidence | effect_sp1_on_sp2 | effect_sp2_on_sp1 | entry_changes | entry_date | interaction | n_studies | name_changes | nonbreedingseason | notesA | notesB | notesC | notesD | OLDsourceA | OLDsourceB | other_species1 | recorder | sourceAupdatedURL | sourceBupdatedURL | sourceCupdatedURL | sourceDupdatedURL | species1_common | species1_scientific | species2_common | species2_scientific | uncertain_interaction",26,TRUE,2026-08-24 15:10:47,"schema_1"
"C:/Users/kelly/OneDrive - Michigan State University/Research/MetaNetworksProject/MetaNetworksProject-Working/L0/taxa_checked_raw/aythya_marila.csv","BOW_evidence | effect_sp1_on_sp2 | effect_sp2_on_sp1 | entry_changes | entry_date | interaction | n_studies | nonbreedingseason | notesA | notesB | notesC | notesD | OLDsourceA | OLDsourceB | recorder | sourceAupdatedURL | sourceBupdatedURL | sourceCupdatedURL | sourceDupdatedURL | species1_common | species1_scientific | species2_common | species2_scientific | uncertain_interaction",24,TRUE,2023-12-08 17:44:04,"schema_2"
"C:/Users/kelly/OneDrive - Michigan State University/Research/MetaNetworksProject/MetaNetworksProject-Working/L0/taxa_checked_raw/aythya_valisineria.csv","BOW_evidence | effect_sp1_on_sp2 | effect_sp2_on_sp1 | entry_changes | entry_date | interaction | n_studies | nonbreedingseason | notesA | notesB | notesC | notesD | OLDsourceA | OLDsourceB | recorder | sourceAupdatedURL | sourceBupdatedURL | sourceCupdatedURL | sourceDupdatedURL | species1_common | species1_scientific | species2_common | species2_scientific | uncertain_interaction",24,TRUE,2023-12-08 17:44:04,"schema_2"
"C:/Users/kelly/OneDrive - Michigan State University/Research/MetaNetworksProject/MetaNetworksProject-Working/L0/taxa_checked_raw/baeolophus_atricristatus.csv","BOW_evidence | effect_sp1_on_sp2 | effect_sp2_on_sp1 | entry_changes | entry_date | interaction | n_studies | nonbreedingseason | notesA | notesB | notesC | notesD | OLDsourceA | OLDsourceB | recorder | sourceAupdatedURL | sourceBupdatedURL | sourceCupdatedURL | sourceDupdatedURL | species1_common | species1_scientific | species2_common | species2_scientific | uncertain_interaction",24,TRUE,2022-12-07 17:56:33,"schema_2"
"C:/Users/kelly/OneDrive - Michigan State University/Research/MetaNetworksProject/MetaNetworksProject-Working/L0/taxa_checked_raw/baeolophus_bicolor.csv","BOW_evidence | effect_sp1_on_sp2 | effect_sp2_on_sp1 | entry_changes | entry_date | interaction | n_studies | nonbreedingseason | notesA | notesB | notesC | notesD | OLDsourceA | OLDsourceB | recorder | sourceAupdatedURL | sourceBupdatedURL | sourceCupdatedURL | sourceDupdatedURL | species1_common | species1_scientific | species2_common | species2_scientific | uncertain_interaction",24,TRUE,2022-12-07 17:56:33,"schema_2"
"C:/Users/kelly/OneDrive - Michigan State University/Research/MetaNetworksProject/MetaNetworksProject-Working/L0/taxa_checked_raw/baeolophus_inornatus.csv","BOW_evidence | effect_sp1_on_sp2 | effect_sp2_on_sp1 | entry_changes | entry_date | interaction | n_studies | nonbreedingseason | notesA | notesB | notesC | notesD | OLDsourceA | OLDsourceB | recorder | sourceAupdatedURL | sourceBupdatedURL | sourceCupdatedURL | sourceDupdatedURL | species1_common | species1_scientific | species2_common | species2_scientific | uncertain_interaction",24,TRUE,2022-12-07 17:56:33,"schema_2"
"C:/Users/kelly/OneDrive - Michigan State University/Research/MetaNetworksProject/MetaNetworksProject-Working/L0/taxa_checked_raw/baeolophus_ridgwayi.csv","BOW_evidence | effect_sp1_on_sp2 | effect_sp2_on_sp1 | entry_changes | entry_date | interaction | n_studies | nonbreedingseason | notesA | notesB | notesC | notesD | OLDsourceA | OLDsourceB | recorder | sourceAupdatedURL | sourceBupdatedURL | sourceCupdatedURL | sourceDupdatedURL | species1_common | species1_scientific | species2_common | species2_scientific | uncertain_interaction",24,TRUE,2022-12-07 17:56:33,"schema_2"
"C:/Users/kelly/OneDrive - Michigan State University/Research/MetaNetworksProject/MetaNetworksProject-Working/L0/taxa_checked_raw/baeolophus_wollweberi.csv","BOW_evidence | effect_sp1_on_sp2 | effect_sp2_on_sp1 | entry_changes | entry_date | interaction | n_studies | nonbreedingseason | notesA | notesB | notesC | notesD | OLDsourceA | OLDsourceB | recorder | sourceAupdatedURL | sourceBupdatedURL | sourceCupdatedURL | sourceDupdatedURL | species1_common | species1_scientific | species2_common | species2_scientific | uncertain_interaction",24,TRUE,2022-12-07 17:56:33,"schema_2"
"C:/Users/kelly/OneDrive - Michigan State University/Research/MetaNetworksProject/MetaNetworksProject-Working/L0/taxa_checked_raw/Bartramia_longicauda_EP_IH.csv","BOW_evidence | effect_sp1_on_sp2 | effect_sp2_on_sp1 | entry_changes | entry_date | interaction | n_studies | name_changes | nonbreedingseason | notesA | notesB | notesC | notesD | OLDsourceA | OLDsourceB | other_species1 | recorder | sourceAupdatedURL | sourceBupdatedURL | sourceCupdatedURL | sourceDupdatedURL | species1_common | species1_scientific | species2_common | species2_scientific | uncertain_interaction",26,TRUE,2024-08-01 18:15:43,"schema_1"
"C:/Users/kelly/OneDrive - Michigan State University/Research/MetaNetworksProject/MetaNetworksProject-Working/L0/taxa_checked_raw/bombycilla_cedrorum.csv","BOW_evidence | effect_sp1_on_sp2 | effect_sp2_on_sp1 | entry_changes | entry_date | interaction | n_studies | nonbreedingseason | notesA | notesB | notesC | notesD | OLDsourceA | OLDsourceB | recorder | sourceAupdatedURL | sourceBupdatedURL | sourceCupdatedURL | sourceDupdatedURL | species1_common | species1_scientific | species2_common | species2_scientific | uncertain_interaction",24,TRUE,2023-12-08 17:44:04,"schema_2"
"C:/Users/kelly/OneDrive - Michigan State University/Research/MetaNetworksProject/MetaNetworksProject-Working/L0/taxa_checked_raw/Bombycilla_garrulus_IH_EP.csv","BOW_evidence | effect_sp1_on_sp2 | effect_sp2_on_sp1 | entry_changes | entry_date | interaction | n_studies | name_changes | nonbreedingseason | notesA | notesB | notesC | notesD | OLDsourceA | OLDsourceB | other_species1 | recorder | sourceAupdatedURL | sourceBupdatedURL | sourceCupdatedURL | sourceDupdatedURL | species1_common | species1_scientific | species2_common | species2_scientific | uncertain_interaction",26,TRUE,2026-08-24 15:10:47,"schema_1"
"C:/Users/kelly/OneDrive - Michigan State University/Research/MetaNetworksProject/MetaNetworksProject-Working/L0/taxa_checked_raw/Botaurus_lentiginosus_CR_EP.csv","BOW_evidence | effect_sp1_on_sp2 | effect_sp2_on_sp1 | entry_changes | entry_date | interaction | n_studies | name_changes | nonbreedingseason | notesA | notesB | notesC | notesD | OLDsourceA | OLDsourceB | other_species1 | recorder | sourceAupdatedURL | sourceBupdatedURL | sourceCupdatedURL | sourceDupdatedURL | species1_common | species1_scientific | species2_common | species2_scientific | uncertain_interaction",26,TRUE,2026-08-24 15:10:47,"schema_1"
"C:/Users/kelly/OneDrive - Michigan State University/Research/MetaNetworksProject/MetaNetworksProject-Working/L0/taxa_checked_raw/Brachyramphus_brevirostris_CR_EP.csv","BOW_evidence | effect_sp1_on_sp2 | effect_sp2_on_sp1 | entry_changes | entry_date | interaction | n_studies | name_changes | nonbreedingseason | notesA | notesB | notesC | notesD | OLDsourceA | OLDsourceB | other_species1 | recorder | sourceAupdatedURL | sourceBupdatedURL | sourceCupdatedURL | sourceDupdatedURL | species1_common | species1_scientific | species2_common | species2_scientific | uncertain_interaction",26,TRUE,2026-08-24 15:10:47,"schema_1"
"C:/Users/kelly/OneDrive - Michigan State University/Research/MetaNetworksProject/MetaNetworksProject-Working/L0/taxa_checked_raw/Brachyramphus_marmoratus_EP_IH.csv","BOW_evidence | effect_sp1_on_sp2 | effect_sp2_on_sp1 | entry_changes | entry_date | interaction | n_studies | name_changes | nonbreedingseason | notesA | notesB | notesC | notesD | OLDsourceA | OLDsourceB | other_species1 | recorder | sourceAupdatedURL | sourceBupdatedURL | sourceCupdatedURL | sourceDupdatedURL | species1_common | species1_scientific | species2_common | species2_scientific | uncertain_interaction",26,TRUE,2024-08-01 18:29:46,"schema_1"
"C:/Users/kelly/OneDrive - Michigan State University/Research/MetaNetworksProject/MetaNetworksProject-Working/L0/taxa_checked_raw/Branta_bernicla_EP.csv","BOW_evidence | effect_sp1_on_sp2 | effect_sp2_on_sp1 | entry_changes | entry_date | interaction | n_studies | name_changes | nonbreedingseason | notesA | notesB | notesC | notesD | OLDsourceA | OLDsourceB | other_species1 | recorder | sourceAupdatedURL | sourceBupdatedURL | sourceCupdatedURL | sourceDupdatedURL | species1_common | species1_scientific | species2_common | species2_scientific | uncertain_interaction",26,TRUE,2026-08-24 15:10:47,"schema_1"
"C:/Users/kelly/OneDrive - Michigan State University/Research/MetaNetworksProject/MetaNetworksProject-Working/L0/taxa_checked_raw/Branta_hutchinsii_IH_EP.csv","BOW_evidence | effect_sp1_on_sp2 | effect_sp2_on_sp1 | entry_changes | entry_date | interaction | n_studies | name_changes | nonbreedingseason | notesA | notesB | notesC | notesD | OLDsourceA | OLDsourceB | other_species1 | recorder | sourceAupdatedURL | sourceBupdatedURL | sourceCupdatedURL | sourceDupdatedURL | species1_common | species1_scientific | species2_common | species2_scientific | uncertain_interaction",26,TRUE,2026-08-24 15:10:47,"schema_1"
"C:/Users/kelly/OneDrive - Michigan State University/Research/MetaNetworksProject/MetaNetworksProject-Working/L0/taxa_checked_raw/Branta_leucopsis_GD_EP.csv","BOW_evidence | effect_sp1_on_sp2 | effect_sp2_on_sp1 | entry_changes | entry_date | interaction | n_studies | name_changes | nonbreedingseason | notesA | notesB | notesC | notesD | OLDsourceA | OLDsourceB | other_species1 | recorder | sourceAupdatedURL | sourceBupdatedURL | sourceCupdatedURL | sourceDupdatedURL | species1_common | species1_scientific | species2_common | species2_scientific | uncertain_interaction",26,TRUE,2026-08-24 15:10:47,"schema_1"
"C:/Users/kelly/OneDrive - Michigan State University/Research/MetaNetworksProject/MetaNetworksProject-Working/L0/taxa_checked_raw/Branta_sandvicensis_CR_EP.csv","BOW_evidence | effect_sp1_on_sp2 | effect_sp2_on_sp1 | entry_changes | entry_date | interaction | n_studies | name_changes | nonbreedingseason | notesA | notesB | notesC | notesD | OLDsourceA | OLDsourceB | other_species1 | recorder | sourceAupdatedURL | sourceBupdatedURL | sourceCupdatedURL | sourceDupdatedURL | species1_common | species1_scientific | species2_common | species2_scientific | uncertain_interaction",26,TRUE,2026-08-24 15:10:47,"schema_1"
"C:/Users/kelly/OneDrive - Michigan State University/Research/MetaNetworksProject/MetaNetworksProject-Working/L0/taxa_checked_raw/Brotogeris_chiriri_CR_EP.csv","BOW_evidence | effect_sp1_on_sp2 | effect_sp2_on_sp1 | entry_changes | entry_date | interaction | n_studies | name_changes | nonbreedingseason | notesA | notesB | notesC | notesD | OLDsourceA | OLDsourceB | other_species1 | recorder | sourceAupdatedURL | sourceBupdatedURL | sourceCupdatedURL | sourceDupdatedURL | species1_common | species1_scientific | species2_common | species2_scientific | uncertain_interaction",26,TRUE,2026-08-24 15:10:47,"schema_1"
"C:/Users/kelly/OneDrive - Michigan State University/Research/MetaNetworksProject/MetaNetworksProject-Working/L0/taxa_checked_raw/Bubo_scandiacus_IH_EP.csv","BOW_evidence | effect_sp1_on_sp2 | effect_sp2_on_sp1 | entry_changes | entry_date | interaction | n_studies | name_changes | nonbreedingseason | notesA | notesB | notesC | notesD | OLDsourceA | OLDsourceB | other_species1 | recorder | sourceAupdatedURL | sourceBupdatedURL | sourceCupdatedURL | sourceDupdatedURL | species1_common | species1_scientific | species2_common | species2_scientific | uncertain_interaction",26,TRUE,2026-08-24 15:10:47,"schema_1"
"C:/Users/kelly/OneDrive - Michigan State University/Research/MetaNetworksProject/MetaNetworksProject-Working/L0/taxa_checked_raw/bubo_virginianus.csv","BOW_evidence | effect_sp1_on_sp2 | effect_sp2_on_sp1 | entry_changes | entry_date | interaction | n_studies | nonbreedingseason | notesA | notesB | notesC | notesD | OLDsourceA | OLDsourceB | recorder | sourceAupdatedURL | sourceBupdatedURL | sourceCupdatedURL | sourceDupdatedURL | species1_common | species1_scientific | species2_common | species2_scientific | uncertain_interaction",24,TRUE,2022-12-07 17:56:33,"schema_2"
"C:/Users/kelly/OneDrive - Michigan State University/Research/MetaNetworksProject/MetaNetworksProject-Working/L0/taxa_checked_raw/Bubulcus_coromandus_EP_IH.csv","BOW_evidence | effect_sp1_on_sp2 | effect_sp2_on_sp1 | entry_changes | entry_date | interaction | n_studies | name_changes | nonbreedingseason | notesA | notesB | notesC | notesD | OLDsourceA | OLDsourceB | other_species1 | recorder | sourceAupdatedURL | sourceBupdatedURL | sourceCupdatedURL | sourceDupdatedURL | species1_common | species1_scientific | species2_common | species2_scientific | uncertain_interaction",26,TRUE,2024-07-06 20:21:25,"schema_1"
"C:/Users/kelly/OneDrive - Michigan State University/Research/MetaNetworksProject/MetaNetworksProject-Working/L0/taxa_checked_raw/Bubulcus_ibis_EP_IH.csv","BOW_evidence | effect_sp1_on_sp2 | effect_sp2_on_sp1 | entry_changes | entry_date | interaction | n_studies | name_changes | nonbreedingseason | notesA | notesB | notesC | notesD | OLDsourceA | OLDsourceB | other_species1 | recorder | sourceAupdatedURL | sourceBupdatedURL | sourceCupdatedURL | sourceDupdatedURL | species1_common | species1_scientific | species2_common | species2_scientific | uncertain_interaction",26,TRUE,2024-07-06 20:20:18,"schema_1"
"C:/Users/kelly/OneDrive - Michigan State University/Research/MetaNetworksProject/MetaNetworksProject-Working/L0/taxa_checked_raw/bucephala_albeola.csv","BOW_evidence | effect_sp1_on_sp2 | effect_sp2_on_sp1 | entry_changes | entry_date | interaction | n_studies | nonbreedingseason | notesA | notesB | notesC | notesD | OLDsourceA | OLDsourceB | recorder | sourceAupdatedURL | sourceBupdatedURL | sourceCupdatedURL | sourceDupdatedURL | species1_common | species1_scientific | species2_common | species2_scientific | uncertain_interaction",24,TRUE,2022-12-07 17:56:33,"schema_2"
"C:/Users/kelly/OneDrive - Michigan State University/Research/MetaNetworksProject/MetaNetworksProject-Working/L0/taxa_checked_raw/bucephala_clangula.csv","BOW_evidence | effect_sp1_on_sp2 | effect_sp2_on_sp1 | entry_changes | entry_date | interaction | n_studies | nonbreedingseason | notesA | notesB | notesC | notesD | OLDsourceA | OLDsourceB | recorder | sourceAupdatedURL | sourceBupdatedURL | sourceCupdatedURL | sourceDupdatedURL | species1_common | species1_scientific | species2_common | species2_scientific | uncertain_interaction",24,TRUE,2022-12-07 17:56:33,"schema_2"
"C:/Users/kelly/OneDrive - Michigan State University/Research/MetaNetworksProject/MetaNetworksProject-Working/L0/taxa_checked_raw/bucephala_islandica.csv","BOW_evidence | effect_sp1_on_sp2 | effect_sp2_on_sp1 | entry_changes | entry_date | interaction | n_studies | nonbreedingseason | notesA | notesB | notesC | notesD | OLDsourceA | OLDsourceB | recorder | sourceAupdatedURL | sourceBupdatedURL | sourceCupdatedURL | sourceDupdatedURL | species1_common | species1_scientific | species2_common | species2_scientific | uncertain_interaction",24,TRUE,2022-12-07 17:56:33,"schema_2"
"C:/Users/kelly/OneDrive - Michigan State University/Research/MetaNetworksProject/MetaNetworksProject-Working/L0/taxa_checked_raw/buteo_albonotatus.csv","BOW_evidence | effect_sp1_on_sp2 | effect_sp2_on_sp1 | entry_changes | entry_date | interaction | n_studies | nonbreedingseason | notesA | notesB | notesC | notesD | OLDsourceA | OLDsourceB | recorder | sourceAupdatedURL | sourceBupdatedURL | sourceCupdatedURL | sourceDupdatedURL | species1_common | species1_scientific | species2_common | species2_scientific | uncertain_interaction",24,TRUE,2022-12-07 17:56:33,"schema_2"
"C:/Users/kelly/OneDrive - Michigan State University/Research/MetaNetworksProject/MetaNetworksProject-Working/L0/taxa_checked_raw/buteo_brachyurus.csv","BOW_evidence | effect_sp1_on_sp2 | effect_sp2_on_sp1 | entry_changes | entry_date | interaction | n_studies | nonbreedingseason | notesA | notesB | notesC | notesD | OLDsourceA | OLDsourceB | recorder | sourceAupdatedURL | sourceBupdatedURL | sourceCupdatedURL | sourceDupdatedURL | species1_common | species1_scientific | species2_common | species2_scientific | uncertain_interaction",24,TRUE,2026-02-25 03:37:11,"schema_2"
"C:/Users/kelly/OneDrive - Michigan State University/Research/MetaNetworksProject/MetaNetworksProject-Working/L0/taxa_checked_raw/Buteo_buteo_IH_EP.csv","BOW_evidence | effect_sp1_on_sp2 | effect_sp2_on_sp1 | entry_changes | entry_date | interaction | n_studies | name_changes | nonbreedingseason | notesA | notesB | notesC | notesD | OLDsourceA | OLDsourceB | other_species1 | recorder | sourceAupdatedURL | sourceBupdatedURL | sourceCupdatedURL | sourceDupdatedURL | species1_common | species1_scientific | species2_common | species2_scientific | uncertain_interaction",26,TRUE,2026-08-24 15:10:47,"schema_1"
"C:/Users/kelly/OneDrive - Michigan State University/Research/MetaNetworksProject/MetaNetworksProject-Working/L0/taxa_checked_raw/buteo_jamaicensis.csv","BOW_evidence | effect_sp1_on_sp2 | effect_sp2_on_sp1 | entry_changes | entry_date | interaction | n_studies | name_changes | nonbreedingseason | notesA | notesB | notesC | notesD | OLDsourceA | OLDsourceB | other_species1 | recorder | sourceAupdatedURL | sourceBupdatedURL | sourceCupdatedURL | sourceDupdatedURL | species1_common | species1_scientific | species2_common | species2_scientific | uncertain_interaction",26,TRUE,2026-08-24 15:10:47,"schema_1"
"C:/Users/kelly/OneDrive - Michigan State University/Research/MetaNetworksProject/MetaNetworksProject-Working/L0/taxa_checked_raw/Buteo_lagopus_EP_IH.csv","BOW_evidence | effect_sp1_on_sp2 | effect_sp2_on_sp1 | entry_changes | entry_date | interaction | n_studies | name_changes | nonbreedingseason | notesA | notesB | notesC | notesD | OLDsourceA | OLDsourceB | other_species1 | recorder | sourceAupdatedURL | sourceBupdatedURL | sourceCupdatedURL | sourceDupdatedURL | species1_common | species1_scientific | species2_common | species2_scientific | uncertain_interaction",26,TRUE,2024-08-08 13:57:55,"schema_1"
"C:/Users/kelly/OneDrive - Michigan State University/Research/MetaNetworksProject/MetaNetworksProject-Working/L0/taxa_checked_raw/buteo_lineatus.csv","BOW_evidence | effect_sp1_on_sp2 | effect_sp2_on_sp1 | entry_changes | entry_date | interaction | n_studies | nonbreedingseason | notesA | notesB | notesC | notesD | OLDsourceA | OLDsourceB | recorder | sourceAupdatedURL | sourceBupdatedURL | sourceCupdatedURL | sourceDupdatedURL | species1_common | species1_scientific | species2_common | species2_scientific | uncertain_interaction",24,TRUE,2022-12-07 17:56:33,"schema_2"
"C:/Users/kelly/OneDrive - Michigan State University/Research/MetaNetworksProject/MetaNetworksProject-Working/L0/taxa_checked_raw/Buteo_plagiatus_EP_IH.csv","BOW_evidence | effect_sp1_on_sp2 | effect_sp2_on_sp1 | entry_changes | entry_date | interaction | n_studies | name_changes | nonbreedingseason | notesA | notesB | notesC | notesD | OLDsourceA | OLDsourceB | other_species1 | recorder | sourceAupdatedURL | sourceBupdatedURL | sourceCupdatedURL | sourceDupdatedURL | species1_common | species1_scientific | species2_common | species2_scientific | uncertain_interaction",26,TRUE,2024-07-05 16:54:17,"schema_1"
"C:/Users/kelly/OneDrive - Michigan State University/Research/MetaNetworksProject/MetaNetworksProject-Working/L0/taxa_checked_raw/buteo_platypterus.csv","BOW_evidence | effect_sp1_on_sp2 | effect_sp2_on_sp1 | entry_changes | entry_date | interaction | n_studies | nonbreedingseason | notesA | notesB | notesC | notesD | OLDsourceA | OLDsourceB | recorder | sourceAupdatedURL | sourceBupdatedURL | sourceCupdatedURL | sourceDupdatedURL | species1_common | species1_scientific | species2_common | species2_scientific | uncertain_interaction",24,TRUE,2022-12-07 17:56:33,"schema_2"
"C:/Users/kelly/OneDrive - Michigan State University/Research/MetaNetworksProject/MetaNetworksProject-Working/L0/taxa_checked_raw/Buteo_regalis_EP_IH.csv","BOW_evidence | effect_sp1_on_sp2 | effect_sp2_on_sp1 | entry_changes | entry_date | interaction | n_studies | name_changes | nonbreedingseason | notesA | notesB | notesC | notesD | OLDsourceA | OLDsourceB | other_species1 | recorder | sourceAupdatedURL | sourceBupdatedURL | sourceCupdatedURL | sourceDupdatedURL | species1_common | species1_scientific | species2_common | species2_scientific | uncertain_interaction",26,TRUE,2024-07-06 20:27:09,"schema_1"
"C:/Users/kelly/OneDrive - Michigan State University/Research/MetaNetworksProject/MetaNetworksProject-Working/L0/taxa_checked_raw/buteo_swainsoni.csv","BOW_evidence | effect_sp1_on_sp2 | effect_sp2_on_sp1 | entry_changes | entry_date | interaction | n_studies | nonbreedingseason | notesA | notesB | notesC | notesD | OLDsourceA | OLDsourceB | recorder | sourceAupdatedURL | sourceBupdatedURL | sourceCupdatedURL | sourceDupdatedURL | species1_common | species1_scientific | species2_common | species2_scientific | uncertain_interaction",24,TRUE,2022-12-07 17:56:33,"schema_2"
"C:/Users/kelly/OneDrive - Michigan State University/Research/MetaNetworksProject/MetaNetworksProject-Working/L0/taxa_checked_raw/Buteogallus_anthracinus_EP_IH.csv","BOW_evidence | effect_sp1_on_sp2 | effect_sp2_on_sp1 | entry_changes | entry_date | interaction | n_studies | name_changes | nonbreedingseason | notesA | notesB | notesC | notesD | OLDsourceA | OLDsourceB | other_species1 | recorder | sourceAupdatedURL | sourceBupdatedURL | sourceCupdatedURL | sourceDupdatedURL | species1_common | species1_scientific | species2_common | species2_scientific | uncertain_interaction",26,TRUE,2024-07-05 17:44:37,"schema_1"
"C:/Users/kelly/OneDrive - Michigan State University/Research/MetaNetworksProject/MetaNetworksProject-Working/L0/taxa_checked_raw/Butorides_virescens_EP_IH.csv","BOW_evidence | effect_sp1_on_sp2 | effect_sp2_on_sp1 | entry_changes | entry_date | interaction | n_studies | name_changes | nonbreedingseason | notesA | notesB | notesC | notesD | OLDsourceA | OLDsourceB | other_species1 | recorder | sourceAupdatedURL | sourceBupdatedURL | sourceCupdatedURL | sourceDupdatedURL | species1_common | species1_scientific | species2_common | species2_scientific | uncertain_interaction",26,TRUE,2026-02-05 01:52:33,"schema_1"
"C:/Users/kelly/OneDrive - Michigan State University/Research/MetaNetworksProject/MetaNetworksProject-Working/L0/taxa_checked_raw/Cacomantis_castaneiventris_GD_EP.csv","BOW_evidence | effect_sp1_on_sp2 | effect_sp2_on_sp1 | entry_changes | entry_date | interaction | n_studies | name_changes | nonbreedingseason | notesA | notesB | notesC | notesD | OLDsourceA | OLDsourceB | other_species1 | recorder | sourceAupdatedURL | sourceBupdatedURL | sourceCupdatedURL | sourceDupdatedURL | species1_common | species1_scientific | species2_common | species2_scientific | uncertain_interaction",26,TRUE,2026-08-24 15:10:47,"schema_1"
"C:/Users/kelly/OneDrive - Michigan State University/Research/MetaNetworksProject/MetaNetworksProject-Working/L0/taxa_checked_raw/Cacomantis_flabelliformis_CR_EP.csv","BOW_evidence | effect_sp1_on_sp2 | effect_sp2_on_sp1 | entry_changes | entry_date | interaction | n_studies | name_changes | nonbreedingseason | notesA | notesB | notesC | notesD | OLDsourceA | OLDsourceB | other_species1 | recorder | sourceAupdatedURL | sourceBupdatedURL | sourceCupdatedURL | sourceDupdatedURL | species1_common | species1_scientific | species2_common | species2_scientific | uncertain_interaction",26,TRUE,2024-02-06 17:36:07,"schema_1"
"C:/Users/kelly/OneDrive - Michigan State University/Research/MetaNetworksProject/MetaNetworksProject-Working/L0/taxa_checked_raw/Cacomantis_merulinus_GD_EP.csv","BOW_evidence | effect_sp1_on_sp2 | effect_sp2_on_sp1 | entry_changes | entry_date | interaction | n_studies | name_changes | nonbreedingseason | notesA | notesB | notesC | notesD | OLDsourceA | OLDsourceB | other_species1 | recorder | sourceAupdatedURL | sourceBupdatedURL | sourceCupdatedURL | sourceDupdatedURL | species1_common | species1_scientific | species2_common | species2_scientific | uncertain_interaction",26,TRUE,2026-08-24 15:10:47,"schema_1"
"C:/Users/kelly/OneDrive - Michigan State University/Research/MetaNetworksProject/MetaNetworksProject-Working/L0/taxa_checked_raw/Cacomantis_pallidus_GD_EP.csv","BOW_evidence | effect_sp1_on_sp2 | effect_sp2_on_sp1 | entry_changes | entry_date | interaction | n_studies | name_changes | nonbreedingseason | notesA | notesB | notesC | notesD | OLDsourceA | OLDsourceB | other_species1 | recorder | sourceAupdatedURL | sourceBupdatedURL | sourceCupdatedURL | sourceDupdatedURL | species1_common | species1_scientific | species2_common | species2_scientific | uncertain_interaction",26,TRUE,2026-08-24 15:10:47,"schema_1"
"C:/Users/kelly/OneDrive - Michigan State University/Research/MetaNetworksProject/MetaNetworksProject-Working/L0/taxa_checked_raw/Cacomantis_passerinus_GD_EP.csv","BOW_evidence | effect_sp1_on_sp2 | effect_sp2_on_sp1 | entry_changes | entry_date | interaction | n_studies | name_changes | nonbreedingseason | notesA | notesB | notesC | notesD | OLDsourceA | OLDsourceB | other_species1 | recorder | sourceAupdatedURL | sourceBupdatedURL | sourceCupdatedURL | sourceDupdatedURL | species1_common | species1_scientific | species2_common | species2_scientific | uncertain_interaction",26,TRUE,2026-08-24 15:10:47,"schema_1"
"C:/Users/kelly/OneDrive - Michigan State University/Research/MetaNetworksProject/MetaNetworksProject-Working/L0/taxa_checked_raw/Cacomantis_sonneratii_GD_EP.csv","BOW_evidence | effect_sp1_on_sp2 | effect_sp2_on_sp1 | entry_changes | entry_date | interaction | n_studies | name_changes | nonbreedingseason | notesA | notesB | notesC | notesD | OLDsourceA | OLDsourceB | other_species1 | recorder | sourceAupdatedURL | sourceBupdatedURL | sourceCupdatedURL | sourceDupdatedURL | species1_common | species1_scientific | species2_common | species2_scientific | uncertain_interaction",26,TRUE,2026-08-24 15:10:47,"schema_1"
"C:/Users/kelly/OneDrive - Michigan State University/Research/MetaNetworksProject/MetaNetworksProject-Working/L0/taxa_checked_raw/Cacomantis_variolosus_GD_EP.csv","BOW_evidence | effect_sp1_on_sp2 | effect_sp2_on_sp1 | entry_changes | entry_date | interaction | n_studies | name_changes | nonbreedingseason | notesA | notesB | notesC | notesD | OLDsourceA | OLDsourceB | other_species1 | recorder | sourceAupdatedURL | sourceBupdatedURL | sourceCupdatedURL | sourceDupdatedURL | species1_common | species1_scientific | species2_common | species2_scientific | uncertain_interaction",26,TRUE,2026-08-24 15:10:47,"schema_1"
"C:/Users/kelly/OneDrive - Michigan State University/Research/MetaNetworksProject/MetaNetworksProject-Working/L0/taxa_checked_raw/Cairina_moschata_IH_EP.csv","BOW_evidence | effect_sp1_on_sp2 | effect_sp2_on_sp1 | entry_changes | entry_date | interaction | n_studies | name_changes | nonbreedingseason | notesA | notesB | notesC | notesD | OLDsourceA | OLDsourceB | other_species1 | recorder | sourceAupdatedURL | sourceBupdatedURL | sourceCupdatedURL | sourceDupdatedURL | species1_common | species1_scientific | species2_common | species2_scientific | uncertain_interaction",26,TRUE,2026-08-24 15:10:47,"schema_1"
"C:/Users/kelly/OneDrive - Michigan State University/Research/MetaNetworksProject/MetaNetworksProject-Working/L0/taxa_checked_raw/Calamospiza_melanocorys_EP_IH.csv","BOW_evidence | effect_sp1_on_sp2 | effect_sp2_on_sp1 | entry_changes | entry_date | interaction | n_studies | name_changes | nonbreedingseason | notesA | notesB | notesC | notesD | OLDsourceA | OLDsourceB | other_species1 | recorder | sourceAupdatedURL | sourceBupdatedURL | sourceCupdatedURL | sourceDupdatedURL | species1_common | species1_scientific | species2_common | species2_scientific | uncertain_interaction",26,TRUE,2024-07-13 17:43:14,"schema_1"
"C:/Users/kelly/OneDrive - Michigan State University/Research/MetaNetworksProject/MetaNetworksProject-Working/L0/taxa_checked_raw/Calcarius_lapponicus_EP_IH.csv","BOW_evidence | effect_sp1_on_sp2 | effect_sp2_on_sp1 | entry_changes | entry_date | interaction | n_studies | name_changes | nonbreedingseason | notesA | notesB | notesC | notesD | OLDsourceA | OLDsourceB | other_species1 | recorder | sourceAupdatedURL | sourceBupdatedURL | sourceCupdatedURL | sourceDupdatedURL | species1_common | species1_scientific | species2_common | species2_scientific | uncertain_interaction",26,TRUE,2024-07-13 18:26:31,"schema_1"
"C:/Users/kelly/OneDrive - Michigan State University/Research/MetaNetworksProject/MetaNetworksProject-Working/L0/taxa_checked_raw/Calcarius_ornatus_EP_IH.csv","BOW_evidence | effect_sp1_on_sp2 | effect_sp2_on_sp1 | entry_changes | entry_date | interaction | n_studies | name_changes | nonbreedingseason | notesA | notesB | notesC | notesD | OLDsourceA | OLDsourceB | other_species1 | recorder | sourceAupdatedURL | sourceBupdatedURL | sourceCupdatedURL | sourceDupdatedURL | species1_common | species1_scientific | species2_common | species2_scientific | uncertain_interaction",26,TRUE,2024-07-19 17:11:31,"schema_1"
"C:/Users/kelly/OneDrive - Michigan State University/Research/MetaNetworksProject/MetaNetworksProject-Working/L0/taxa_checked_raw/Calcarius_pictus_EP_IH_PLZ.csv","BOW_evidence | effect_sp1_on_sp2 | effect_sp2_on_sp1 | entry_changes | entry_date | interaction | n_studies | name_changes | nonbreedingseason | notesA | notesB | notesC | notesD | OLDsourceA | OLDsourceB | other_species1 | recorder | sourceAupdatedURL | sourceBupdatedURL | sourceCupdatedURL | sourceDupdatedURL | species1_common | species1_scientific | species2_common | species2_scientific | uncertain_interaction",26,TRUE,2024-05-24 17:45:46,"schema_1"
"C:/Users/kelly/OneDrive - Michigan State University/Research/MetaNetworksProject/MetaNetworksProject-Working/L0/taxa_checked_raw/Calidris_acuminata_CR_EP.csv","BOW_evidence | effect_sp1_on_sp2 | effect_sp2_on_sp1 | entry_changes | entry_date | interaction | n_studies | name_changes | nonbreedingseason | notesA | notesB | notesC | notesD | OLDsourceA | OLDsourceB | other_species1 | recorder | sourceAupdatedURL | sourceBupdatedURL | sourceCupdatedURL | sourceDupdatedURL | species1_common | species1_scientific | species2_common | species2_scientific | uncertain_interaction",26,TRUE,2026-08-24 15:10:47,"schema_1"
"C:/Users/kelly/OneDrive - Michigan State University/Research/MetaNetworksProject/MetaNetworksProject-Working/L0/taxa_checked_raw/Calidris_alba_EP_IH.csv","BOW_evidence | effect_sp1_on_sp2 | effect_sp2_on_sp1 | entry_changes | entry_date | interaction | n_studies | name_changes | nonbreedingseason | notesA | notesB | notesC | notesD | OLDsourceA | OLDsourceB | other_species1 | recorder | sourceAupdatedURL | sourceBupdatedURL | sourceCupdatedURL | sourceDupdatedURL | species1_common | species1_scientific | species2_common | species2_scientific | uncertain_interaction",26,TRUE,2024-07-12 20:00:50,"schema_1"
"C:/Users/kelly/OneDrive - Michigan State University/Research/MetaNetworksProject/MetaNetworksProject-Working/L0/taxa_checked_raw/Calidris_alpina_EP_IH.csv","BOW_evidence | effect_sp1_on_sp2 | effect_sp2_on_sp1 | entry_changes | entry_date | interaction | n_studies | name_changes | nonbreedingseason | notesA | notesB | notesC | notesD | OLDsourceA | OLDsourceB | other_species1 | recorder | sourceAupdatedURL | sourceBupdatedURL | sourceCupdatedURL | sourceDupdatedURL | species1_common | species1_scientific | species2_common | species2_scientific | uncertain_interaction",26,TRUE,2024-08-07 20:07:07,"schema_1"
"C:/Users/kelly/OneDrive - Michigan State University/Research/MetaNetworksProject/MetaNetworksProject-Working/L0/taxa_checked_raw/Calidris_bairdii_EP_IH.csv","BOW_evidence | effect_sp1_on_sp2 | effect_sp2_on_sp1 | entry_changes | entry_date | interaction | n_studies | name_changes | nonbreedingseason | notesA | notesB | notesC | notesD | OLDsourceA | OLDsourceB | other_species1 | recorder | sourceAupdatedURL | sourceBupdatedURL | sourceCupdatedURL | sourceDupdatedURL | species1_common | species1_scientific | species2_common | species2_scientific | uncertain_interaction",26,TRUE,2024-02-16 18:18:14,"schema_1"
"C:/Users/kelly/OneDrive - Michigan State University/Research/MetaNetworksProject/MetaNetworksProject-Working/L0/taxa_checked_raw/Calidris_canutus_EP_IH.csv","BOW_evidence | effect_sp1_on_sp2 | effect_sp2_on_sp1 | entry_changes | entry_date | interaction | n_studies | name_changes | nonbreedingseason | notesA | notesB | notesC | notesD | OLDsourceA | OLDsourceB | other_species1 | recorder | sourceAupdatedURL | sourceBupdatedURL | sourceCupdatedURL | sourceDupdatedURL | species1_common | species1_scientific | species2_common | species2_scientific | uncertain_interaction",26,TRUE,2024-07-12 19:08:03,"schema_1"
"C:/Users/kelly/OneDrive - Michigan State University/Research/MetaNetworksProject/MetaNetworksProject-Working/L0/taxa_checked_raw/Calidris_fuscicollis_CR_EP.csv","BOW_evidence | effect_sp1_on_sp2 | effect_sp2_on_sp1 | entry_changes | entry_date | interaction | n_studies | name_changes | nonbreedingseason | notesA | notesB | notesC | notesD | OLDsourceA | OLDsourceB | other_species1 | recorder | sourceAupdatedURL | sourceBupdatedURL | sourceCupdatedURL | sourceDupdatedURL | species1_common | species1_scientific | species2_common | species2_scientific | uncertain_interaction",26,TRUE,2026-08-24 15:10:47,"schema_1"
"C:/Users/kelly/OneDrive - Michigan State University/Research/MetaNetworksProject/MetaNetworksProject-Working/L0/taxa_checked_raw/Calidris_himantopus_EP_IH.csv","BOW_evidence | effect_sp1_on_sp2 | effect_sp2_on_sp1 | entry_changes | entry_date | interaction | n_studies | name_changes | nonbreedingseason | notesA | notesB | notesC | notesD | OLDsourceA | OLDsourceB | other_species1 | recorder | sourceAupdatedURL | sourceBupdatedURL | sourceCupdatedURL | sourceDupdatedURL | species1_common | species1_scientific | species2_common | species2_scientific | uncertain_interaction",26,TRUE,2024-08-23 16:24:35,"schema_1"
"C:/Users/kelly/OneDrive - Michigan State University/Research/MetaNetworksProject/MetaNetworksProject-Working/L0/taxa_checked_raw/Calidris_maritima_GD_EP.csv","BOW_evidence | effect_sp1_on_sp2 | effect_sp2_on_sp1 | entry_changes | entry_date | interaction | n_studies | name_changes | nonbreedingseason | notesA | notesB | notesC | notesD | OLDsourceA | OLDsourceB | other_species1 | recorder | sourceAupdatedURL | sourceBupdatedURL | sourceCupdatedURL | sourceDupdatedURL | species1_common | species1_scientific | species2_common | species2_scientific | uncertain_interaction",26,TRUE,2026-08-24 15:10:47,"schema_1"
"C:/Users/kelly/OneDrive - Michigan State University/Research/MetaNetworksProject/MetaNetworksProject-Working/L0/taxa_checked_raw/Calidris_mauri_GD_EP.csv","BOW_evidence | effect_sp1_on_sp2 | effect_sp2_on_sp1 | entry_changes | entry_date | interaction | n_studies | name_changes | nonbreedingseason | notesA | notesB | notesC | notesD | OLDsourceA | OLDsourceB | other_species1 | recorder | sourceAupdatedURL | sourceBupdatedURL | sourceCupdatedURL | sourceDupdatedURL | species1_common | species1_scientific | species2_common | species2_scientific | uncertain_interaction",26,TRUE,2026-08-24 15:10:47,"schema_1"
"C:/Users/kelly/OneDrive - Michigan State University/Research/MetaNetworksProject/MetaNetworksProject-Working/L0/taxa_checked_raw/Calidris_melanotos_EP_IH.csv","BOW_evidence | effect_sp1_on_sp2 | effect_sp2_on_sp1 | entry_changes | entry_date | interaction | n_studies | name_changes | nonbreedingseason | notesA | notesB | notesC | notesD | OLDsourceA | OLDsourceB | other_species1 | recorder | sourceAupdatedURL | sourceBupdatedURL | sourceCupdatedURL | sourceDupdatedURL | species1_common | species1_scientific | species2_common | species2_scientific | uncertain_interaction",26,TRUE,2024-08-03 19:22:50,"schema_1"
"C:/Users/kelly/OneDrive - Michigan State University/Research/MetaNetworksProject/MetaNetworksProject-Working/L0/taxa_checked_raw/Calidris_minutilla_EP_IH.csv","BOW_evidence | effect_sp1_on_sp2 | effect_sp2_on_sp1 | entry_changes | entry_date | interaction | n_studies | name_changes | nonbreedingseason | notesA | notesB | notesC | notesD | OLDsourceA | OLDsourceB | other_species1 | recorder | sourceAupdatedURL | sourceBupdatedURL | sourceCupdatedURL | sourceDupdatedURL | species1_common | species1_scientific | species2_common | species2_scientific | uncertain_interaction",26,TRUE,2024-08-07 20:41:33,"schema_1"
"C:/Users/kelly/OneDrive - Michigan State University/Research/MetaNetworksProject/MetaNetworksProject-Working/L0/taxa_checked_raw/Calidris_ptilocnemis_EP_IH.csv","BOW_evidence | effect_sp1_on_sp2 | effect_sp2_on_sp1 | entry_changes | entry_date | interaction | n_studies | name_changes | nonbreedingseason | notesA | notesB | notesC | notesD | OLDsourceA | OLDsourceB | other_species1 | recorder | sourceAupdatedURL | sourceBupdatedURL | sourceCupdatedURL | sourceDupdatedURL | species1_common | species1_scientific | species2_common | species2_scientific | uncertain_interaction",26,TRUE,2024-08-28 16:09:53,"schema_1"
"C:/Users/kelly/OneDrive - Michigan State University/Research/MetaNetworksProject/MetaNetworksProject-Working/L0/taxa_checked_raw/Calidris_pugnax_CR_EP_IH.csv","BOW_evidence | effect_sp1_on_sp2 | effect_sp2_on_sp1 | entry_changes | entry_date | interaction | n_studies | name_changes | nonbreedingseason | notesA | notesB | notesC | notesD | OLDsourceA | OLDsourceB | other_species1 | recorder | sourceAupdatedURL | sourceBupdatedURL | sourceCupdatedURL | sourceDupdatedURL | species1_common | species1_scientific | species2_common | species2_scientific | uncertain_interaction",26,TRUE,2024-06-03 17:44:18,"schema_1"
"C:/Users/kelly/OneDrive - Michigan State University/Research/MetaNetworksProject/MetaNetworksProject-Working/L0/taxa_checked_raw/Calidris_pusilla_EP_IH.csv","BOW_evidence | effect_sp1_on_sp2 | effect_sp2_on_sp1 | entry_changes | entry_date | interaction | n_studies | name_changes | nonbreedingseason | notesA | notesB | notesC | notesD | OLDsourceA | OLDsourceB | other_species1 | recorder | sourceAupdatedURL | sourceBupdatedURL | sourceCupdatedURL | sourceDupdatedURL | species1_common | species1_scientific | species2_common | species2_scientific | uncertain_interaction",26,TRUE,2024-08-08 14:15:44,"schema_1"
"C:/Users/kelly/OneDrive - Michigan State University/Research/MetaNetworksProject/MetaNetworksProject-Working/L0/taxa_checked_raw/Calidris_ruficollis_EP_IH.csv","BOW_evidence | effect_sp1_on_sp2 | effect_sp2_on_sp1 | entry_changes | entry_date | interaction | n_studies | name_changes | nonbreedingseason | notesA | notesB | notesC | notesD | OLDsourceA | OLDsourceB | other_species1 | recorder | sourceAupdatedURL | sourceBupdatedURL | sourceCupdatedURL | sourceDupdatedURL | species1_common | species1_scientific | species2_common | species2_scientific | uncertain_interaction",26,TRUE,2024-06-03 17:44:47,"schema_1"
"C:/Users/kelly/OneDrive - Michigan State University/Research/MetaNetworksProject/MetaNetworksProject-Working/L0/taxa_checked_raw/Calidris_subruficollis_EP_IH.csv","BOW_evidence | effect_sp1_on_sp2 | effect_sp2_on_sp1 | entry_changes | entry_date | interaction | n_studies | name_changes | nonbreedingseason | notesA | notesB | notesC | notesD | OLDsourceA | OLDsourceB | other_species1 | recorder | sourceAupdatedURL | sourceBupdatedURL | sourceCupdatedURL | sourceDupdatedURL | species1_common | species1_scientific | species2_common | species2_scientific | uncertain_interaction",26,TRUE,2024-08-28 17:41:30,"schema_1"
"C:/Users/kelly/OneDrive - Michigan State University/Research/MetaNetworksProject/MetaNetworksProject-Working/L0/taxa_checked_raw/Calidris_virgata_GD_EP.csv","BOW_evidence | effect_sp1_on_sp2 | effect_sp2_on_sp1 | entry_changes | entry_date | interaction | n_studies | name_changes | nonbreedingseason | notesA | notesB | notesC | notesD | OLDsourceA | OLDsourceB | other_species1 | recorder | sourceAupdatedURL | sourceBupdatedURL | sourceCupdatedURL | sourceDupdatedURL | species1_common | species1_scientific | species2_common | species2_scientific | uncertain_interaction",26,TRUE,2026-08-24 15:10:47,"schema_1"
"C:/Users/kelly/OneDrive - Michigan State University/Research/MetaNetworksProject/MetaNetworksProject-Working/L0/taxa_checked_raw/Callipepla_californica_EP.csv","BOW_evidence | effect_sp1_on_sp2 | effect_sp2_on_sp1 | entry_changes | entry_date | interaction | n_studies | name_changes | nonbreedingseason | notesA | notesB | notesC | notesD | OLDsourceA | OLDsourceB | other_species1 | recorder | sourceAupdatedURL | sourceBupdatedURL | sourceCupdatedURL | sourceDupdatedURL | species1_common | species1_scientific | species2_common | species2_scientific | uncertain_interaction",26,TRUE,2026-08-24 15:10:47,"schema_1"
"C:/Users/kelly/OneDrive - Michigan State University/Research/MetaNetworksProject/MetaNetworksProject-Working/L0/taxa_checked_raw/Calocitta_colliei_LB_CR.csv","breeding_migration | Citation | DatabaseSearchURL | effect_sp1_on_sp2 | effect_sp2_on_sp1 | entry_changes | entry_date | interaction | interaction_strength | name_changes | other_species1 | recorder | source_URL | species1_common | species1_lifestage | species1_scientific | species2_common | species2_lifestage | species2_scientific | text_excerpt | time_of_year | uncertain_interaction",22,TRUE,2026-09-21 17:15:57,"schema_9"
"C:/Users/kelly/OneDrive - Michigan State University/Research/MetaNetworksProject/MetaNetworksProject-Working/L0/taxa_checked_raw/Calonectris_diomedea_CR_EP.csv","BOW_evidence | effect_sp1_on_sp2 | effect_sp2_on_sp1 | entry_changes | entry_date | interaction | n_studies | name_changes | nonbreedingseason | notesA | notesB | notesC | notesD | OLDsourceA | OLDsourceB | other_species1 | recorder | sourceAupdatedURL | sourceBupdatedURL | sourceCupdatedURL | sourceDupdatedURL | species1_common | species1_scientific | species2_common | species2_scientific | uncertain_interaction",26,TRUE,2026-08-24 15:10:47,"schema_1"
"C:/Users/kelly/OneDrive - Michigan State University/Research/MetaNetworksProject/MetaNetworksProject-Working/L0/taxa_checked_raw/Calothorax_lucifer_EP_IH.csv","BOW_evidence | effect_sp1_on_sp2 | effect_sp2_on_sp1 | entry_changes | entry_date | interaction | n_studies | name_changes | nonbreedingseason | notesA | notesB | notesC | notesD | OLDsourceA | OLDsourceB | other_species1 | recorder | sourceAupdatedURL | sourceBupdatedURL | sourceCupdatedURL | sourceDupdatedURL | species1_common | species1_scientific | species2_common | species2_scientific | uncertain_interaction",26,TRUE,2024-05-24 16:51:17,"schema_1"
"C:/Users/kelly/OneDrive - Michigan State University/Research/MetaNetworksProject/MetaNetworksProject-Working/L0/taxa_checked_raw/calypte_anna.csv","BOW_evidence | effect_sp1_on_sp2 | effect_sp2_on_sp1 | entry_changes | entry_date | interaction | n_studies | nonbreedingseason | notesA | notesB | notesC | notesD | OLDsourceA | OLDsourceB | recorder | sourceAupdatedURL | sourceBupdatedURL | sourceCupdatedURL | sourceDupdatedURL | species1_common | species1_scientific | species2_common | species2_scientific | uncertain_interaction",24,TRUE,2022-12-07 17:56:33,"schema_2"
"C:/Users/kelly/OneDrive - Michigan State University/Research/MetaNetworksProject/MetaNetworksProject-Working/L0/taxa_checked_raw/calypte_costae.csv","BOW_evidence | effect_sp1_on_sp2 | effect_sp2_on_sp1 | entry_changes | entry_date | interaction | n_studies | nonbreedingseason | notesA | notesB | notesC | notesD | OLDsourceA | OLDsourceB | recorder | sourceAupdatedURL | sourceBupdatedURL | sourceCupdatedURL | sourceDupdatedURL | species1_common | species1_scientific | species2_common | species2_scientific | uncertain_interaction",24,TRUE,2026-08-24 15:10:47,"schema_2"
"C:/Users/kelly/OneDrive - Michigan State University/Research/MetaNetworksProject/MetaNetworksProject-Working/L0/taxa_checked_raw/Campephilus_principalis_AF_MA_EP.csv","BOW_evidence | effect_sp1_on_sp2 | effect_sp2_on_sp1 | entry_changes | entry_date | interaction | n_studies | name_changes | nonbreedingseason | notesA | notesB | notesC | notesD | OLDsourceA | OLDsourceB | other_species1 | recorder | sourceAupdatedURL | sourceBupdatedURL | sourceCupdatedURL | sourceDupdatedURL | species1_common | species1_scientific | species2_common | species2_scientific | uncertain_interaction",26,TRUE,2026-08-24 15:10:47,"schema_1"
"C:/Users/kelly/OneDrive - Michigan State University/Research/MetaNetworksProject/MetaNetworksProject-Working/L0/taxa_checked_raw/Camptorhynchus_labradorius_GD_EP.csv","BOW_evidence | effect_sp1_on_sp2 | effect_sp2_on_sp1 | entry_changes | entry_date | interaction | n_studies | name_changes | nonbreedingseason | notesA | notesB | notesC | notesD | OLDsourceA | OLDsourceB | other_species1 | recorder | sourceAupdatedURL | sourceBupdatedURL | sourceCupdatedURL | sourceDupdatedURL | species1_common | species1_scientific | species2_common | species2_scientific | uncertain_interaction",26,TRUE,2026-08-24 15:10:47,"schema_1"
"C:/Users/kelly/OneDrive - Michigan State University/Research/MetaNetworksProject/MetaNetworksProject-Working/L0/taxa_checked_raw/Camptostoma_imberbe_GD_EP.csv","BOW_evidence | effect_sp1_on_sp2 | effect_sp2_on_sp1 | entry_changes | entry_date | interaction | n_studies | name_changes | nonbreedingseason | notesA | notesB | notesC | notesD | OLDsourceA | OLDsourceB | other_species1 | recorder | sourceAupdatedURL | sourceBupdatedURL | sourceCupdatedURL | sourceDupdatedURL | species1_common | species1_scientific | species2_common | species2_scientific | uncertain_interaction",26,TRUE,2026-08-24 15:10:47,"schema_1"
"C:/Users/kelly/OneDrive - Michigan State University/Research/MetaNetworksProject/MetaNetworksProject-Working/L0/taxa_checked_raw/campylorhynchus_brunneicapillus.csv","BOW_evidence | effect_sp1_on_sp2 | effect_sp2_on_sp1 | entry_changes | entry_date | interaction | n_studies | nonbreedingseason | notesA | notesB | notesC | notesD | OLDsourceA | OLDsourceB | recorder | sourceAupdatedURL | sourceBupdatedURL | sourceCupdatedURL | sourceDupdatedURL | species1_common | species1_scientific | species2_common | species2_scientific | uncertain_interaction",24,TRUE,2022-12-07 17:56:33,"schema_2"
"C:/Users/kelly/OneDrive - Michigan State University/Research/MetaNetworksProject/MetaNetworksProject-Working/L0/taxa_checked_raw/Campylorhynchus_capistratus_OG_LM.csv","breeding_migration | DatabaseSearchURL | effect_sp1_on_sp2 | effect_sp2_on_sp1 | entry_changes | entry_date | interaction | interaction_strength | name_changes | other_species1 | recorder | source_citation | source_URL | species1_common | species1_lifestage | species1_scientific | species2_common | species2_lifestage | species2_scientific | text_excerpt | time_of_year | uncertain_interaction",22,TRUE,2026-09-17 15:28:50,"schema_3"
"C:/Users/kelly/OneDrive - Michigan State University/Research/MetaNetworksProject/MetaNetworksProject-Working/L0/taxa_checked_raw/Campylorhynchus_gularis_VS_CR.csv","breeding_migration | DatabaseSearchURL | effect_sp1_on_sp2 | effect_sp2_on_sp1 | entry_changes | entry_date | interaction | interaction_strength | name_changes | other_species1 | recorder | source_citation | source_URL | species1_common | species1_lifestage | species1_scientific | species2_common | species2_lifestage | species2_scientific | text_excerpt | time_of_year | uncertain_interaction",22,TRUE,2025-11-05 16:03:19,"schema_3"
"C:/Users/kelly/OneDrive - Michigan State University/Research/MetaNetworksProject/MetaNetworksProject-Working/L0/taxa_checked_raw/Campylorhynchus_humilis_OG_CR.csv","breeding_migration | DatabaseSearchURL | effect_sp1_on_sp2 | effect_sp2_on_sp1 | entry_changes | entry_date | interaction | interaction_strength | name_changes | other_species1 | recorder | source_citation | source_URL | species1_common | species1_lifestage | species1_scientific | species2_common | species2_lifestage | species2_scientific | text_excerpt | time_of_year | uncertain_interaction",22,TRUE,2025-11-24 15:23:58,"schema_3"
"C:/Users/kelly/OneDrive - Michigan State University/Research/MetaNetworksProject/MetaNetworksProject-Working/L0/taxa_checked_raw/Campylorhynchus_rufinucha_VS_CR.csv","breeding_migration | DatabaseSearchURL | effect_sp1_on_sp2 | effect_sp2_on_sp1 | entry_changes | entry_date | interaction | interaction_strength | name_changes | other_species1 | recorder | source_citation | source_URL | species1_common | species1_lifestage | species1_scientific | species2_common | species2_lifestage | species2_scientific | text_excerpt | time_of_year | uncertain_interaction",22,TRUE,2025-11-05 18:08:21,"schema_3"
"C:/Users/kelly/OneDrive - Michigan State University/Research/MetaNetworksProject/MetaNetworksProject-Working/L0/taxa_checked_raw/Campylorhynchus_yucatanicus_ECP_JB.csv","breeding_migration | DatabaseSearchURL | effect_sp1_on_sp2 | effect_sp2_on_sp1 | entry_changes | entry_date | interaction | interaction_strength | name_changes | other_species1 | recorder | source_citation | source_URL | species1_common | species1_lifestage | species1_scientific | species2_common | species2_lifestage | species2_scientific | text_excerpt | time_of_year | uncertain_interaction",22,TRUE,2026-08-24 15:10:47,"schema_3"
"C:/Users/kelly/OneDrive - Michigan State University/Research/MetaNetworksProject/MetaNetworksProject-Working/L0/taxa_checked_raw/Campylorhynchus_zonatus_JNS_CR.csv","breeding_migration | DatabaseSearchURL | effect_sp1_on_sp2 | effect_sp2_on_sp1 | entry_changes | entry_date | interaction | interaction_strength | name_changes | other_species1 | recorder | source_citation | source_URL | species1_common | species1_lifestage | species1_scientific | species2_common | species2_lifestage | species2_scientific | text_excerpt | time_of_year | uncertain_interaction",22,TRUE,2025-11-10 16:47:32,"schema_3"
"C:/Users/kelly/OneDrive - Michigan State University/Research/MetaNetworksProject/MetaNetworksProject-Working/L0/taxa_checked_raw/Canachites_canadensis_EP.csv","BOW_evidence | effect_sp1_on_sp2 | effect_sp2_on_sp1 | entry_changes | entry_date | interaction | n_studies | nonbreedingseason | notesA | notesB | notesC | notesD | OLDsourceA | OLDsourceB | recorder | sourceAupdatedURL | sourceBupdatedURL | sourceCupdatedURL | sourceDupdatedURL | species1_common | species1_scientific | species2_common | species2_scientific | uncertain_interaction",24,TRUE,2026-08-24 15:10:47,"schema_2"
"C:/Users/kelly/OneDrive - Michigan State University/Research/MetaNetworksProject/MetaNetworksProject-Working/L0/taxa_checked_raw/caracara_plancus.csv","BOW_evidence | effect_sp1_on_sp2 | effect_sp2_on_sp1 | entry_changes | entry_date | interaction | n_studies | nonbreedingseason | notesA | notesB | notesC | notesD | OLDsourceA | OLDsourceB | recorder | sourceAupdatedURL | sourceBupdatedURL | sourceCupdatedURL | sourceDupdatedURL | species1_common | species1_scientific | species2_common | species2_scientific | uncertain_interaction",24,TRUE,2022-12-07 17:56:33,"schema_2"
"C:/Users/kelly/OneDrive - Michigan State University/Research/MetaNetworksProject/MetaNetworksProject-Working/L0/taxa_checked_raw/Cardellina_canadensis_EP_IH.csv","BOW_evidence | effect_sp1_on_sp2 | effect_sp2_on_sp1 | entry_changes | entry_date | interaction | n_studies | name_changes | nonbreedingseason | notesA | notesB | notesC | notesD | OLDsourceA | OLDsourceB | other_species1 | recorder | sourceAupdatedURL | sourceBupdatedURL | sourceCupdatedURL | sourceDupdatedURL | species1_common | species1_scientific | species2_common | species2_scientific | uncertain_interaction",26,TRUE,2024-08-29 16:47:40,"schema_1"
"C:/Users/kelly/OneDrive - Michigan State University/Research/MetaNetworksProject/MetaNetworksProject-Working/L0/taxa_checked_raw/cardellina_pusilla.csv","BOW_evidence | effect_sp1_on_sp2 | effect_sp2_on_sp1 | entry_changes | entry_date | interaction | n_studies | nonbreedingseason | notesA | notesB | notesC | notesD | OLDsourceA | OLDsourceB | recorder | sourceAupdatedURL | sourceBupdatedURL | sourceCupdatedURL | sourceDupdatedURL | species1_common | species1_scientific | species2_common | species2_scientific | uncertain_interaction",24,TRUE,2026-08-24 15:10:47,"schema_2"
"C:/Users/kelly/OneDrive - Michigan State University/Research/MetaNetworksProject/MetaNetworksProject-Working/L0/taxa_checked_raw/Cardellina_rubrifrons_EP_IH.csv","BOW_evidence | effect_sp1_on_sp2 | effect_sp2_on_sp1 | entry_changes | entry_date | interaction | n_studies | name_changes | nonbreedingseason | notesA | notesB | notesC | notesD | OLDsourceA | OLDsourceB | other_species1 | recorder | sourceAupdatedURL | sourceBupdatedURL | sourceCupdatedURL | sourceDupdatedURL | species1_common | species1_scientific | species2_common | species2_scientific | uncertain_interaction",26,TRUE,2024-03-08 18:17:37,"schema_1"
"C:/Users/kelly/OneDrive - Michigan State University/Research/MetaNetworksProject/MetaNetworksProject-Working/L0/taxa_checked_raw/cardinalis_cardinalis.csv","BOW_evidence | effect_sp1_on_sp2 | effect_sp2_on_sp1 | entry_changes | entry_date | interaction | n_studies | nonbreedingseason | notesA | notesB | notesC | notesD | OLDsourceA | OLDsourceB | recorder | sourceAupdatedURL | sourceBupdatedURL | sourceCupdatedURL | sourceDupdatedURL | species1_common | species1_scientific | species2_common | species2_scientific | uncertain_interaction",24,TRUE,2024-03-22 20:25:20,"schema_2"
"C:/Users/kelly/OneDrive - Michigan State University/Research/MetaNetworksProject/MetaNetworksProject-Working/L0/taxa_checked_raw/Cardinalis_sinuatus_EP_IH.csv","BOW_evidence | effect_sp1_on_sp2 | effect_sp2_on_sp1 | entry_changes | entry_date | interaction | n_studies | name_changes | nonbreedingseason | notesA | notesB | notesC | notesD | OLDsourceA | OLDsourceB | other_species1 | recorder | sourceAupdatedURL | sourceBupdatedURL | sourceCupdatedURL | sourceDupdatedURL | species1_common | species1_scientific | species2_common | species2_scientific | uncertain_interaction",26,TRUE,2024-08-29 17:13:51,"schema_1"
"C:/Users/kelly/OneDrive - Michigan State University/Research/MetaNetworksProject/MetaNetworksProject-Working/L0/taxa_checked_raw/Carduelis_carduelis_IH_EP.csv","BOW_evidence | effect_sp1_on_sp2 | effect_sp2_on_sp1 | entry_changes | entry_date | interaction | n_studies | name_changes | nonbreedingseason | notesA | notesB | notesC | notesD | OLDsourceA | OLDsourceB | other_species1 | recorder | sourceAupdatedURL | sourceBupdatedURL | sourceCupdatedURL | sourceDupdatedURL | species1_common | species1_scientific | species2_common | species2_scientific | uncertain_interaction",26,TRUE,2026-08-24 15:10:47,"schema_1"
"C:/Users/kelly/OneDrive - Michigan State University/Research/MetaNetworksProject/MetaNetworksProject-Working/L0/taxa_checked_raw/cathartes_aura.csv","BOW_evidence | effect_sp1_on_sp2 | effect_sp2_on_sp1 | entry_changes | entry_date | interaction | n_studies | nonbreedingseason | notesA | notesB | notesC | notesD | OLDsourceA | OLDsourceB | recorder | sourceAupdatedURL | sourceBupdatedURL | sourceCupdatedURL | sourceDupdatedURL | species1_common | species1_scientific | species2_common | species2_scientific | uncertain_interaction",24,TRUE,2026-08-24 15:10:47,"schema_2"
"C:/Users/kelly/OneDrive - Michigan State University/Research/MetaNetworksProject/MetaNetworksProject-Working/L0/taxa_checked_raw/Catharus_bicknelli_EP_IH.csv","BOW_evidence | effect_sp1_on_sp2 | effect_sp2_on_sp1 | entry_changes | entry_date | interaction | n_studies | name_changes | nonbreedingseason | notesA | notesB | notesC | notesD | OLDsourceA | OLDsourceB | other_species1 | recorder | sourceAupdatedURL | sourceBupdatedURL | sourceCupdatedURL | sourceDupdatedURL | species1_common | species1_scientific | species2_common | species2_scientific | uncertain_interaction",26,TRUE,2024-05-24 17:48:20,"schema_1"
"C:/Users/kelly/OneDrive - Michigan State University/Research/MetaNetworksProject/MetaNetworksProject-Working/L0/taxa_checked_raw/Catharus_frantzii_SEP_CR.csv","breeding_migration | DatabaseSearchURL | effect_sp1_on_sp2 | effect_sp2_on_sp1 | entry_changes | entry_date | interaction | interaction_strength | name_changes | other_species1 | recorder | source_citation | source_URL | species1_common | species1_lifestage | species1_scientific | species2_common | species2_lifestage | species2_scientific | text_excerpt | time_of_year | uncertain_interaction",22,TRUE,2026-02-11 18:19:05,"schema_3"
"C:/Users/kelly/OneDrive - Michigan State University/Research/MetaNetworksProject/MetaNetworksProject-Working/L0/taxa_checked_raw/Catharus_fuscescens_EP_IH.csv","BOW_evidence | effect_sp1_on_sp2 | effect_sp2_on_sp1 | entry_changes | entry_date | interaction | n_studies | name_changes | nonbreedingseason | notesA | notesB | notesC | notesD | OLDsourceA | OLDsourceB | other_species1 | recorder | sourceAupdatedURL | sourceBupdatedURL | sourceCupdatedURL | sourceDupdatedURL | species1_common | species1_scientific | species2_common | species2_scientific | uncertain_interaction",26,TRUE,2024-05-24 17:50:21,"schema_1"
"C:/Users/kelly/OneDrive - Michigan State University/Research/MetaNetworksProject/MetaNetworksProject-Working/L0/taxa_checked_raw/catharus_guttatus.csv","BOW_evidence | effect_sp1_on_sp2 | effect_sp2_on_sp1 | entry_changes | entry_date | interaction | n_studies | nonbreedingseason | notesA | notesB | notesC | notesD | OLDsourceA | OLDsourceB | recorder | sourceAupdatedURL | sourceBupdatedURL | sourceCupdatedURL | sourceDupdatedURL | species1_common | species1_scientific | species2_common | species2_scientific | uncertain_interaction",24,TRUE,2022-12-07 17:56:33,"schema_2"
"C:/Users/kelly/OneDrive - Michigan State University/Research/MetaNetworksProject/MetaNetworksProject-Working/L0/taxa_checked_raw/Catharus_minimus_EP_IH.csv","BOW_evidence | effect_sp1_on_sp2 | effect_sp2_on_sp1 | entry_changes | entry_date | interaction | n_studies | name_changes | nonbreedingseason | notesA | notesB | notesC | notesD | OLDsourceA | OLDsourceB | other_species1 | recorder | sourceAupdatedURL | sourceBupdatedURL | sourceCupdatedURL | sourceDupdatedURL | species1_common | species1_scientific | species2_common | species2_scientific | uncertain_interaction",26,TRUE,2024-05-24 17:14:58,"schema_1"
"C:/Users/kelly/OneDrive - Michigan State University/Research/MetaNetworksProject/MetaNetworksProject-Working/L0/taxa_checked_raw/Catharus_occidentalis_VS_CR.csv","breeding_migration | DatabaseSearchURL | effect_sp1_on_sp2 | effect_sp2_on_sp1 | entry_changes | entry_date | interaction | interaction_strength | name_changes | other_species1 | recorder | source_citation | source_URL | species1_common | species1_lifestage | species1_scientific | species2_common | species2_lifestage | species2_scientific | text_excerpt | time_of_year | uncertain_interaction",22,TRUE,2026-02-26 17:39:18,"schema_3"
"C:/Users/kelly/OneDrive - Michigan State University/Research/MetaNetworksProject/MetaNetworksProject-Working/L0/taxa_checked_raw/Catharus_ustulatus_EP_IH.csv","BOW_evidence | effect_sp1_on_sp2 | effect_sp2_on_sp1 | entry_changes | entry_date | interaction | n_studies | name_changes | nonbreedingseason | notesA | notesB | notesC | notesD | OLDsourceA | OLDsourceB | other_species1 | recorder | sourceAupdatedURL | sourceBupdatedURL | sourceCupdatedURL | sourceDupdatedURL | species1_common | species1_scientific | species2_common | species2_scientific | uncertain_interaction",26,TRUE,2024-08-01 18:31:24,"schema_1"
"C:/Users/kelly/OneDrive - Michigan State University/Research/MetaNetworksProject/MetaNetworksProject-Working/L0/taxa_checked_raw/Catherpes_mexicanus_EP_IH.csv","BOW_evidence | effect_sp1_on_sp2 | effect_sp2_on_sp1 | entry_changes | entry_date | interaction | n_studies | name_changes | nonbreedingseason | notesA | notesB | notesC | notesD | OLDsourceA | OLDsourceB | other_species1 | recorder | sourceAupdatedURL | sourceBupdatedURL | sourceCupdatedURL | sourceDupdatedURL | species1_common | species1_scientific | species2_common | species2_scientific | uncertain_interaction",26,TRUE,2024-06-01 19:45:39,"schema_1"
"C:/Users/kelly/OneDrive - Michigan State University/Research/MetaNetworksProject/MetaNetworksProject-Working/L0/taxa_checked_raw/Centrocercus_minimus_IH_EP.csv","BOW_evidence | effect_sp1_on_sp2 | effect_sp2_on_sp1 | entry_changes | entry_date | interaction | n_studies | name_changes | nonbreedingseason | notesA | notesB | notesC | notesD | OLDsourceA | OLDsourceB | other_species1 | recorder | sourceAupdatedURL | sourceBupdatedURL | sourceCupdatedURL | sourceDupdatedURL | species1_common | species1_scientific | species2_common | species2_scientific | uncertain_interaction",26,TRUE,2026-08-24 15:10:47,"schema_1"
"C:/Users/kelly/OneDrive - Michigan State University/Research/MetaNetworksProject/MetaNetworksProject-Working/L0/taxa_checked_raw/Centrocercus_urophasianus_GD_EP.csv","BOW_evidence | effect_sp1_on_sp2 | effect_sp2_on_sp1 | entry_changes | entry_date | interaction | n_studies | name_changes | nonbreedingseason | notesA | notesB | notesC | notesD | OLDsourceA | OLDsourceB | other_species1 | recorder | sourceAupdatedURL | sourceBupdatedURL | sourceCupdatedURL | sourceDupdatedURL | species1_common | species1_scientific | species2_common | species2_scientific | uncertain_interaction",26,TRUE,2026-08-24 15:10:47,"schema_1"
"C:/Users/kelly/OneDrive - Michigan State University/Research/MetaNetworksProject/MetaNetworksProject-Working/L0/taxa_checked_raw/Centronyx_ henslowii_AH_EP.csv","BOW_evidence | effect_sp1_on_sp2 | effect_sp2_on_sp1 | entry_changes | entry_date | interaction | n_studies | name_changes | nonbreedingseason | notesA | notesB | notesC | notesD | OLDsourceA | OLDsourceB | other_species1 | recorder | sourceAupdatedURL | sourceBupdatedURL | sourceCupdatedURL | sourceDupdatedURL | species1_common | species1_scientific | species2_common | species2_scientific | uncertain_interaction",26,TRUE,2026-08-24 15:10:47,"schema_1"
"C:/Users/kelly/OneDrive - Michigan State University/Research/MetaNetworksProject/MetaNetworksProject-Working/L0/taxa_checked_raw/Centronyx_bairdii_CR_EP.csv","BOW_evidence | effect_sp1_on_sp2 | effect_sp2_on_sp1 | entry_changes | entry_date | interaction | n_studies | name_changes | nonbreedingseason | notesA | notesB | notesC | notesD | OLDsourceA | OLDsourceB | other_species1 | recorder | sourceAupdatedURL | sourceBupdatedURL | sourceCupdatedURL | sourceDupdatedURL | species1_common | species1_scientific | species2_common | species2_scientific | uncertain_interaction",26,TRUE,2026-08-24 15:10:47,"schema_1"
"C:/Users/kelly/OneDrive - Michigan State University/Research/MetaNetworksProject/MetaNetworksProject-Working/L0/taxa_checked_raw/Cepphus_columba_IH_EP.csv","BOW_evidence | effect_sp1_on_sp2 | effect_sp2_on_sp1 | entry_changes | entry_date | interaction | n_studies | nonbreedingseason | notesA | notesB | notesC | notesD | OLDsourceA | OLDsourceB | recorder | sourceAupdatedURL | sourceBupdatedURL | sourceCupdatedURL | sourceDupdatedURL | species1_common | species1_scientific | species2_common | species2_scientific | uncertain_interaction",24,TRUE,2026-08-24 15:10:47,"schema_2"
"C:/Users/kelly/OneDrive - Michigan State University/Research/MetaNetworksProject/MetaNetworksProject-Working/L0/taxa_checked_raw/Cepphus_grylle_EP_IH.csv","BOW_evidence | effect_sp1_on_sp2 | effect_sp2_on_sp1 | entry_changes | entry_date | interaction | n_studies | name_changes | nonbreedingseason | notesA | notesB | notesC | notesD | OLDsourceA | OLDsourceB | other_species1 | recorder | sourceAupdatedURL | sourceBupdatedURL | sourceCupdatedURL | sourceDupdatedURL | species1_common | species1_scientific | species2_common | species2_scientific | uncertain_interaction",26,TRUE,2024-08-23 16:37:02,"schema_1"
"C:/Users/kelly/OneDrive - Michigan State University/Research/MetaNetworksProject/MetaNetworksProject-Working/L0/taxa_checked_raw/Cercococcyx_mechowi_CR_EP.csv","BOW_evidence | effect_sp1_on_sp2 | effect_sp2_on_sp1 | entry_changes | entry_date | interaction | n_studies | name_changes | nonbreedingseason | notesA | notesB | notesC | notesD | OLDsourceA | OLDsourceB | other_species1 | recorder | sourceAupdatedURL | sourceBupdatedURL | sourceCupdatedURL | sourceDupdatedURL | species1_common | species1_scientific | species2_common | species2_scientific | uncertain_interaction",26,TRUE,2026-08-24 15:10:47,"schema_1"
"C:/Users/kelly/OneDrive - Michigan State University/Research/MetaNetworksProject/MetaNetworksProject-Working/L0/taxa_checked_raw/Cercococcyx_montanus_CR_EP.csv","BOW_evidence | effect_sp1_on_sp2 | effect_sp2_on_sp1 | entry_changes | entry_date | interaction | n_studies | name_changes | nonbreedingseason | notesA | notesB | notesC | notesD | OLDsourceA | OLDsourceB | other_species1 | recorder | sourceAupdatedURL | sourceBupdatedURL | sourceCupdatedURL | sourceDupdatedURL | species1_common | species1_scientific | species2_common | species2_scientific | uncertain_interaction",26,TRUE,2026-08-24 15:10:47,"schema_1"
"C:/Users/kelly/OneDrive - Michigan State University/Research/MetaNetworksProject/MetaNetworksProject-Working/L0/taxa_checked_raw/Cercococcyx_olivinus_CR_EP.csv","BOW_evidence | effect_sp1_on_sp2 | effect_sp2_on_sp1 | entry_changes | entry_date | interaction | n_studies | name_changes | nonbreedingseason | notesA | notesB | notesC | notesD | OLDsourceA | OLDsourceB | other_species1 | recorder | sourceAupdatedURL | sourceBupdatedURL | sourceCupdatedURL | sourceDupdatedURL | species1_common | species1_scientific | species2_common | species2_scientific | uncertain_interaction",26,TRUE,2026-08-24 15:10:47,"schema_1"
"C:/Users/kelly/OneDrive - Michigan State University/Research/MetaNetworksProject/MetaNetworksProject-Working/L0/taxa_checked_raw/Cerorhinca_monocerata_IH_EP.csv","BOW_evidence | effect_sp1_on_sp2 | effect_sp2_on_sp1 | entry_changes | entry_date | interaction | n_studies | nonbreedingseason | notesA | notesB | notesC | notesD | OLDsourceA | OLDsourceB | recorder | sourceAupdatedURL | sourceBupdatedURL | sourceCupdatedURL | sourceDupdatedURL | species1_common | species1_scientific | species2_common | species2_scientific | uncertain_interaction",24,TRUE,2026-08-24 15:10:47,"schema_2"
"C:/Users/kelly/OneDrive - Michigan State University/Research/MetaNetworksProject/MetaNetworksProject-Working/L0/taxa_checked_raw/certhia_americana.csv","BOW_evidence | effect_sp1_on_sp2 | effect_sp2_on_sp1 | entry_changes | entry_date | interaction | n_studies | nonbreedingseason | notesA | notesB | notesC | notesD | OLDsourceA | OLDsourceB | recorder | sourceAupdatedURL | sourceBupdatedURL | sourceCupdatedURL | sourceDupdatedURL | species1_common | species1_scientific | species2_common | species2_scientific | uncertain_interaction",24,TRUE,2022-12-07 17:56:33,"schema_2"
"C:/Users/kelly/OneDrive - Michigan State University/Research/MetaNetworksProject/MetaNetworksProject-Working/L0/taxa_checked_raw/chaetura_pelagica.csv","BOW_evidence | effect_sp1_on_sp2 | effect_sp2_on_sp1 | entry_changes | entry_date | interaction | n_studies | nonbreedingseason | notesA | notesB | notesC | notesD | OLDsourceA | OLDsourceB | recorder | sourceAupdatedURL | sourceBupdatedURL | sourceCupdatedURL | sourceDupdatedURL | species1_common | species1_scientific | species2_common | species2_scientific | uncertain_interaction",24,TRUE,2022-12-07 17:56:33,"schema_2"
"C:/Users/kelly/OneDrive - Michigan State University/Research/MetaNetworksProject/MetaNetworksProject-Working/L0/taxa_checked_raw/chaetura_vauxi.csv","BOW_evidence | effect_sp1_on_sp2 | effect_sp2_on_sp1 | entry_changes | entry_date | interaction | n_studies | nonbreedingseason | notesA | notesB | notesC | notesD | OLDsourceA | OLDsourceB | recorder | sourceAupdatedURL | sourceBupdatedURL | sourceCupdatedURL | sourceDupdatedURL | species1_common | species1_scientific | species2_common | species2_scientific | uncertain_interaction",24,TRUE,2022-12-07 17:56:33,"schema_2"
"C:/Users/kelly/OneDrive - Michigan State University/Research/MetaNetworksProject/MetaNetworksProject-Working/L0/taxa_checked_raw/chamaea_fasciata.csv","BOW_evidence | effect_sp1_on_sp2 | effect_sp2_on_sp1 | entry_changes | entry_date | interaction | n_studies | nonbreedingseason | notesA | notesB | notesC | notesD | OLDsourceA | OLDsourceB | recorder | sourceAupdatedURL | sourceBupdatedURL | sourceCupdatedURL | sourceDupdatedURL | species1_common | species1_scientific | species2_common | species2_scientific | uncertain_interaction",24,TRUE,2022-12-07 17:56:33,"schema_2"
"C:/Users/kelly/OneDrive - Michigan State University/Research/MetaNetworksProject/MetaNetworksProject-Working/L0/taxa_checked_raw/Charadrius_hiaticula_GD_EP.csv","BOW_evidence | effect_sp1_on_sp2 | effect_sp2_on_sp1 | entry_changes | entry_date | interaction | n_studies | name_changes | nonbreedingseason | notesA | notesB | notesC | notesD | OLDsourceA | OLDsourceB | other_species1 | recorder | sourceAupdatedURL | sourceBupdatedURL | sourceCupdatedURL | sourceDupdatedURL | species1_common | species1_scientific | species2_common | species2_scientific | uncertain_interaction",26,TRUE,2026-08-24 15:10:47,"schema_1"
"C:/Users/kelly/OneDrive - Michigan State University/Research/MetaNetworksProject/MetaNetworksProject-Working/L0/taxa_checked_raw/Charadrius_melodus_GD_EP.csv","BOW_evidence | effect_sp1_on_sp2 | effect_sp2_on_sp1 | entry_changes | entry_date | interaction | n_studies | name_changes | nonbreedingseason | notesA | notesB | notesC | notesD | OLDsourceA | OLDsourceB | other_species1 | recorder | sourceAupdatedURL | sourceBupdatedURL | sourceCupdatedURL | sourceDupdatedURL | species1_common | species1_scientific | species2_common | species2_scientific | uncertain_interaction",26,TRUE,2026-08-24 15:10:47,"schema_1"
"C:/Users/kelly/OneDrive - Michigan State University/Research/MetaNetworksProject/MetaNetworksProject-Working/L0/taxa_checked_raw/Charadrius_semipalmatus_GD_EP.csv","BOW_evidence | effect_sp1_on_sp2 | effect_sp2_on_sp1 | entry_changes | entry_date | interaction | n_studies | name_changes | nonbreedingseason | notesA | notesB | notesC | notesD | OLDsourceA | OLDsourceB | other_species1 | recorder | sourceAupdatedURL | sourceBupdatedURL | sourceCupdatedURL | sourceDupdatedURL | species1_common | species1_scientific | species2_common | species2_scientific | uncertain_interaction",26,TRUE,2026-08-24 15:10:47,"schema_1"
"C:/Users/kelly/OneDrive - Michigan State University/Research/MetaNetworksProject/MetaNetworksProject-Working/L0/taxa_checked_raw/charadrius_vociferus.csv","BOW_evidence | effect_sp1_on_sp2 | effect_sp2_on_sp1 | entry_changes | entry_date | interaction | n_studies | nonbreedingseason | notesA | notesB | notesC | notesD | OLDsourceA | OLDsourceB | recorder | sourceAupdatedURL | sourceBupdatedURL | sourceCupdatedURL | sourceDupdatedURL | species1_common | species1_scientific | species2_common | species2_scientific | uncertain_interaction",24,TRUE,2022-12-07 17:56:33,"schema_2"
"C:/Users/kelly/OneDrive - Michigan State University/Research/MetaNetworksProject/MetaNetworksProject-Working/L0/taxa_checked_raw/charadrius_wilsonia.csv","BOW_evidence | effect_sp1_on_sp2 | effect_sp2_on_sp1 | entry_changes | entry_date | interaction | n_studies | nonbreedingseason | notesA | notesB | notesC | notesD | OLDsourceA | OLDsourceB | recorder | sourceAupdatedURL | sourceBupdatedURL | sourceCupdatedURL | sourceDupdatedURL | species1_common | species1_scientific | species2_common | species2_scientific | uncertain_interaction",24,TRUE,2026-08-24 15:10:47,"schema_2"
"C:/Users/kelly/OneDrive - Michigan State University/Research/MetaNetworksProject/MetaNetworksProject-Working/L0/taxa_checked_raw/Chlidonias_niger_EP_IH.csv","BOW_evidence | effect_sp1_on_sp2 | effect_sp2_on_sp1 | entry_changes | entry_date | interaction | n_studies | name_changes | nonbreedingseason | notesA | notesB | notesC | notesD | OLDsourceA | OLDsourceB | recorder | sourceAupdatedURL | sourceBupdatedURL | sourceCupdatedURL | sourceDupdatedURL | species1_common | species1_scientific | species2_common | species2_scientific | uncertain_interaction",25,TRUE,2024-06-01 19:48:34,"schema_5"
"C:/Users/kelly/OneDrive - Michigan State University/Research/MetaNetworksProject/MetaNetworksProject-Working/L0/taxa_checked_raw/Chloroceryle_aenea_MA_IH.csv","BOW_evidence | effect_sp1_on_sp2 | effect_sp2_on_sp1 | entry_changes | entry_date | interaction | n_studies | name_changes | nonbreedingseason | notesA | notesB | notesC | notesD | OLDsourceA | OLDsourceB | other_species1 | recorder | sourceAupdatedURL | sourceBupdatedURL | sourceCupdatedURL | sourceDupdatedURL | species1_common | species1_scientific | species2_common | species2_scientific | uncertain_interaction",26,FALSE,2024-10-28 19:05:38,"schema_1"
"C:/Users/kelly/OneDrive - Michigan State University/Research/MetaNetworksProject/MetaNetworksProject-Working/L0/taxa_checked_raw/Chloroceryle_americana_IH_EP.csv","BOW_evidence | effect_sp1_on_sp2 | effect_sp2_on_sp1 | entry_changes | entry_date | interaction | n_studies | name_changes | nonbreedingseason | notesA | notesB | notesC | notesD | OLDsourceA | OLDsourceB | other_species1 | recorder | sourceAupdatedURL | sourceBupdatedURL | sourceCupdatedURL | sourceDupdatedURL | species1_common | species1_scientific | species2_common | species2_scientific | uncertain_interaction",26,TRUE,2026-08-24 15:10:47,"schema_1"
"C:/Users/kelly/OneDrive - Michigan State University/Research/MetaNetworksProject/MetaNetworksProject-Working/L0/taxa_checked_raw/Chlorophonia_elegantissima_SEP_CR.csv","breeding_migration | DatabaseSearchURL | effect_sp1_on_sp2 | effect_sp2_on_sp1 | entry_changes | entry_date | interaction | interaction_strength | name_changes | other_species1 | recorder | source_citation | source_URL | species1_common | species1_lifestage | species1_scientific | species2_common | species2_lifestage | species2_scientific | text_excerpt | time_of_year | uncertain_interaction",22,TRUE,2026-02-19 18:15:59,"schema_3"
"C:/Users/kelly/OneDrive - Michigan State University/Research/MetaNetworksProject/MetaNetworksProject-Working/L0/taxa_checked_raw/Chlorophonia_occipitalis_AH_CR.csv","breeding_migration | DatabaseSearchURL | effect_sp1_on_sp2 | effect_sp2_on_sp1 | entry_changes | entry_date | interaction | interaction_strength | name_changes | other_species1 | recorder | source_citation | source_URL | species1_common | species1_lifestage | species1_scientific | species2_common | species2_lifestage | species2_scientific | text_excerpt | time_of_year | uncertain_interaction",22,TRUE,2026-04-16 17:04:43,"schema_3"
"C:/Users/kelly/OneDrive - Michigan State University/Research/MetaNetworksProject/MetaNetworksProject-Working/L0/taxa_checked_raw/Chondestes_grammacus_EP_IH.csv","BOW_evidence | effect_sp1_on_sp2 | effect_sp2_on_sp1 | entry_changes | entry_date | interaction | n_studies | name_changes | nonbreedingseason | notesA | notesB | notesC | notesD | OLDsourceA | OLDsourceB | other_species1 | recorder | sourceAupdatedURL | sourceBupdatedURL | sourceCupdatedURL | sourceDupdatedURL | species1_common | species1_scientific | species2_common | species2_scientific | uncertain_interaction",26,TRUE,2024-09-12 17:11:50,"schema_1"
"C:/Users/kelly/OneDrive - Michigan State University/Research/MetaNetworksProject/MetaNetworksProject-Working/L0/taxa_checked_raw/Chondrohierax_uncinatus_EP_IH.csv","BOW_evidence | effect_sp1_on_sp2 | effect_sp2_on_sp1 | entry_changes | entry_date | interaction | n_studies | name_changes | nonbreedingseason | notesA | notesB | notesC | notesD | OLDsourceA | OLDsourceB | other_species1 | recorder | sourceAupdatedURL | sourceBupdatedURL | sourceCupdatedURL | sourceDupdatedURL | species1_common | species1_scientific | species2_common | species2_scientific | uncertain_interaction",26,TRUE,2024-08-23 17:25:40,"schema_1"
"C:/Users/kelly/OneDrive - Michigan State University/Research/MetaNetworksProject/MetaNetworksProject-Working/L0/taxa_checked_raw/chordeiles_acutipennis.csv","BOW_evidence | effect_sp1_on_sp2 | effect_sp2_on_sp1 | entry_changes | entry_date | interaction | n_studies | nonbreedingseason | notesA | notesB | notesC | notesD | OLDsourceA | OLDsourceB | recorder | sourceAupdatedURL | sourceBupdatedURL | sourceCupdatedURL | sourceDupdatedURL | species1_common | species1_scientific | species2_common | species2_scientific | uncertain_interaction",24,TRUE,2022-12-07 17:56:33,"schema_2"
"C:/Users/kelly/OneDrive - Michigan State University/Research/MetaNetworksProject/MetaNetworksProject-Working/L0/taxa_checked_raw/Chordeiles_gundlachii_IH_EP.csv","BOW_evidence | effect_sp1_on_sp2 | effect_sp2_on_sp1 | entry_changes | entry_date | interaction | n_studies | name_changes | nonbreedingseason | notesA | notesB | notesC | notesD | OLDsourceA | OLDsourceB | other_species1 | recorder | sourceAupdatedURL | sourceBupdatedURL | sourceCupdatedURL | sourceDupdatedURL | species1_common | species1_scientific | species2_common | species2_scientific | uncertain_interaction",26,TRUE,2026-08-24 15:10:47,"schema_1"
"C:/Users/kelly/OneDrive - Michigan State University/Research/MetaNetworksProject/MetaNetworksProject-Working/L0/taxa_checked_raw/Chordeiles_minor_EP_IH.csv","BOW_evidence | effect_sp1_on_sp2 | effect_sp2_on_sp1 | entry_changes | entry_date | interaction | n_studies | nonbreedingseason | notesA | notesB | notesC | notesD | OLDsourceA | OLDsourceB | recorder | sourceAupdatedURL | sourceBupdatedURL | sourceCupdatedURL | sourceDupdatedURL | species1_common | species1_scientific | species2_common | species2_scientific | uncertain_interaction",24,TRUE,2024-03-08 18:29:02,"schema_2"
"C:/Users/kelly/OneDrive - Michigan State University/Research/MetaNetworksProject/MetaNetworksProject-Working/L0/taxa_checked_raw/Chroicocephalus_philadelphia_EP_IH.csv","BOW_evidence | effect_sp1_on_sp2 | effect_sp2_on_sp1 | entry_changes | entry_date | interaction | n_studies | name_changes | nonbreedingseason | notesA | notesB | notesC | notesD | OLDsourceA | OLDsourceB | other_species1 | recorder | sourceAupdatedURL | sourceBupdatedURL | sourceCupdatedURL | sourceDupdatedURL | species1_common | species1_scientific | species2_common | species2_scientific | uncertain_interaction",26,TRUE,2024-10-02 16:33:52,"schema_1"
"C:/Users/kelly/OneDrive - Michigan State University/Research/MetaNetworksProject/MetaNetworksProject-Working/L0/taxa_checked_raw/Chroicocephalus_ridibundus_CR_EP.csv","BOW_evidence | effect_sp1_on_sp2 | effect_sp2_on_sp1 | entry_changes | entry_date | interaction | n_studies | name_changes | nonbreedingseason | notesA | notesB | notesC | notesD | OLDsourceA | OLDsourceB | other_species1 | recorder | sourceAupdatedURL | sourceBupdatedURL | sourceCupdatedURL | sourceDupdatedURL | species1_common | species1_scientific | species2_common | species2_scientific | uncertain_interaction",26,TRUE,2023-11-02 17:16:20,"schema_1"
"C:/Users/kelly/OneDrive - Michigan State University/Research/MetaNetworksProject/MetaNetworksProject-Working/L0/taxa_checked_raw/Chrysococcyx_basalis_EP_GD.csv","BOW_evidence | effect_sp1_on_sp2 | effect_sp2_on_sp1 | entry_changes | entry_date | interaction | n_studies | name_changes | nonbreedingseason | notesA | notesB | notesC | notesD | OLDsourceA | OLDsourceB | other_species1 | recorder | sourceAupdatedURL | sourceBupdatedURL | sourceCupdatedURL | sourceDupdatedURL | species1_common | species1_scientific | species2_common | species2_scientific | uncertain_interaction",26,TRUE,2026-08-24 15:10:47,"schema_1"
"C:/Users/kelly/OneDrive - Michigan State University/Research/MetaNetworksProject/MetaNetworksProject-Working/L0/taxa_checked_raw/Chrysococcyx_caprius_GD_EP.csv","BOW_evidence | effect_sp1_on_sp2 | effect_sp2_on_sp1 | entry_changes | entry_date | interaction | n_studies | name_changes | nonbreedingseason | notesA | notesB | notesC | notesD | OLDsourceA | OLDsourceB | other_species1 | recorder | sourceAupdatedURL | sourceBupdatedURL | sourceCupdatedURL | sourceDupdatedURL | species1_common | species1_scientific | species2_common | species2_scientific | uncertain_interaction",26,TRUE,2026-08-24 15:10:47,"schema_1"
"C:/Users/kelly/OneDrive - Michigan State University/Research/MetaNetworksProject/MetaNetworksProject-Working/L0/taxa_checked_raw/Chrysococcyx_cupreus_GD_EP.csv","BOW_evidence | effect_sp1_on_sp2 | effect_sp2_on_sp1 | entry_changes | entry_date | interaction | n_studies | name_changes | nonbreedingseason | notesA | notesB | notesC | notesD | OLDsourceA | OLDsourceB | other_species1 | recorder | sourceAupdatedURL | sourceBupdatedURL | sourceCupdatedURL | sourceDupdatedURL | species1_common | species1_scientific | species2_common | species2_scientific | uncertain_interaction",26,TRUE,2026-08-24 15:10:47,"schema_1"
"C:/Users/kelly/OneDrive - Michigan State University/Research/MetaNetworksProject/MetaNetworksProject-Working/L0/taxa_checked_raw/Chrysococcyx_flavigularis_GD_EP.csv","BOW_evidence | effect_sp1_on_sp2 | effect_sp2_on_sp1 | entry_changes | entry_date | interaction | n_studies | name_changes | nonbreedingseason | notesA | notesB | notesC | notesD | OLDsourceA | OLDsourceB | other_species1 | recorder | sourceAupdatedURL | sourceBupdatedURL | sourceCupdatedURL | sourceDupdatedURL | species1_common | species1_scientific | species2_common | species2_scientific | uncertain_interaction",26,TRUE,2026-08-24 15:10:47,"schema_1"
"C:/Users/kelly/OneDrive - Michigan State University/Research/MetaNetworksProject/MetaNetworksProject-Working/L0/taxa_checked_raw/Chrysococcyx_klaas_CR_GD_EP.csv","BOW_evidence | effect_sp1_on_sp2 | effect_sp2_on_sp1 | entry_changes | entry_date | interaction | n_studies | name_changes | nonbreedingseason | notesA | notesB | notesC | notesD | OLDsourceA | OLDsourceB | other_species1 | recorder | sourceAupdatedURL | sourceBupdatedURL | sourceCupdatedURL | sourceDupdatedURL | species1_common | species1_scientific | species2_common | species2_scientific | uncertain_interaction",26,TRUE,2023-11-30 16:53:57,"schema_1"
"C:/Users/kelly/OneDrive - Michigan State University/Research/MetaNetworksProject/MetaNetworksProject-Working/L0/taxa_checked_raw/Chrysococcyx_lucidus_CR_EP.csv","BOW_evidence | effect_sp1_on_sp2 | effect_sp2_on_sp1 | entry_changes | entry_date | interaction | n_studies | name_changes | nonbreedingseason | notesA | notesB | notesC | notesD | OLDsourceA | OLDsourceB | other_species1 | recorder | sourceAupdatedURL | sourceBupdatedURL | sourceCupdatedURL | sourceDupdatedURL | species1_common | species1_scientific | species2_common | species2_scientific | uncertain_interaction",26,TRUE,2023-11-30 18:17:13,"schema_1"
"C:/Users/kelly/OneDrive - Michigan State University/Research/MetaNetworksProject/MetaNetworksProject-Working/L0/taxa_checked_raw/Chrysococcyx_maculatus_CR_EP.csv","BOW_evidence | effect_sp1_on_sp2 | effect_sp2_on_sp1 | entry_changes | entry_date | interaction | n_studies | name_changes | nonbreedingseason | notesA | notesB | notesC | notesD | OLDsourceA | OLDsourceB | other_species1 | recorder | sourceAupdatedURL | sourceBupdatedURL | sourceCupdatedURL | sourceDupdatedURL | species1_common | species1_scientific | species2_common | species2_scientific | uncertain_interaction",26,TRUE,2024-01-16 20:28:42,"schema_1"
"C:/Users/kelly/OneDrive - Michigan State University/Research/MetaNetworksProject/MetaNetworksProject-Working/L0/taxa_checked_raw/Chrysococcyx_meyerii_CR_EP.csv","BOW_evidence | effect_sp1_on_sp2 | effect_sp2_on_sp1 | entry_changes | entry_date | interaction | n_studies | name_changes | nonbreedingseason | notesA | notesB | notesC | notesD | OLDsourceA | OLDsourceB | other_species1 | recorder | sourceAupdatedURL | sourceBupdatedURL | sourceCupdatedURL | sourceDupdatedURL | species1_common | species1_scientific | species2_common | species2_scientific | uncertain_interaction",26,TRUE,2026-08-24 15:10:47,"schema_1"
"C:/Users/kelly/OneDrive - Michigan State University/Research/MetaNetworksProject/MetaNetworksProject-Working/L0/taxa_checked_raw/Chrysococcyx_minutillus_CR_EP.csv","BOW_evidence | effect_sp1_on_sp2 | effect_sp2_on_sp1 | entry_changes | entry_date | interaction | n_studies | name_changes | nonbreedingseason | notesA | notesB | notesC | notesD | OLDsourceA | OLDsourceB | other_species1 | recorder | sourceAupdatedURL | sourceBupdatedURL | sourceCupdatedURL | sourceDupdatedURL | species1_common | species1_scientific | species2_common | species2_scientific | uncertain_interaction",26,TRUE,2024-01-23 19:28:36,"schema_1"
"C:/Users/kelly/OneDrive - Michigan State University/Research/MetaNetworksProject/MetaNetworksProject-Working/L0/taxa_checked_raw/Chrysococcyx_osculans_CR_EP.csv","BOW_evidence | effect_sp1_on_sp2 | effect_sp2_on_sp1 | entry_changes | entry_date | interaction | n_studies | name_changes | nonbreedingseason | notesA | notesB | notesC | notesD | OLDsourceA | OLDsourceB | other_species1 | recorder | sourceAupdatedURL | sourceBupdatedURL | sourceCupdatedURL | sourceDupdatedURL | species1_common | species1_scientific | species2_common | species2_scientific | uncertain_interaction",26,TRUE,2026-08-24 15:10:47,"schema_1"
"C:/Users/kelly/OneDrive - Michigan State University/Research/MetaNetworksProject/MetaNetworksProject-Working/L0/taxa_checked_raw/Chrysococcyx_ruficollis_CR_EP_IH.csv","BOW_evidence | effect_sp1_on_sp2 | effect_sp2_on_sp1 | entry_changes | entry_date | interaction | n_studies | name_changes | nonbreedingseason | notesA | notesB | notesC | notesD | OLDsourceA | OLDsourceB | other_species1 | recorder | sourceAupdatedURL | sourceBupdatedURL | sourceCupdatedURL | sourceDupdatedURL | species1_common | species1_scientific | species2_common | species2_scientific | uncertain_interaction",26,TRUE,2024-06-03 17:47:46,"schema_1"
"C:/Users/kelly/OneDrive - Michigan State University/Research/MetaNetworksProject/MetaNetworksProject-Working/L0/taxa_checked_raw/Chrysococcyx_xanthorhynchus_CR_EP.csv","BOW_evidence | effect_sp1_on_sp2 | effect_sp2_on_sp1 | entry_changes | entry_date | interaction | n_studies | name_changes | nonbreedingseason | notesA | notesB | notesC | notesD | OLDsourceA | OLDsourceB | other_species1 | recorder | sourceAupdatedURL | sourceBupdatedURL | sourceCupdatedURL | sourceDupdatedURL | species1_common | species1_scientific | species2_common | species2_scientific | uncertain_interaction",26,TRUE,2024-01-23 16:20:14,"schema_1"
"C:/Users/kelly/OneDrive - Michigan State University/Research/MetaNetworksProject/MetaNetworksProject-Working/L0/taxa_checked_raw/Chrysomus_icterocephalus_AJ_EP.csv","BOW_evidence | effect_sp1_on_sp2 | effect_sp2_on_sp1 | entry_changes | entry_date | interaction | n_studies | name_changes | nonbreedingseason | notesA | notesB | notesC | notesD | OLDsourceA | OLDsourceB | other_species1 | recorder | sourceAupdatedURL | sourceBupdatedURL | sourceCupdatedURL | sourceDupdatedURL | species1_common | species1_scientific | species2_common | species2_scientific | uncertain_interaction",26,TRUE,2026-08-24 15:10:47,"schema_1"
"C:/Users/kelly/OneDrive - Michigan State University/Research/MetaNetworksProject/MetaNetworksProject-Working/L0/taxa_checked_raw/Cinclus_mexicanus_JZ_EP.csv","BOW_evidence | effect_sp1_on_sp2 | effect_sp2_on_sp1 | entry_changes | entry_date | interaction | n_studies | name_changes | nonbreedingseason | notesA | notesB | notesC | notesD | OLDsourceA | OLDsourceB | other_species1 | recorder | sourceAupdatedURL | sourceBupdatedURL | sourceCupdatedURL | sourceDupdatedURL | species1_common | species1_scientific | species2_common | species2_scientific | uncertain_interaction",26,TRUE,2026-08-24 15:10:47,"schema_1"
"C:/Users/kelly/OneDrive - Michigan State University/Research/MetaNetworksProject/MetaNetworksProject-Working/L0/taxa_checked_raw/circus_hudsonius.csv","BOW_evidence | effect_sp1_on_sp2 | effect_sp2_on_sp1 | entry_changes | entry_date | interaction | n_studies | nonbreedingseason | notesA | notesB | notesC | notesD | OLDsourceA | OLDsourceB | recorder | sourceAupdatedURL | sourceBupdatedURL | sourceCupdatedURL | sourceDupdatedURL | species1_common | species1_scientific | species2_common | species2_scientific | uncertain_interaction",24,TRUE,2022-12-07 17:56:33,"schema_2"
"C:/Users/kelly/OneDrive - Michigan State University/Research/MetaNetworksProject/MetaNetworksProject-Working/L0/taxa_checked_raw/Cistothorus_palustris_CR_EP.csv","BOW_evidence | effect_sp1_on_sp2 | effect_sp2_on_sp1 | entry_changes | entry_date | interaction | n_studies | name_changes | nonbreedingseason | notesA | notesB | notesC | notesD | OLDsourceA | OLDsourceB | other_species1 | recorder | sourceAupdatedURL | sourceBupdatedURL | sourceCupdatedURL | sourceDupdatedURL | species1_common | species1_scientific | species2_common | species2_scientific | uncertain_interaction",26,TRUE,2026-08-24 15:10:47,"schema_1"
"C:/Users/kelly/OneDrive - Michigan State University/Research/MetaNetworksProject/MetaNetworksProject-Working/L0/taxa_checked_raw/Cistothorus_stellaris_IH_EP.csv","BOW_evidence | effect_sp1_on_sp2 | effect_sp2_on_sp1 | entry_changes | entry_date | interaction | n_studies | name_changes | nonbreedingseason | notesA | notesB | notesC | notesD | OLDsourceA | OLDsourceB | other_species1 | recorder | sourceAupdatedURL | sourceBupdatedURL | sourceCupdatedURL | sourceDupdatedURL | species1_common | species1_scientific | species2_common | species2_scientific | uncertain_interaction",26,TRUE,2026-08-24 15:10:47,"schema_1"
"C:/Users/kelly/OneDrive - Michigan State University/Research/MetaNetworksProject/MetaNetworksProject-Working/L0/taxa_checked_raw/Cistrothorus_platensis_IH_EP.csv","BOW_evidence | effect_sp1_on_sp2 | effect_sp2_on_sp1 | entry_changes | entry_date | interaction | n_studies | name_changes | nonbreedingseason | notesA | notesB | notesC | notesD | OLDsourceA | OLDsourceB | other_species1 | recorder | sourceAupdatedURL | sourceBupdatedURL | sourceCupdatedURL | sourceDupdatedURL | species1_common | species1_scientific | species2_common | species2_scientific | uncertain_interaction",26,TRUE,2026-08-24 15:10:47,"schema_1"
"C:/Users/kelly/OneDrive - Michigan State University/Research/MetaNetworksProject/MetaNetworksProject-Working/L0/taxa_checked_raw/Clamator_coromandus_CR_EP.csv","BOW_evidence | effect_sp1_on_sp2 | effect_sp2_on_sp1 | entry_changes | entry_date | interaction | n_studies | name_changes | nonbreedingseason | notesA | notesB | notesC | notesD | OLDsourceA | OLDsourceB | other_species1 | recorder | sourceAupdatedURL | sourceBupdatedURL | sourceCupdatedURL | sourceDupdatedURL | species1_common | species1_scientific | species2_common | species2_scientific | uncertain_interaction",26,TRUE,2023-12-05 19:33:54,"schema_1"
"C:/Users/kelly/OneDrive - Michigan State University/Research/MetaNetworksProject/MetaNetworksProject-Working/L0/taxa_checked_raw/Clamator_glandarius_CR_EP.csv","BOW_evidence | effect_sp1_on_sp2 | effect_sp2_on_sp1 | entry_changes | entry_date | interaction | n_studies | name_changes | nonbreedingseason | notesA | notesB | notesC | notesD | OLDsourceA | OLDsourceB | other_species1 | recorder | sourceAupdatedURL | sourceBupdatedURL | sourceCupdatedURL | sourceDupdatedURL | species1_common | species1_scientific | species2_common | species2_scientific | uncertain_interaction",26,TRUE,2023-12-05 20:25:18,"schema_1"
"C:/Users/kelly/OneDrive - Michigan State University/Research/MetaNetworksProject/MetaNetworksProject-Working/L0/taxa_checked_raw/Clamator_jacobinus_CR_EP.csv","BOW_evidence | effect_sp1_on_sp2 | effect_sp2_on_sp1 | entry_changes | entry_date | interaction | n_studies | name_changes | nonbreedingseason | notesA | notesB | notesC | notesD | OLDsourceA | OLDsourceB | other_species1 | recorder | sourceAupdatedURL | sourceBupdatedURL | sourceCupdatedURL | sourceDupdatedURL | species1_common | species1_scientific | species2_common | species2_scientific | uncertain_interaction",26,TRUE,2024-01-16 17:37:52,"schema_1"
"C:/Users/kelly/OneDrive - Michigan State University/Research/MetaNetworksProject/MetaNetworksProject-Working/L0/taxa_checked_raw/Clamator_levaillantii_CR_EP.csv","BOW_evidence | effect_sp1_on_sp2 | effect_sp2_on_sp1 | entry_changes | entry_date | interaction | n_studies | name_changes | nonbreedingseason | notesA | notesB | notesC | notesD | OLDsourceA | OLDsourceB | other_species1 | recorder | sourceAupdatedURL | sourceBupdatedURL | sourceCupdatedURL | sourceDupdatedURL | species1_common | species1_scientific | species2_common | species2_scientific | uncertain_interaction",26,TRUE,2026-08-24 15:10:47,"schema_1"
"C:/Users/kelly/OneDrive - Michigan State University/Research/MetaNetworksProject/MetaNetworksProject-Working/L0/taxa_checked_raw/Clangula_hyemalis_EP.csv","BOW_evidence | effect_sp1_on_sp2 | effect_sp2_on_sp1 | entry_changes | entry_date | interaction | n_studies | name_changes | nonbreedingseason | notesA | notesB | notesC | notesD | OLDsourceA | OLDsourceB | other_species1 | recorder | sourceAupdatedURL | sourceBupdatedURL | sourceCupdatedURL | sourceDupdatedURL | species1_common | species1_scientific | species2_common | species2_scientific | uncertain_interaction",26,TRUE,2026-08-24 15:10:47,"schema_1"
"C:/Users/kelly/OneDrive - Michigan State University/Research/MetaNetworksProject/MetaNetworksProject-Working/L0/taxa_checked_raw/Coccothraustes_vespertinus_EP_IH.csv","BOW_evidence | effect_sp1_on_sp2 | effect_sp2_on_sp1 | entry_changes | entry_date | interaction | n_studies | name_changes | nonbreedingseason | notesA | notesB | notesC | notesD | OLDsourceA | OLDsourceB | other_species1 | recorder | sourceAupdatedURL | sourceBupdatedURL | sourceCupdatedURL | sourceDupdatedURL | species1_common | species1_scientific | species2_common | species2_scientific | uncertain_interaction",26,TRUE,2024-09-12 18:05:14,"schema_1"
"C:/Users/kelly/OneDrive - Michigan State University/Research/MetaNetworksProject/MetaNetworksProject-Working/L0/taxa_checked_raw/coccyzus_americanus.csv","BOW_evidence | effect_sp1_on_sp2 | effect_sp2_on_sp1 | entry_changes | entry_date | interaction | n_studies | nonbreedingseason | notesA | notesB | notesC | notesD | OLDsourceA | OLDsourceB | recorder | sourceAupdatedURL | sourceBupdatedURL | sourceCupdatedURL | sourceDupdatedURL | species1_common | species1_scientific | species2_common | species2_scientific | uncertain_interaction",24,TRUE,2022-12-07 17:56:33,"schema_2"
"C:/Users/kelly/OneDrive - Michigan State University/Research/MetaNetworksProject/MetaNetworksProject-Working/L0/taxa_checked_raw/coccyzus_erythropthalmus.csv","BOW_evidence | effect_sp1_on_sp2 | effect_sp2_on_sp1 | entry_changes | entry_date | interaction | n_studies | nonbreedingseason | notesA | notesB | notesC | notesD | OLDsourceA | OLDsourceB | recorder | sourceAupdatedURL | sourceBupdatedURL | sourceCupdatedURL | sourceDupdatedURL | species1_common | species1_scientific | species2_common | species2_scientific | uncertain_interaction",24,TRUE,2022-12-07 17:56:33,"schema_2"
"C:/Users/kelly/OneDrive - Michigan State University/Research/MetaNetworksProject/MetaNetworksProject-Working/L0/taxa_checked_raw/Coccyzus_minor _CR_EP.csv","BOW_evidence | effect_sp1_on_sp2 | effect_sp2_on_sp1 | entry_changes | entry_date | interaction | n_studies | name_changes | nonbreedingseason | notesA | notesB | notesC | notesD | OLDsourceA | OLDsourceB | other_species1 | recorder | sourceAupdatedURL | sourceBupdatedURL | sourceCupdatedURL | sourceDupdatedURL | species1_common | species1_scientific | species2_common | species2_scientific | uncertain_interaction",26,TRUE,2026-08-24 15:10:47,"schema_1"
"C:/Users/kelly/OneDrive - Michigan State University/Research/MetaNetworksProject/MetaNetworksProject-Working/L0/taxa_checked_raw/colaptes_auratus_SZ_EP_PLZ.csv","BOW_evidence | effect_sp1_on_sp2 | effect_sp2_on_sp1 | entry_changes | entry_date | interaction | n_studies | name_changes | nonbreedingseason | notesA | notesB | notesC | notesD | OLDsourceA | OLDsourceB | other_species1 | recorder | sourceAupdatedURL | sourceBupdatedURL | sourceCupdatedURL | sourceDupdatedURL | species1_common | species1_scientific | species2_common | species2_scientific | uncertain_interaction",26,TRUE,2026-08-24 15:10:47,"schema_1"
"C:/Users/kelly/OneDrive - Michigan State University/Research/MetaNetworksProject/MetaNetworksProject-Working/L0/taxa_checked_raw/colaptes_chrysoides.csv","BOW_evidence | effect_sp1_on_sp2 | effect_sp2_on_sp1 | entry_changes | entry_date | interaction | n_studies | nonbreedingseason | notesA | notesB | notesC | notesD | OLDsourceA | OLDsourceB | recorder | sourceAupdatedURL | sourceBupdatedURL | sourceCupdatedURL | sourceDupdatedURL | species1_common | species1_scientific | species2_common | species2_scientific | uncertain_interaction",24,TRUE,2022-12-07 17:56:33,"schema_2"
"C:/Users/kelly/OneDrive - Michigan State University/Research/MetaNetworksProject/MetaNetworksProject-Working/L0/taxa_checked_raw/Colinus_virginianus.csv","BOW_evidence | effect_sp1_on_sp2 | effect_sp2_on_sp1 | entry_changes | entry_date | interaction | n_studies | nonbreedingseason | notesA | notesB | notesC | notesD | OLDsourceA | OLDsourceB | recorder | sourceAupdatedURL | sourceBupdatedURL | sourceCupdatedURL | sourceDupdatedURL | species1_common | species1_scientific | species2_common | species2_scientific | uncertain_interaction",24,TRUE,2026-08-24 15:10:47,"schema_2"
"C:/Users/kelly/OneDrive - Michigan State University/Research/MetaNetworksProject/MetaNetworksProject-Working/L0/taxa_checked_raw/Columba_livia_EP_IH.csv","BOW_evidence | effect_sp1_on_sp2 | effect_sp2_on_sp1 | entry_changes | entry_date | interaction | n_studies | name_changes | nonbreedingseason | notesA | notesB | notesC | notesD | OLDsourceA | OLDsourceB | other_species1 | recorder | sourceAupdatedURL | sourceBupdatedURL | sourceCupdatedURL | sourceDupdatedURL | species1_common | species1_scientific | species2_common | species2_scientific | uncertain_interaction",26,TRUE,2024-06-01 19:54:03,"schema_1"
"C:/Users/kelly/OneDrive - Michigan State University/Research/MetaNetworksProject/MetaNetworksProject-Working/L0/taxa_checked_raw/Columba_palumbus_CR_EP.csv","BOW_evidence | effect_sp1_on_sp2 | effect_sp2_on_sp1 | entry_changes | entry_date | interaction | n_studies | name_changes | nonbreedingseason | notesA | notesB | notesC | notesD | OLDsourceA | OLDsourceB | other_species1 | recorder | sourceAupdatedURL | sourceBupdatedURL | sourceCupdatedURL | sourceDupdatedURL | species1_common | species1_scientific | species2_common | species2_scientific | uncertain_interaction",26,TRUE,2026-08-24 15:10:47,"schema_1"
"C:/Users/kelly/OneDrive - Michigan State University/Research/MetaNetworksProject/MetaNetworksProject-Working/L0/taxa_checked_raw/columbina_inca.csv","BOW_evidence | effect_sp1_on_sp2 | effect_sp2_on_sp1 | entry_changes | entry_date | interaction | n_studies | nonbreedingseason | notesA | notesB | notesC | notesD | OLDsourceA | OLDsourceB | recorder | sourceAupdatedURL | sourceBupdatedURL | sourceCupdatedURL | sourceDupdatedURL | species1_common | species1_scientific | species2_common | species2_scientific | uncertain_interaction",24,TRUE,2022-12-07 17:56:33,"schema_2"
"C:/Users/kelly/OneDrive - Michigan State University/Research/MetaNetworksProject/MetaNetworksProject-Working/L0/taxa_checked_raw/Columbina_passerina_EP_IH.csv","BOW_evidence | effect_sp1_on_sp2 | effect_sp2_on_sp1 | entry_changes | entry_date | interaction | n_studies | name_changes | nonbreedingseason | notesA | notesB | notesC | notesD | OLDsourceA | OLDsourceB | other_species1 | recorder | sourceAupdatedURL | sourceBupdatedURL | sourceCupdatedURL | sourceDupdatedURL | species1_common | species1_scientific | species2_common | species2_scientific | uncertain_interaction",26,TRUE,2024-09-12 18:19:39,"schema_1"
"C:/Users/kelly/OneDrive - Michigan State University/Research/MetaNetworksProject/MetaNetworksProject-Working/L0/taxa_checked_raw/Columbina_talpacoti_EP_IH.csv","BOW_evidence | effect_sp1_on_sp2 | effect_sp2_on_sp1 | entry_changes | entry_date | interaction | n_studies | name_changes | nonbreedingseason | notesA | notesB | notesC | notesD | OLDsourceA | OLDsourceB | other_species1 | recorder | sourceAupdatedURL | sourceBupdatedURL | sourceCupdatedURL | sourceDupdatedURL | species1_common | species1_scientific | species2_common | species2_scientific | uncertain_interaction",26,TRUE,2024-03-22 18:41:46,"schema_1"
"C:/Users/kelly/OneDrive - Michigan State University/Research/MetaNetworksProject/MetaNetworksProject-Working/L0/taxa_checked_raw/Contopus_cooperi_IH_EP.csv","BOW_evidence | effect_sp1_on_sp2 | effect_sp2_on_sp1 | entry_changes | entry_date | interaction | n_studies | name_changes | nonbreedingseason | notesA | notesB | notesC | notesD | OLDsourceA | OLDsourceB | other_species1 | recorder | sourceAupdatedURL | sourceBupdatedURL | sourceCupdatedURL | sourceDupdatedURL | species1_common | species1_scientific | species2_common | species2_scientific | uncertain_interaction",26,TRUE,2026-08-24 15:10:47,"schema_1"
"C:/Users/kelly/OneDrive - Michigan State University/Research/MetaNetworksProject/MetaNetworksProject-Working/L0/taxa_checked_raw/Contopus_pertinax_EP_IH.csv","BOW_evidence | effect_sp1_on_sp2 | effect_sp2_on_sp1 | entry_changes | entry_date | interaction | n_studies | name_changes | nonbreedingseason | notesA | notesB | notesC | notesD | OLDsourceA | OLDsourceB | other_species1 | recorder | sourceAupdatedURL | sourceBupdatedURL | sourceCupdatedURL | sourceDupdatedURL | species1_common | species1_scientific | species2_common | species2_scientific | uncertain_interaction",26,TRUE,2026-02-05 01:52:33,"schema_1"
"C:/Users/kelly/OneDrive - Michigan State University/Research/MetaNetworksProject/MetaNetworksProject-Working/L0/taxa_checked_raw/Contopus_sordidulus_EP_IH.csv","BOW_evidence | effect_sp1_on_sp2 | effect_sp2_on_sp1 | entry_changes | entry_date | interaction | n_studies | name_changes | nonbreedingseason | notesA | notesB | notesC | notesD | OLDsourceA | OLDsourceB | other_species1 | recorder | sourceAupdatedURL | sourceBupdatedURL | sourceCupdatedURL | sourceDupdatedURL | species1_common | species1_scientific | species2_common | species2_scientific | uncertain_interaction",26,TRUE,2024-09-19 17:21:17,"schema_1"
"C:/Users/kelly/OneDrive - Michigan State University/Research/MetaNetworksProject/MetaNetworksProject-Working/L0/taxa_checked_raw/contopus_virens_EP_IH.csv","BOW_evidence | effect_sp1_on_sp2 | effect_sp2_on_sp1 | entry_changes | entry_date | interaction | n_studies | name_changes | nonbreedingseason | notesA | notesB | notesC | notesD | OLDsourceA | OLDsourceB | other_species1 | recorder | sourceAupdatedURL | sourceBupdatedURL | sourceCupdatedURL | sourceDupdatedURL | species1_common | species1_scientific | species2_common | species2_scientific | uncertain_interaction",26,TRUE,2024-06-01 19:57:19,"schema_1"
"C:/Users/kelly/OneDrive - Michigan State University/Research/MetaNetworksProject/MetaNetworksProject-Working/L0/taxa_checked_raw/coragyps_atratus.csv","BOW_evidence | effect_sp1_on_sp2 | effect_sp2_on_sp1 | entry_changes | entry_date | interaction | n_studies | nonbreedingseason | notesA | notesB | notesC | notesD | OLDsourceA | OLDsourceB | recorder | sourceAupdatedURL | sourceBupdatedURL | sourceCupdatedURL | sourceDupdatedURL | species1_common | species1_scientific | species2_common | species2_scientific | uncertain_interaction",24,TRUE,2022-12-07 17:56:33,"schema_2"
"C:/Users/kelly/OneDrive - Michigan State University/Research/MetaNetworksProject/MetaNetworksProject-Working/L0/taxa_checked_raw/corthylio_calendula.csv","BOW_evidence | effect_sp1_on_sp2 | effect_sp2_on_sp1 | entry_changes | entry_date | interaction | n_studies | nonbreedingseason | notesA | notesB | notesC | notesD | OLDsourceA | OLDsourceB | recorder | sourceAupdatedURL | sourceBupdatedURL | sourceCupdatedURL | sourceDupdatedURL | species1_common | species1_scientific | species2_common | species2_scientific | uncertain_interaction",24,TRUE,2022-12-07 17:56:33,"schema_2"
"C:/Users/kelly/OneDrive - Michigan State University/Research/MetaNetworksProject/MetaNetworksProject-Working/L0/taxa_checked_raw/corvid_sp.csv","BOW_evidence | effect_sp1_on_sp2 | effect_sp2_on_sp1 | entry_changes | entry_date | interaction | n_studies | nonbreedingseason | notesA | notesB | notesC | notesD | OLDsourceA | OLDsourceB | recorder | sourceAupdatedURL | sourceBupdatedURL | sourceCupdatedURL | sourceDupdatedURL | species1_common | species1_scientific | species2_common | species2_scientific | uncertain_interaction",24,TRUE,2022-12-07 17:56:33,"schema_2"
"C:/Users/kelly/OneDrive - Michigan State University/Research/MetaNetworksProject/MetaNetworksProject-Working/L0/taxa_checked_raw/corvus_brachyrhynchos.csv","BOW_evidence | effect_sp1_on_sp2 | effect_sp2_on_sp1 | entry_changes | entry_date | interaction | n_studies | nonbreedingseason | notesA | notesB | notesC | notesD | OLDsourceA | OLDsourceB | recorder | sourceAupdatedURL | sourceBupdatedURL | sourceCupdatedURL | sourceDupdatedURL | species1_common | species1_scientific | species2_common | species2_scientific | uncertain_interaction",24,TRUE,2022-12-07 17:56:33,"schema_2"
"C:/Users/kelly/OneDrive - Michigan State University/Research/MetaNetworksProject/MetaNetworksProject-Working/L0/taxa_checked_raw/corvus_brachyrhynchos_caurinus.csv","BOW_evidence | effect_sp1_on_sp2 | effect_sp2_on_sp1 | entry_changes | entry_date | interaction | n_studies | nonbreedingseason | notesA | notesB | notesC | notesD | OLDsourceA | OLDsourceB | recorder | sourceAupdatedURL | sourceBupdatedURL | sourceCupdatedURL | sourceDupdatedURL | species1_common | species1_scientific | species2_common | species2_scientific | uncertain_interaction",24,TRUE,2022-12-07 17:56:33,"schema_2"
"C:/Users/kelly/OneDrive - Michigan State University/Research/MetaNetworksProject/MetaNetworksProject-Working/L0/taxa_checked_raw/corvus_corax.csv","BOW_evidence | effect_sp1_on_sp2 | effect_sp2_on_sp1 | entry_changes | entry_date | interaction | n_studies | nonbreedingseason | notesA | notesB | notesC | notesD | OLDsourceA | OLDsourceB | recorder | sourceAupdatedURL | sourceBupdatedURL | sourceCupdatedURL | sourceDupdatedURL | species1_common | species1_scientific | species2_common | species2_scientific | uncertain_interaction",24,TRUE,2026-08-24 15:10:47,"schema_2"
"C:/Users/kelly/OneDrive - Michigan State University/Research/MetaNetworksProject/MetaNetworksProject-Working/L0/taxa_checked_raw/Corvus_cryptoleucus_IH_EP.csv","BOW_evidence | effect_sp1_on_sp2 | effect_sp2_on_sp1 | entry_changes | entry_date | interaction | n_studies | name_changes | nonbreedingseason | notesA | notesB | notesC | notesD | OLDsourceA | OLDsourceB | other_species1 | recorder | sourceAupdatedURL | sourceBupdatedURL | sourceCupdatedURL | sourceDupdatedURL | species1_common | species1_scientific | species2_common | species2_scientific | uncertain_interaction",26,TRUE,2026-08-24 15:10:47,"schema_1"
"C:/Users/kelly/OneDrive - Michigan State University/Research/MetaNetworksProject/MetaNetworksProject-Working/L0/taxa_checked_raw/Corvus_imparatus_CR_EP.csv","BOW_evidence | effect_sp1_on_sp2 | effect_sp2_on_sp1 | entry_changes | entry_date | interaction | n_studies | name_changes | nonbreedingseason | notesA | notesB | notesC | notesD | OLDsourceA | OLDsourceB | other_species1 | recorder | sourceAupdatedURL | sourceBupdatedURL | sourceCupdatedURL | sourceDupdatedURL | species1_common | species1_scientific | species2_common | species2_scientific | uncertain_interaction",26,TRUE,2026-08-24 15:10:47,"schema_1"
"C:/Users/kelly/OneDrive - Michigan State University/Research/MetaNetworksProject/MetaNetworksProject-Working/L0/taxa_checked_raw/corvus_ossifragus.csv","BOW_evidence | effect_sp1_on_sp2 | effect_sp2_on_sp1 | entry_changes | entry_date | interaction | n_studies | nonbreedingseason | notesA | notesB | notesC | notesD | OLDsourceA | OLDsourceB | recorder | sourceAupdatedURL | sourceBupdatedURL | sourceCupdatedURL | sourceDupdatedURL | species1_common | species1_scientific | species2_common | species2_scientific | uncertain_interaction",24,TRUE,2022-12-07 17:56:33,"schema_2"
"C:/Users/kelly/OneDrive - Michigan State University/Research/MetaNetworksProject/MetaNetworksProject-Working/L0/taxa_checked_raw/Coturnicops_noveboracensis_CR_EP.csv","BOW_evidence | effect_sp1_on_sp2 | effect_sp2_on_sp1 | entry_changes | entry_date | interaction | n_studies | name_changes | nonbreedingseason | notesA | notesB | notesC | notesD | OLDsourceA | OLDsourceB | other_species1 | recorder | sourceAupdatedURL | sourceBupdatedURL | sourceCupdatedURL | sourceDupdatedURL | species1_common | species1_scientific | species2_common | species2_scientific | uncertain_interaction",26,TRUE,2026-08-24 15:10:47,"schema_1"
"C:/Users/kelly/OneDrive - Michigan State University/Research/MetaNetworksProject/MetaNetworksProject-Working/L0/taxa_checked_raw/Crax_rubra_CR_LB.csv","BOW_evidence | effect_sp1_on_sp2 | effect_sp2_on_sp1 | entry_changes | entry_date | interaction | n_studies | name_changes | nonbreedingseason | notesA | notesB | notesC | notesD | OLDsourceA | OLDsourceB | other_species1 | recorder | sourceAupdatedURL | sourceBupdatedURL | sourceCupdatedURL | sourceDupdatedURL | species1_common | species1_scientific | species2_common | species2_scientific | uncertain_interaction",26,TRUE,2026-08-24 15:10:47,"schema_1"
"C:/Users/kelly/OneDrive - Michigan State University/Research/MetaNetworksProject/MetaNetworksProject-Working/L0/taxa_checked_raw/Crotophaga_ani_EP_IH.csv","BOW_evidence | effect_sp1_on_sp2 | effect_sp2_on_sp1 | entry_changes | entry_date | interaction | n_studies | name_changes | nonbreedingseason | notesA | notesB | notesC | notesD | OLDsourceA | OLDsourceB | other_species1 | recorder | sourceAupdatedURL | sourceBupdatedURL | sourceCupdatedURL | sourceDupdatedURL | species1_common | species1_scientific | species2_common | species2_scientific | uncertain_interaction",26,TRUE,2024-07-13 20:44:47,"schema_1"
"C:/Users/kelly/OneDrive - Michigan State University/Research/MetaNetworksProject/MetaNetworksProject-Working/L0/taxa_checked_raw/Crotophaga_sulcirostris_EP_IH.csv","BOW_evidence | effect_sp1_on_sp2 | effect_sp2_on_sp1 | entry_changes | entry_date | interaction | n_studies | name_changes | nonbreedingseason | notesA | notesB | notesC | notesD | OLDsourceA | OLDsourceB | other_species1 | recorder | sourceAupdatedURL | sourceBupdatedURL | sourceCupdatedURL | sourceDupdatedURL | species1_common | species1_scientific | species2_common | species2_scientific | uncertain_interaction",26,TRUE,2024-06-03 17:48:07,"schema_1"
"C:/Users/kelly/OneDrive - Michigan State University/Research/MetaNetworksProject/MetaNetworksProject-Working/L0/taxa_checked_raw/Crypturellus_boucardi_AF_LB.csv","BOW_evidence | effect_sp1_on_sp2 | effect_sp2_on_sp1 | entry_changes | entry_date | interaction | n_studies | name_changes | nonbreedingseason | notesA | notesB | notesC | notesD | OLDsourceA | OLDsourceB | other_species1 | recorder | sourceAupdatedURL | sourceBupdatedURL | sourceCupdatedURL | sourceDupdatedURL | species1_common | species1_scientific | species2_common | species2_scientific | uncertain_interaction",26,TRUE,2026-08-24 15:10:47,"schema_1"
"C:/Users/kelly/OneDrive - Michigan State University/Research/MetaNetworksProject/MetaNetworksProject-Working/L0/taxa_checked_raw/Crypturellus_soui_AF_LB.csv","BOW_evidence | effect_sp1_on_sp2 | effect_sp2_on_sp1 | entry_changes | entry_date | interaction | n_studies | name_changes | nonbreedingseason | notesA | notesB | notesC | notesD | OLDsourceA | OLDsourceB | other_species1 | recorder | sourceAupdatedURL | sourceBupdatedURL | sourceCupdatedURL | sourceDupdatedURL | species1_common | species1_scientific | species2_common | species2_scientific | uncertain_interaction",26,TRUE,2026-08-24 15:10:47,"schema_1"
"C:/Users/kelly/OneDrive - Michigan State University/Research/MetaNetworksProject/MetaNetworksProject-Working/L0/taxa_checked_raw/Cuculus_canorus_GD_EP.csv","BOW_evidence | effect_sp1_on_sp2 | effect_sp2_on_sp1 | entry_changes | entry_date | interaction | n_studies | name_changes | nonbreedingseason | notesA | notesB | notesC | notesD | OLDsourceA | OLDsourceB | other_species1 | recorder | sourceAupdatedURL | sourceBupdatedURL | sourceCupdatedURL | sourceDupdatedURL | species1_common | species1_scientific | species2_common | species2_scientific | uncertain_interaction",26,TRUE,2026-08-24 15:10:47,"schema_1"
"C:/Users/kelly/OneDrive - Michigan State University/Research/MetaNetworksProject/MetaNetworksProject-Working/L0/taxa_checked_raw/Cuculus_clamosus_GD_EP.csv","BOW_evidence | effect_sp1_on_sp2 | effect_sp2_on_sp1 | entry_changes | entry_date | interaction | n_studies | name_changes | nonbreedingseason | notesA | notesB | notesC | notesD | OLDsourceA | OLDsourceB | other_species1 | recorder | sourceAupdatedURL | sourceBupdatedURL | sourceCupdatedURL | sourceDupdatedURL | species1_common | species1_scientific | species2_common | species2_scientific | uncertain_interaction",26,TRUE,2026-08-24 15:10:47,"schema_1"
"C:/Users/kelly/OneDrive - Michigan State University/Research/MetaNetworksProject/MetaNetworksProject-Working/L0/taxa_checked_raw/Cuculus_crassirostris_GD_EP.csv","BOW_evidence | effect_sp1_on_sp2 | effect_sp2_on_sp1 | entry_changes | entry_date | interaction | n_studies | name_changes | nonbreedingseason | notesA | notesB | notesC | notesD | OLDsourceA | OLDsourceB | other_species1 | recorder | sourceAupdatedURL | sourceBupdatedURL | sourceCupdatedURL | sourceDupdatedURL | species1_common | species1_scientific | species2_common | species2_scientific | uncertain_interaction",26,TRUE,2026-08-24 15:10:47,"schema_1"
"C:/Users/kelly/OneDrive - Michigan State University/Research/MetaNetworksProject/MetaNetworksProject-Working/L0/taxa_checked_raw/Cuculus_gularis_GD_EP.csv","BOW_evidence | effect_sp1_on_sp2 | effect_sp2_on_sp1 | entry_changes | entry_date | interaction | n_studies | name_changes | nonbreedingseason | notesA | notesB | notesC | notesD | OLDsourceA | OLDsourceB | other_species1 | recorder | sourceAupdatedURL | sourceBupdatedURL | sourceCupdatedURL | sourceDupdatedURL | species1_common | species1_scientific | species2_common | species2_scientific | uncertain_interaction",26,TRUE,2026-08-24 15:10:47,"schema_1"
"C:/Users/kelly/OneDrive - Michigan State University/Research/MetaNetworksProject/MetaNetworksProject-Working/L0/taxa_checked_raw/Cuculus_lepidus_GD_EP.csv","BOW_evidence | effect_sp1_on_sp2 | effect_sp2_on_sp1 | entry_changes | entry_date | interaction | n_studies | name_changes | nonbreedingseason | notesA | notesB | notesC | notesD | OLDsourceA | OLDsourceB | other_species1 | recorder | sourceAupdatedURL | sourceBupdatedURL | sourceCupdatedURL | sourceDupdatedURL | species1_common | species1_scientific | species2_common | species2_scientific | uncertain_interaction",26,TRUE,2026-08-24 15:10:47,"schema_1"
"C:/Users/kelly/OneDrive - Michigan State University/Research/MetaNetworksProject/MetaNetworksProject-Working/L0/taxa_checked_raw/Cuculus_micropterus_CR_EP.csv","BOW_evidence | effect_sp1_on_sp2 | effect_sp2_on_sp1 | entry_changes | entry_date | interaction | n_studies | name_changes | nonbreedingseason | notesA | notesB | notesC | notesD | OLDsourceA | OLDsourceB | other_species1 | recorder | sourceAupdatedURL | sourceBupdatedURL | sourceCupdatedURL | sourceDupdatedURL | species1_common | species1_scientific | species2_common | species2_scientific | uncertain_interaction",26,TRUE,2026-08-24 15:10:47,"schema_1"
"C:/Users/kelly/OneDrive - Michigan State University/Research/MetaNetworksProject/MetaNetworksProject-Working/L0/taxa_checked_raw/Cuculus_optatus_GD_EP.csv","BOW_evidence | effect_sp1_on_sp2 | effect_sp2_on_sp1 | entry_changes | entry_date | interaction | n_studies | name_changes | nonbreedingseason | notesA | notesB | notesC | notesD | OLDsourceA | OLDsourceB | other_species1 | recorder | sourceAupdatedURL | sourceBupdatedURL | sourceCupdatedURL | sourceDupdatedURL | species1_common | species1_scientific | species2_common | species2_scientific | uncertain_interaction",26,TRUE,2026-08-24 15:10:47,"schema_1"
"C:/Users/kelly/OneDrive - Michigan State University/Research/MetaNetworksProject/MetaNetworksProject-Working/L0/taxa_checked_raw/Cuculus_poliocephalus_GD_EP.csv","BOW_evidence | effect_sp1_on_sp2 | effect_sp2_on_sp1 | entry_changes | entry_date | interaction | n_studies | name_changes | nonbreedingseason | notesA | notesB | notesC | notesD | OLDsourceA | OLDsourceB | other_species1 | recorder | sourceAupdatedURL | sourceBupdatedURL | sourceCupdatedURL | sourceDupdatedURL | species1_common | species1_scientific | species2_common | species2_scientific | uncertain_interaction",26,TRUE,2026-08-24 15:10:47,"schema_1"
"C:/Users/kelly/OneDrive - Michigan State University/Research/MetaNetworksProject/MetaNetworksProject-Working/L0/taxa_checked_raw/Cuculus_rochii_GD_EP.csv","BOW_evidence | effect_sp1_on_sp2 | effect_sp2_on_sp1 | entry_changes | entry_date | interaction | n_studies | name_changes | nonbreedingseason | notesA | notesB | notesC | notesD | OLDsourceA | OLDsourceB | other_species1 | recorder | sourceAupdatedURL | sourceBupdatedURL | sourceCupdatedURL | sourceDupdatedURL | species1_common | species1_scientific | species2_common | species2_scientific | uncertain_interaction",26,TRUE,2026-08-24 15:10:47,"schema_1"
"C:/Users/kelly/OneDrive - Michigan State University/Research/MetaNetworksProject/MetaNetworksProject-Working/L0/taxa_checked_raw/Cuculus_saturatus_GD_EP.csv","BOW_evidence | effect_sp1_on_sp2 | effect_sp2_on_sp1 | entry_changes | entry_date | interaction | n_studies | name_changes | nonbreedingseason | notesA | notesB | notesC | notesD | OLDsourceA | OLDsourceB | other_species1 | recorder | sourceAupdatedURL | sourceBupdatedURL | sourceCupdatedURL | sourceDupdatedURL | species1_common | species1_scientific | species2_common | species2_scientific | uncertain_interaction",26,TRUE,2026-08-24 15:10:47,"schema_1"
"C:/Users/kelly/OneDrive - Michigan State University/Research/MetaNetworksProject/MetaNetworksProject-Working/L0/taxa_checked_raw/Cuculus_solitarius_GD_EP.csv","BOW_evidence | effect_sp1_on_sp2 | effect_sp2_on_sp1 | entry_changes | entry_date | interaction | n_studies | name_changes | nonbreedingseason | notesA | notesB | notesC | notesD | OLDsourceA | OLDsourceB | other_species1 | recorder | sourceAupdatedURL | sourceBupdatedURL | sourceCupdatedURL | sourceDupdatedURL | species1_common | species1_scientific | species2_common | species2_scientific | uncertain_interaction",26,TRUE,2026-08-24 15:10:47,"schema_1"
"C:/Users/kelly/OneDrive - Michigan State University/Research/MetaNetworksProject/MetaNetworksProject-Working/L0/taxa_checked_raw/cyanocitta_cristata.csv","BOW_evidence | effect_sp1_on_sp2 | effect_sp2_on_sp1 | entry_changes | entry_date | interaction | n_studies | nonbreedingseason | notesA | notesB | notesC | notesD | OLDsourceA | OLDsourceB | recorder | sourceAupdatedURL | sourceBupdatedURL | sourceCupdatedURL | sourceDupdatedURL | species1_common | species1_scientific | species2_common | species2_scientific | uncertain_interaction",24,TRUE,2022-12-07 17:56:33,"schema_2"
"C:/Users/kelly/OneDrive - Michigan State University/Research/MetaNetworksProject/MetaNetworksProject-Working/L0/taxa_checked_raw/cyanocitta_stelleri.csv","BOW_evidence | effect_sp1_on_sp2 | effect_sp2_on_sp1 | entry_changes | entry_date | interaction | n_studies | nonbreedingseason | notesA | notesB | notesC | notesD | OLDsourceA | OLDsourceB | recorder | sourceAupdatedURL | sourceBupdatedURL | sourceCupdatedURL | sourceDupdatedURL | species1_common | species1_scientific | species2_common | species2_scientific | uncertain_interaction",24,TRUE,2022-12-07 17:56:33,"schema_2"
"C:/Users/kelly/OneDrive - Michigan State University/Research/MetaNetworksProject/MetaNetworksProject-Working/L0/taxa_checked_raw/Cyanocorax_beecheii_JNS_CR.csv","breeding_migration | DatabaseSearchURL | effect_sp1_on_sp2 | effect_sp2_on_sp1 | entry_changes | entry_date | interaction | interaction_strength | name_changes | other_species1 | recorder | source_citation | source_URL | species1_common | species1_lifestage | species1_scientific | species2_common | species2_lifestage | species2_scientific | text_excerpt | time_of_year | uncertain_interaction",22,TRUE,2025-10-29 15:01:32,"schema_3"
"C:/Users/kelly/OneDrive - Michigan State University/Research/MetaNetworksProject/MetaNetworksProject-Working/L0/taxa_checked_raw/Cyanocorax_dickeyi_VS_CR.csv","breeding_migration | DatabaseSearchURL | effect_sp1_on_sp2 | effect_sp2_on_sp1 | entry_changes | entry_date | interaction | interaction_strength | name_changes | other_species1 | recorder | source_citation | source_URL | species1_common | species1_lifestage | species1_scientific | species2_common | species2_lifestage | species2_scientific | text_excerpt | time_of_year | uncertain_interaction",22,TRUE,2025-10-08 16:34:35,"schema_3"
"C:/Users/kelly/OneDrive - Michigan State University/Research/MetaNetworksProject/MetaNetworksProject-Working/L0/taxa_checked_raw/Cyanocorax_formosus_ECP_CR.csv","breeding_migration | DatabaseSearchURL | effect_sp1_on_sp2 | effect_sp2_on_sp1 | entry_changes | entry_date | interaction | interaction_strength | name_changes | other_species1 | recorder | source_citation | source_URL | species1_common | species1_lifestage | species1_scientific | species2_common | species2_lifestage | species2_scientific | text_excerpt | time_of_year | uncertain_interaction",22,TRUE,2026-06-05 19:58:03,"schema_3"
"C:/Users/kelly/OneDrive - Michigan State University/Research/MetaNetworksProject/MetaNetworksProject-Working/L0/taxa_checked_raw/Cyanocorax_sanblasianus_VS_CR.csv","breeding_migration | DatabaseSearchURL | effect_sp1_on_sp2 | effect_sp2_on_sp1 | entry_changes | entry_date | interaction | interaction_strength | name_changes | other_species1 | recorder | source_citation | source_URL | species1_common | species1_lifestage | species1_scientific | species2_common | species2_lifestage | species2_scientific | text_excerpt | time_of_year | uncertain_interaction",22,TRUE,2025-10-08 16:47:09,"schema_3"
"C:/Users/kelly/OneDrive - Michigan State University/Research/MetaNetworksProject/MetaNetworksProject-Working/L0/taxa_checked_raw/Cyanocorax_yncas_EP_IH.csv","BOW_evidence | effect_sp1_on_sp2 | effect_sp2_on_sp1 | entry_changes | entry_date | interaction | n_studies | name_changes | nonbreedingseason | notesA | notesB | notesC | notesD | OLDsourceA | OLDsourceB | other_species1 | recorder | sourceAupdatedURL | sourceBupdatedURL | sourceCupdatedURL | sourceDupdatedURL | species1_common | species1_scientific | species2_common | species2_scientific | uncertain_interaction",26,TRUE,2024-08-23 17:09:27,"schema_1"
"C:/Users/kelly/OneDrive - Michigan State University/Research/MetaNetworksProject/MetaNetworksProject-Working/L0/taxa_checked_raw/Cyanocorax_yucatanicus_AH_JB.csv","breeding_migration | DatabaseSearchURL | effect_sp1_on_sp2 | effect_sp2_on_sp1 | entry_changes | entry_date | interaction | interaction_strength | name_changes | other_species1 | recorder | source_citation | source_URL | species1_common | species1_lifestage | species1_scientific | species2_common | species2_lifestage | species2_scientific | text_excerpt | time_of_year | uncertain_interaction",22,TRUE,2026-08-24 15:10:47,"schema_3"
"C:/Users/kelly/OneDrive - Michigan State University/Research/MetaNetworksProject/MetaNetworksProject-Working/L0/taxa_checked_raw/Cyanolyca_pumilo_AH_CR.csv","breeding_migration | DatabaseSearchURL | effect_sp1_on_sp2 | effect_sp2_on_sp1 | entry_changes | entry_date | interaction | interaction_strength | name_changes | other_species1 | recorder | source_citation | source_URL | species1_common | species1_lifestage | species1_scientific | species2_common | species2_lifestage | species2_scientific | text_excerpt | time_of_year | uncertain_interaction",22,TRUE,2025-10-07 14:42:21,"schema_3"
"C:/Users/kelly/OneDrive - Michigan State University/Research/MetaNetworksProject/MetaNetworksProject-Working/L0/taxa_checked_raw/Cygnus_buccinator_AH_EP.csv","BOW_evidence | effect_sp1_on_sp2 | effect_sp2_on_sp1 | entry_changes | entry_date | interaction | n_studies | name_changes | nonbreedingseason | notesA | notesB | notesC | notesD | OLDsourceA | OLDsourceB | other_species1 | recorder | sourceAupdatedURL | sourceBupdatedURL | sourceCupdatedURL | sourceDupdatedURL | species1_common | species1_scientific | species2_common | species2_scientific | uncertain_interaction",26,TRUE,2026-08-24 15:10:47,"schema_1"
"C:/Users/kelly/OneDrive - Michigan State University/Research/MetaNetworksProject/MetaNetworksProject-Working/L0/taxa_checked_raw/Cygnus_columbianus_IH_EP.csv","BOW_evidence | effect_sp1_on_sp2 | effect_sp2_on_sp1 | entry_changes | entry_date | interaction | n_studies | name_changes | nonbreedingseason | notesA | notesB | notesC | notesD | OLDsourceA | OLDsourceB | other_species1 | recorder | sourceAupdatedURL | sourceBupdatedURL | sourceCupdatedURL | sourceDupdatedURL | species1_common | species1_scientific | species2_common | species2_scientific | uncertain_interaction",26,TRUE,2026-08-24 15:10:47,"schema_1"
"C:/Users/kelly/OneDrive - Michigan State University/Research/MetaNetworksProject/MetaNetworksProject-Working/L0/taxa_checked_raw/Cygnus_cygnus_GD_EP.csv","BOW_evidence | effect_sp1_on_sp2 | effect_sp2_on_sp1 | entry_changes | entry_date | interaction | n_studies | name_changes | nonbreedingseason | notesA | notesB | notesC | notesD | OLDsourceA | OLDsourceB | other_species1 | recorder | sourceAupdatedURL | sourceBupdatedURL | sourceCupdatedURL | sourceDupdatedURL | species1_common | species1_scientific | species2_common | species2_scientific | uncertain_interaction",26,TRUE,2026-08-24 15:10:47,"schema_1"
"C:/Users/kelly/OneDrive - Michigan State University/Research/MetaNetworksProject/MetaNetworksProject-Working/L0/taxa_checked_raw/Cygnus_olor_IH_EP.csv","BOW_evidence | effect_sp1_on_sp2 | effect_sp2_on_sp1 | entry_changes | entry_date | interaction | n_studies | name_changes | nonbreedingseason | notesA | notesB | notesC | notesD | OLDsourceA | OLDsourceB | other_species1 | recorder | sourceAupdatedURL | sourceBupdatedURL | sourceCupdatedURL | sourceDupdatedURL | species1_common | species1_scientific | species2_common | species2_scientific | uncertain_interaction",26,TRUE,2026-08-24 15:10:47,"schema_1"
"C:/Users/kelly/OneDrive - Michigan State University/Research/MetaNetworksProject/MetaNetworksProject-Working/L0/taxa_checked_raw/Cynanthus_ lawrencei_AJ_IH.csv","BOW_evidence | effect_sp1_on_sp2 | effect_sp2_on_sp1 | entry_changes | entry_date | interaction | n_studies | name_changes | nonbreedingseason | notesA | notesB | notesC | notesD | OLDsourceA | OLDsourceB | other_species1 | recorder | sourceAupdatedURL | sourceBupdatedURL | sourceCupdatedURL | sourceDupdatedURL | species1_common | species1_scientific | species2_common | species2_scientific | uncertain_interaction",26,TRUE,2024-10-28 19:05:38,"schema_1"
"C:/Users/kelly/OneDrive - Michigan State University/Research/MetaNetworksProject/MetaNetworksProject-Working/L0/taxa_checked_raw/Cynanthus_latirostris_EP_IH.csv","BOW_evidence | effect_sp1_on_sp2 | effect_sp2_on_sp1 | entry_changes | entry_date | interaction | n_studies | name_changes | nonbreedingseason | notesA | notesB | notesC | notesD | OLDsourceA | OLDsourceB | other_species1 | recorder | sourceAupdatedURL | sourceBupdatedURL | sourceCupdatedURL | sourceDupdatedURL | species1_common | species1_scientific | species2_common | species2_scientific | uncertain_interaction",26,TRUE,2024-09-19 18:05:54,"schema_1"
"C:/Users/kelly/OneDrive - Michigan State University/Research/MetaNetworksProject/MetaNetworksProject-Working/L0/taxa_checked_raw/Cypseloides_niger_EP_IH.csv","BOW_evidence | effect_sp1_on_sp2 | effect_sp2_on_sp1 | entry_changes | entry_date | interaction | n_studies | name_changes | nonbreedingseason | notesA | notesB | notesC | notesD | OLDsourceA | OLDsourceB | other_species1 | recorder | sourceAupdatedURL | sourceBupdatedURL | sourceCupdatedURL | sourceDupdatedURL | species1_common | species1_scientific | species2_common | species2_scientific | uncertain_interaction",26,TRUE,2024-07-19 18:04:43,"schema_1"
"C:/Users/kelly/OneDrive - Michigan State University/Research/MetaNetworksProject/MetaNetworksProject-Working/L0/taxa_checked_raw/Cyrtonyx_montezumae.csv","BOW_evidence | effect_sp1_on_sp2 | effect_sp2_on_sp1 | entry_changes | entry_date | interaction | n_studies | nonbreedingseason | notesA | notesB | notesC | notesD | OLDsourceA | OLDsourceB | recorder | sourceAupdatedURL | sourceBupdatedURL | sourceCupdatedURL | sourceDupdatedURL | species1_common | species1_scientific | species2_common | species2_scientific | uncertain_interaction",24,TRUE,2026-08-24 15:10:47,"schema_2"
"C:/Users/kelly/OneDrive - Michigan State University/Research/MetaNetworksProject/MetaNetworksProject-Working/L0/taxa_checked_raw/Dendragapus_fuliginosus_CR_EP.csv","BOW_evidence | effect_sp1_on_sp2 | effect_sp2_on_sp1 | entry_changes | entry_date | interaction | n_studies | name_changes | nonbreedingseason | notesA | notesB | notesC | notesD | OLDsourceA | OLDsourceB | other_species1 | recorder | sourceAupdatedURL | sourceBupdatedURL | sourceCupdatedURL | sourceDupdatedURL | species1_common | species1_scientific | species2_common | species2_scientific | uncertain_interaction",26,TRUE,2026-08-24 15:10:47,"schema_1"
"C:/Users/kelly/OneDrive - Michigan State University/Research/MetaNetworksProject/MetaNetworksProject-Working/L0/taxa_checked_raw/dendragapus_obscurus.csv","BOW_evidence | effect_sp1_on_sp2 | effect_sp2_on_sp1 | entry_changes | entry_date | interaction | n_studies | nonbreedingseason | notesA | notesB | notesC | notesD | OLDsourceA | OLDsourceB | recorder | sourceAupdatedURL | sourceBupdatedURL | sourceCupdatedURL | sourceDupdatedURL | species1_common | species1_scientific | species2_common | species2_scientific | uncertain_interaction",24,TRUE,2026-08-24 15:10:47,"schema_2"
"C:/Users/kelly/OneDrive - Michigan State University/Research/MetaNetworksProject/MetaNetworksProject-Working/L0/taxa_checked_raw/Dendrocygna_bicolor_EP.csv","BOW_evidence | effect_sp1_on_sp2 | effect_sp2_on_sp1 | entry_changes | entry_date | interaction | n_studies | name_changes | nonbreedingseason | notesA | notesB | notesC | notesD | OLDsourceA | OLDsourceB | other_species1 | recorder | sourceAupdatedURL | sourceBupdatedURL | sourceCupdatedURL | sourceDupdatedURL | species1_common | species1_scientific | species2_common | species2_scientific | uncertain_interaction",26,TRUE,2026-08-24 15:10:47,"schema_1"
"C:/Users/kelly/OneDrive - Michigan State University/Research/MetaNetworksProject/MetaNetworksProject-Working/L0/taxa_checked_raw/Dendrortyx_leucophrys_AF_LB.csv","BOW_evidence | DatabaseSearchURL | effect_sp1_on_sp2 | effect_sp2_on_sp1 | entry_changes | entry_date | interaction | n_studies | name_changes | nonbreedingseason | notesA | notesB | notesC | notesD | OLDsourceA | OLDsourceB | other_species1 | recorder | sourceAupdatedURL | sourceBupdatedURL | sourceCupdatedURL | sourceDupdatedURL | species1_common | species1_scientific | species2_common | species2_scientific | uncertain_interaction",27,TRUE,2026-08-24 15:10:47,"schema_4"
"C:/Users/kelly/OneDrive - Michigan State University/Research/MetaNetworksProject/MetaNetworksProject-Working/L0/taxa_checked_raw/Dolichonyx_oryzivorus_EP_IH.csv","BOW_evidence | effect_sp1_on_sp2 | effect_sp2_on_sp1 | entry_changes | entry_date | interaction | n_studies | name_changes | nonbreedingseason | notesA | notesB | notesC | notesD | OLDsourceA | OLDsourceB | other_species1 | recorder | sourceAupdatedURL | sourceBupdatedURL | sourceCupdatedURL | sourceDupdatedURL | species1_common | species1_scientific | species2_common | species2_scientific | uncertain_interaction",26,TRUE,2024-09-20 14:52:18,"schema_1"
"C:/Users/kelly/OneDrive - Michigan State University/Research/MetaNetworksProject/MetaNetworksProject-Working/L0/taxa_checked_raw/Doricha_eliza_CR_IH.csv","BOW_evidence | effect_sp1_on_sp2 | effect_sp2_on_sp1 | entry_changes | entry_date | interaction | n_studies | name_changes | nonbreedingseason | notesA | notesB | notesC | notesD | OLDsourceA | OLDsourceB | other_species1 | recorder | sourceAupdatedURL | sourceBupdatedURL | sourceCupdatedURL | sourceDupdatedURL | species1_common | species1_scientific | species2_common | species2_scientific | uncertain_interaction",26,FALSE,2024-10-28 19:05:38,"schema_1"
"C:/Users/kelly/OneDrive - Michigan State University/Research/MetaNetworksProject/MetaNetworksProject-Working/L0/taxa_checked_raw/Dromococcyx_pavoninus_GD_EP.csv","BOW_evidence | effect_sp1_on_sp2 | effect_sp2_on_sp1 | entry_changes | entry_date | interaction | n_studies | name_changes | nonbreedingseason | notesA | notesB | notesC | notesD | OLDsourceA | OLDsourceB | other_species1 | recorder | sourceAupdatedURL | sourceBupdatedURL | sourceCupdatedURL | sourceDupdatedURL | species1_common | species1_scientific | species2_common | species2_scientific | uncertain_interaction",26,TRUE,2026-08-24 15:10:47,"schema_1"
"C:/Users/kelly/OneDrive - Michigan State University/Research/MetaNetworksProject/MetaNetworksProject-Working/L0/taxa_checked_raw/Dromococcyx_phasianellus_GD_EP.csv","BOW_evidence | effect_sp1_on_sp2 | effect_sp2_on_sp1 | entry_changes | entry_date | interaction | n_studies | name_changes | nonbreedingseason | notesA | notesB | notesC | notesD | OLDsourceA | OLDsourceB | other_species1 | recorder | sourceAupdatedURL | sourceBupdatedURL | sourceCupdatedURL | sourceDupdatedURL | species1_common | species1_scientific | species2_common | species2_scientific | uncertain_interaction",26,TRUE,2026-08-24 15:10:47,"schema_1"
"C:/Users/kelly/OneDrive - Michigan State University/Research/MetaNetworksProject/MetaNetworksProject-Working/L0/taxa_checked_raw/dryobates_albolarvatus.csv","BOW_evidence | effect_sp1_on_sp2 | effect_sp2_on_sp1 | entry_changes | entry_date | interaction | n_studies | nonbreedingseason | notesA | notesB | notesC | notesD | OLDsourceA | OLDsourceB | recorder | sourceAupdatedURL | sourceBupdatedURL | sourceCupdatedURL | sourceDupdatedURL | species1_common | species1_scientific | species2_common | species2_scientific | uncertain_interaction",24,TRUE,2022-12-07 17:56:33,"schema_2"
"C:/Users/kelly/OneDrive - Michigan State University/Research/MetaNetworksProject/MetaNetworksProject-Working/L0/taxa_checked_raw/dryobates_arizonae.csv","BOW_evidence | effect_sp1_on_sp2 | effect_sp2_on_sp1 | entry_changes | entry_date | interaction | n_studies | nonbreedingseason | notesA | notesB | notesC | notesD | OLDsourceA | OLDsourceB | recorder | sourceAupdatedURL | sourceBupdatedURL | sourceCupdatedURL | sourceDupdatedURL | species1_common | species1_scientific | species2_common | species2_scientific | uncertain_interaction",24,TRUE,2022-12-07 17:56:33,"schema_2"
"C:/Users/kelly/OneDrive - Michigan State University/Research/MetaNetworksProject/MetaNetworksProject-Working/L0/taxa_checked_raw/dryobates_borealis.csv","BOW_evidence | effect_sp1_on_sp2 | effect_sp2_on_sp1 | entry_changes | entry_date | interaction | n_studies | nonbreedingseason | notesA | notesB | notesC | notesD | OLDsourceA | OLDsourceB | recorder | sourceAupdatedURL | sourceBupdatedURL | sourceCupdatedURL | sourceDupdatedURL | species1_common | species1_scientific | species2_common | species2_scientific | uncertain_interaction",24,TRUE,2022-12-07 17:56:33,"schema_2"
"C:/Users/kelly/OneDrive - Michigan State University/Research/MetaNetworksProject/MetaNetworksProject-Working/L0/taxa_checked_raw/dryobates_nuttallii.csv","BOW_evidence | effect_sp1_on_sp2 | effect_sp2_on_sp1 | entry_changes | entry_date | interaction | n_studies | nonbreedingseason | notesA | notesB | notesC | notesD | OLDsourceA | OLDsourceB | recorder | sourceAupdatedURL | sourceBupdatedURL | sourceCupdatedURL | sourceDupdatedURL | species1_common | species1_scientific | species2_common | species2_scientific | uncertain_interaction",24,TRUE,2022-12-07 17:56:33,"schema_2"
"C:/Users/kelly/OneDrive - Michigan State University/Research/MetaNetworksProject/MetaNetworksProject-Working/L0/taxa_checked_raw/dryobates_pubescens.csv","BOW_evidence | effect_sp1_on_sp2 | effect_sp2_on_sp1 | entry_changes | entry_date | interaction | n_studies | nonbreedingseason | notesA | notesB | notesC | notesD | OLDsourceA | OLDsourceB | recorder | sourceAupdatedURL | sourceBupdatedURL | sourceCupdatedURL | sourceDupdatedURL | species1_common | species1_scientific | species2_common | species2_scientific | uncertain_interaction",24,TRUE,2026-02-25 03:37:11,"schema_2"
"C:/Users/kelly/OneDrive - Michigan State University/Research/MetaNetworksProject/MetaNetworksProject-Working/L0/taxa_checked_raw/dryobates_scalaris.csv","BOW_evidence | effect_sp1_on_sp2 | effect_sp2_on_sp1 | entry_changes | entry_date | interaction | n_studies | nonbreedingseason | notesA | notesB | notesC | notesD | OLDsourceA | OLDsourceB | recorder | sourceAupdatedURL | sourceBupdatedURL | sourceCupdatedURL | sourceDupdatedURL | species1_common | species1_scientific | species2_common | species2_scientific | uncertain_interaction",24,TRUE,2022-12-07 17:56:33,"schema_2"
"C:/Users/kelly/OneDrive - Michigan State University/Research/MetaNetworksProject/MetaNetworksProject-Working/L0/taxa_checked_raw/dryobates_villosus.csv","BOW_evidence | effect_sp1_on_sp2 | effect_sp2_on_sp1 | entry_changes | entry_date | interaction | n_studies | nonbreedingseason | notesA | notesB | notesC | notesD | OLDsourceA | OLDsourceB | recorder | sourceAupdatedURL | sourceBupdatedURL | sourceCupdatedURL | sourceDupdatedURL | species1_common | species1_scientific | species2_common | species2_scientific | uncertain_interaction",24,TRUE,2022-12-07 17:56:33,"schema_2"
"C:/Users/kelly/OneDrive - Michigan State University/Research/MetaNetworksProject/MetaNetworksProject-Working/L0/taxa_checked_raw/dryocopus_pileatus.csv","BOW_evidence | effect_sp1_on_sp2 | effect_sp2_on_sp1 | entry_changes | entry_date | interaction | n_studies | nonbreedingseason | notesA | notesB | notesC | notesD | OLDsourceA | OLDsourceB | recorder | sourceAupdatedURL | sourceBupdatedURL | sourceCupdatedURL | sourceDupdatedURL | species1_common | species1_scientific | species2_common | species2_scientific | uncertain_interaction",24,TRUE,2023-12-12 14:20:35,"schema_2"
"C:/Users/kelly/OneDrive - Michigan State University/Research/MetaNetworksProject/MetaNetworksProject-Working/L0/taxa_checked_raw/Dumetella_carolinensis_EP_IH.csv","BOW_evidence | effect_sp1_on_sp2 | effect_sp2_on_sp1 | entry_changes | entry_date | interaction | n_studies | name_changes | nonbreedingseason | notesA | notesB | notesC | notesD | OLDsourceA | OLDsourceB | other_species1 | recorder | sourceAupdatedURL | sourceBupdatedURL | sourceCupdatedURL | sourceDupdatedURL | species1_common | species1_scientific | species2_common | species2_scientific | uncertain_interaction",26,TRUE,2024-09-25 17:59:02,"schema_1"
"C:/Users/kelly/OneDrive - Michigan State University/Research/MetaNetworksProject/MetaNetworksProject-Working/L0/taxa_checked_raw/Ectopistes_migratorius_GD_EP.csv","BOW_evidence | effect_sp1_on_sp2 | effect_sp2_on_sp1 | entry_changes | entry_date | interaction | n_studies | name_changes | nonbreedingseason | notesA | notesB | notesC | notesD | OLDsourceA | OLDsourceB | other_species1 | recorder | sourceAupdatedURL | sourceBupdatedURL | sourceCupdatedURL | sourceDupdatedURL | species1_common | species1_scientific | species2_common | species2_scientific | uncertain_interaction",26,TRUE,2026-08-24 15:10:47,"schema_1"
"C:/Users/kelly/OneDrive - Michigan State University/Research/MetaNetworksProject/MetaNetworksProject-Working/L0/taxa_checked_raw/Egretta_caerulea_EP_IH.csv","BOW_evidence | effect_sp1_on_sp2 | effect_sp2_on_sp1 | entry_changes | entry_date | interaction | n_studies | name_changes | nonbreedingseason | notesA | notesB | notesC | notesD | OLDsourceA | OLDsourceB | recorder | sourceAupdatedURL | sourceBupdatedURL | sourceCupdatedURL | sourceDupdatedURL | species1_common | species1_scientific | species2_common | species2_scientific | uncertain_interaction",25,TRUE,2024-09-20 15:21:39,"schema_5"
"C:/Users/kelly/OneDrive - Michigan State University/Research/MetaNetworksProject/MetaNetworksProject-Working/L0/taxa_checked_raw/Egretta_garzetta_CR_EP.csv","BOW_evidence | effect_sp1_on_sp2 | effect_sp2_on_sp1 | entry_changes | entry_date | interaction | n_studies | name_changes | nonbreedingseason | notesA | notesB | notesC | notesD | OLDsourceA | OLDsourceB | other_species1 | recorder | sourceAupdatedURL | sourceBupdatedURL | sourceCupdatedURL | sourceDupdatedURL | species1_common | species1_scientific | species2_common | species2_scientific | uncertain_interaction",26,TRUE,2026-08-24 15:10:47,"schema_1"
"C:/Users/kelly/OneDrive - Michigan State University/Research/MetaNetworksProject/MetaNetworksProject-Working/L0/taxa_checked_raw/Egretta_rufescens_CR_EP.csv","BOW_evidence | effect_sp1_on_sp2 | effect_sp2_on_sp1 | entry_changes | entry_date | interaction | n_studies | name_changes | nonbreedingseason | notesA | notesB | notesC | notesD | OLDsourceA | OLDsourceB | other_species1 | recorder | sourceAupdatedURL | sourceBupdatedURL | sourceCupdatedURL | sourceDupdatedURL | species1_common | species1_scientific | species2_common | species2_scientific | uncertain_interaction",26,TRUE,2026-08-24 15:10:47,"schema_1"
"C:/Users/kelly/OneDrive - Michigan State University/Research/MetaNetworksProject/MetaNetworksProject-Working/L0/taxa_checked_raw/Egretta_thula_EP_IH.csv","BOW_evidence | effect_sp1_on_sp2 | effect_sp2_on_sp1 | entry_changes | entry_date | interaction | n_studies | name_changes | nonbreedingseason | notesA | notesB | notesC | notesD | OLDsourceA | OLDsourceB | other_species1 | recorder | sourceAupdatedURL | sourceBupdatedURL | sourceCupdatedURL | sourceDupdatedURL | species1_common | species1_scientific | species2_common | species2_scientific | uncertain_interaction",26,TRUE,2024-10-01 16:22:19,"schema_1"
"C:/Users/kelly/OneDrive - Michigan State University/Research/MetaNetworksProject/MetaNetworksProject-Working/L0/taxa_checked_raw/Egretta_tricolor_EP_IH.csv","BOW_evidence | effect_sp1_on_sp2 | effect_sp2_on_sp1 | entry_changes | entry_date | interaction | n_studies | name_changes | nonbreedingseason | notesA | notesB | notesC | notesD | OLDsourceA | OLDsourceB | other_species1 | recorder | sourceAupdatedURL | sourceBupdatedURL | sourceCupdatedURL | sourceDupdatedURL | species1_common | species1_scientific | species2_common | species2_scientific | uncertain_interaction",26,TRUE,2024-09-20 16:48:12,"schema_1"
"C:/Users/kelly/OneDrive - Michigan State University/Research/MetaNetworksProject/MetaNetworksProject-Working/L0/taxa_checked_raw/Elanoides_forficatus_IH_EP.csv","BOW_evidence | effect_sp1_on_sp2 | effect_sp2_on_sp1 | entry_changes | entry_date | interaction | n_studies | name_changes | nonbreedingseason | notesA | notesB | notesC | notesD | OLDsourceA | OLDsourceB | recorder | sourceAupdatedURL | sourceBupdatedURL | sourceCupdatedURL | sourceDupdatedURL | species1_common | species1_scientific | species2_common | species2_scientific | uncertain_interaction",25,TRUE,2026-08-24 15:10:47,"schema_5"
"C:/Users/kelly/OneDrive - Michigan State University/Research/MetaNetworksProject/MetaNetworksProject-Working/L0/taxa_checked_raw/Elanus_leucurus_IH_EP.csv","BOW_evidence | effect_sp1_on_sp2 | effect_sp2_on_sp1 | entry_changes | entry_date | interaction | n_studies | name_changes | nonbreedingseason | notesA | notesB | notesC | notesD | OLDsourceA | OLDsourceB | recorder | sourceAupdatedURL | sourceBupdatedURL | sourceCupdatedURL | sourceDupdatedURL | species1_common | species1_scientific | species2_common | species2_scientific | uncertain_interaction",25,TRUE,2026-08-24 15:10:47,"schema_5"
"C:/Users/kelly/OneDrive - Michigan State University/Research/MetaNetworksProject/MetaNetworksProject-Working/L0/taxa_checked_raw/empidonax_alnorum.csv","BOW_evidence | effect_sp1_on_sp2 | effect_sp2_on_sp1 | entry_changes | entry_date | interaction | n_studies | nonbreedingseason | notesA | notesB | notesC | notesD | OLDsourceA | OLDsourceB | recorder | sourceAupdatedURL | sourceBupdatedURL | sourceCupdatedURL | sourceDupdatedURL | species1_common | species1_scientific | species2_common | species2_scientific | uncertain_interaction",24,TRUE,2022-12-07 17:56:33,"schema_2"
"C:/Users/kelly/OneDrive - Michigan State University/Research/MetaNetworksProject/MetaNetworksProject-Working/L0/taxa_checked_raw/Empidonax_difficilis_EP_IH.csv","BOW_evidence | effect_sp1_on_sp2 | effect_sp2_on_sp1 | entry_changes | entry_date | interaction | n_studies | name_changes | nonbreedingseason | notesA | notesB | notesC | notesD | OLDsourceA | OLDsourceB | other_species1 | recorder | sourceAupdatedURL | sourceBupdatedURL | sourceCupdatedURL | sourceDupdatedURL | species1_common | species1_scientific | species2_common | species2_scientific | uncertain_interaction",26,TRUE,2024-10-03 18:13:25,"schema_1"
"C:/Users/kelly/OneDrive - Michigan State University/Research/MetaNetworksProject/MetaNetworksProject-Working/L0/taxa_checked_raw/Empidonax_flaviventris_EP_IH.csv","BOW_evidence | effect_sp1_on_sp2 | effect_sp2_on_sp1 | entry_changes | entry_date | interaction | n_studies | name_changes | nonbreedingseason | notesA | notesB | notesC | notesD | OLDsourceA | OLDsourceB | other_species1 | recorder | sourceAupdatedURL | sourceBupdatedURL | sourceCupdatedURL | sourceDupdatedURL | species1_common | species1_scientific | species2_common | species2_scientific | uncertain_interaction",26,TRUE,2024-09-25 18:45:46,"schema_1"
"C:/Users/kelly/OneDrive - Michigan State University/Research/MetaNetworksProject/MetaNetworksProject-Working/L0/taxa_checked_raw/Empidonax_fulvifrons_CR_EP.csv","BOW_evidence | effect_sp1_on_sp2 | effect_sp2_on_sp1 | entry_changes | entry_date | interaction | n_studies | name_changes | nonbreedingseason | notesA | notesB | notesC | notesD | OLDsourceA | OLDsourceB | other_species1 | recorder | sourceAupdatedURL | sourceBupdatedURL | sourceCupdatedURL | sourceDupdatedURL | species1_common | species1_scientific | species2_common | species2_scientific | uncertain_interaction",26,TRUE,2026-08-24 15:10:47,"schema_1"
"C:/Users/kelly/OneDrive - Michigan State University/Research/MetaNetworksProject/MetaNetworksProject-Working/L0/taxa_checked_raw/Empidonax_hammondii_EP_IH.csv","BOW_evidence | effect_sp1_on_sp2 | effect_sp2_on_sp1 | entry_changes | entry_date | interaction | n_studies | name_changes | nonbreedingseason | notesA | notesB | notesC | notesD | OLDsourceA | OLDsourceB | other_species1 | recorder | sourceAupdatedURL | sourceBupdatedURL | sourceCupdatedURL | sourceDupdatedURL | species1_common | species1_scientific | species2_common | species2_scientific | uncertain_interaction",26,TRUE,2024-09-12 17:18:46,"schema_1"
"C:/Users/kelly/OneDrive - Michigan State University/Research/MetaNetworksProject/MetaNetworksProject-Working/L0/taxa_checked_raw/Empidonax_minimus_EP_IH.csv","BOW_evidence | effect_sp1_on_sp2 | effect_sp2_on_sp1 | entry_changes | entry_date | interaction | n_studies | name_changes | nonbreedingseason | notesA | notesB | notesC | notesD | OLDsourceA | OLDsourceB | other_species1 | recorder | sourceAupdatedURL | sourceBupdatedURL | sourceCupdatedURL | sourceDupdatedURL | species1_common | species1_scientific | species2_common | species2_scientific | uncertain_interaction",26,TRUE,2024-10-01 16:41:32,"schema_1"
"C:/Users/kelly/OneDrive - Michigan State University/Research/MetaNetworksProject/MetaNetworksProject-Working/L0/taxa_checked_raw/empidonax_oberholseri.csv","BOW_evidence | effect_sp1_on_sp2 | effect_sp2_on_sp1 | entry_changes | entry_date | interaction | n_studies | nonbreedingseason | notesA | notesB | notesC | notesD | OLDsourceA | OLDsourceB | recorder | sourceAupdatedURL | sourceBupdatedURL | sourceCupdatedURL | sourceDupdatedURL | species1_common | species1_scientific | species2_common | species2_scientific | uncertain_interaction",24,TRUE,2026-02-25 03:37:11,"schema_2"
"C:/Users/kelly/OneDrive - Michigan State University/Research/MetaNetworksProject/MetaNetworksProject-Working/L0/taxa_checked_raw/empidonax_traillii.csv","BOW_evidence | effect_sp1_on_sp2 | effect_sp2_on_sp1 | entry_changes | entry_date | interaction | n_studies | nonbreedingseason | notesA | notesB | notesC | notesD | OLDsourceA | OLDsourceB | recorder | sourceAupdatedURL | sourceBupdatedURL | sourceCupdatedURL | sourceDupdatedURL | species1_common | species1_scientific | species2_common | species2_scientific | uncertain_interaction",24,TRUE,2026-08-24 15:10:47,"schema_2"
"C:/Users/kelly/OneDrive - Michigan State University/Research/MetaNetworksProject/MetaNetworksProject-Working/L0/taxa_checked_raw/Empidonax_virescens_EP_PLZ_IH.csv","BOW_evidence | effect_sp1_on_sp2 | effect_sp2_on_sp1 | entry_changes | entry_date | interaction | n_studies | name_changes | nonbreedingseason | notesA | notesB | notesC | notesD | OLDsourceA | OLDsourceB | other_species1 | recorder | sourceAupdatedURL | sourceBupdatedURL | sourceCupdatedURL | sourceDupdatedURL | species1_common | species1_scientific | species2_common | species2_scientific | uncertain_interaction",26,TRUE,2026-08-24 15:10:47,"schema_1"
"C:/Users/kelly/OneDrive - Michigan State University/Research/MetaNetworksProject/MetaNetworksProject-Working/L0/taxa_checked_raw/empidonax_wrightii.csv","BOW_evidence | effect_sp1_on_sp2 | effect_sp2_on_sp1 | entry_changes | entry_date | interaction | n_studies | nonbreedingseason | notesA | notesB | notesC | notesD | OLDsourceA | OLDsourceB | recorder | sourceAupdatedURL | sourceBupdatedURL | sourceCupdatedURL | sourceDupdatedURL | species1_common | species1_scientific | species2_common | species2_scientific | uncertain_interaction",24,TRUE,2022-12-07 17:56:33,"schema_2"
"C:/Users/kelly/OneDrive - Michigan State University/Research/MetaNetworksProject/MetaNetworksProject-Working/L0/taxa_checked_raw/Eremophila_alpestris_EP_IH.csv","BOW_evidence | effect_sp1_on_sp2 | effect_sp2_on_sp1 | entry_changes | entry_date | interaction | n_studies | name_changes | nonbreedingseason | notesA | notesB | notesC | notesD | OLDsourceA | OLDsourceB | other_species1 | recorder | sourceAupdatedURL | sourceBupdatedURL | sourceCupdatedURL | sourceDupdatedURL | species1_common | species1_scientific | species2_common | species2_scientific | uncertain_interaction",26,TRUE,2024-10-02 16:44:07,"schema_1"
"C:/Users/kelly/OneDrive - Michigan State University/Research/MetaNetworksProject/MetaNetworksProject-Working/L0/taxa_checked_raw/Eudocimus_albus_EP_IH.csv","BOW_evidence | effect_sp1_on_sp2 | effect_sp2_on_sp1 | entry_changes | entry_date | interaction | n_studies | name_changes | nonbreedingseason | notesA | notesB | notesC | notesD | OLDsourceA | OLDsourceB | other_species1 | recorder | sourceAupdatedURL | sourceBupdatedURL | sourceCupdatedURL | sourceDupdatedURL | species1_common | species1_scientific | species2_common | species2_scientific | uncertain_interaction",26,TRUE,2024-07-19 18:45:56,"schema_1"
"C:/Users/kelly/OneDrive - Michigan State University/Research/MetaNetworksProject/MetaNetworksProject-Working/L0/taxa_checked_raw/Eudynamys_melanorhynchus_GD_EP.csv","BOW_evidence | effect_sp1_on_sp2 | effect_sp2_on_sp1 | entry_changes | entry_date | interaction | n_studies | name_changes | nonbreedingseason | notesA | notesB | notesC | notesD | OLDsourceA | OLDsourceB | other_species1 | recorder | sourceAupdatedURL | sourceBupdatedURL | sourceCupdatedURL | sourceDupdatedURL | species1_common | species1_scientific | species2_common | species2_scientific | uncertain_interaction",26,TRUE,2026-08-24 15:10:47,"schema_1"
"C:/Users/kelly/OneDrive - Michigan State University/Research/MetaNetworksProject/MetaNetworksProject-Working/L0/taxa_checked_raw/Eudynamys_orientalis_CR_EP.csv","BOW_evidence | effect_sp1_on_sp2 | effect_sp2_on_sp1 | entry_changes | entry_date | interaction | n_studies | name_changes | nonbreedingseason | notesA | notesB | notesC | notesD | OLDsourceA | OLDsourceB | other_species1 | recorder | sourceAupdatedURL | sourceBupdatedURL | sourceCupdatedURL | sourceDupdatedURL | species1_common | species1_scientific | species2_common | species2_scientific | uncertain_interaction",26,TRUE,2024-03-14 15:25:08,"schema_1"
"C:/Users/kelly/OneDrive - Michigan State University/Research/MetaNetworksProject/MetaNetworksProject-Working/L0/taxa_checked_raw/Eudynamys_scolopaceus_GD_EP.csv","BOW_evidence | effect_sp1_on_sp2 | effect_sp2_on_sp1 | entry_changes | entry_date | interaction | n_studies | name_changes | nonbreedingseason | notesA | notesB | notesC | notesD | OLDsourceA | OLDsourceB | other_species1 | recorder | sourceAupdatedURL | sourceBupdatedURL | sourceCupdatedURL | sourceDupdatedURL | species1_common | species1_scientific | species2_common | species2_scientific | uncertain_interaction",26,TRUE,2026-08-24 15:10:47,"schema_1"
"C:/Users/kelly/OneDrive - Michigan State University/Research/MetaNetworksProject/MetaNetworksProject-Working/L0/taxa_checked_raw/eugenes_fulgens.csv","BOW_evidence | effect_sp1_on_sp2 | effect_sp2_on_sp1 | entry_changes | entry_date | interaction | n_studies | nonbreedingseason | notesA | notesB | notesC | notesD | OLDsourceA | OLDsourceB | recorder | sourceAupdatedURL | sourceBupdatedURL | sourceCupdatedURL | sourceDupdatedURL | species1_common | species1_scientific | species2_common | species2_scientific | uncertain_interaction",24,TRUE,2022-12-07 17:56:33,"schema_2"
"C:/Users/kelly/OneDrive - Michigan State University/Research/MetaNetworksProject/MetaNetworksProject-Working/L0/taxa_checked_raw/euphagus_carolinus.csv","BOW_evidence | effect_sp1_on_sp2 | effect_sp2_on_sp1 | entry_changes | entry_date | interaction | n_studies | nonbreedingseason | notesA | notesB | notesC | notesD | OLDsourceA | OLDsourceB | recorder | sourceAupdatedURL | sourceBupdatedURL | sourceCupdatedURL | sourceDupdatedURL | species1_common | species1_scientific | species2_common | species2_scientific | uncertain_interaction",24,TRUE,2022-12-07 17:56:33,"schema_2"
"C:/Users/kelly/OneDrive - Michigan State University/Research/MetaNetworksProject/MetaNetworksProject-Working/L0/taxa_checked_raw/Euphagus_cyanocephalus_IH_EP.csv","BOW_evidence | effect_sp1_on_sp2 | effect_sp2_on_sp1 | entry_changes | entry_date | interaction | n_studies | name_changes | nonbreedingseason | notesA | notesB | notesC | notesD | OLDsourceA | OLDsourceB | other_species1 | recorder | sourceAupdatedURL | sourceBupdatedURL | sourceCupdatedURL | sourceDupdatedURL | species1_common | species1_scientific | species2_common | species2_scientific | uncertain_interaction",26,TRUE,2026-08-24 15:10:47,"schema_1"
"C:/Users/kelly/OneDrive - Michigan State University/Research/MetaNetworksProject/MetaNetworksProject-Working/L0/taxa_checked_raw/Euphonia_affinis_SEP_CR.csv","breeding_migration | DatabaseSearchURL | effect_sp1_on_sp2 | effect_sp2_on_sp1 | entry_changes | entry_date | interaction | interaction_strength | name_changes | other_species1 | recorder | source_citation | source_URL | species1_common | species1_lifestage | species1_scientific | species2_common | species2_lifestage | species2_scientific | text_excerpt | time_of_year | uncertain_interaction",22,TRUE,2026-04-13 17:18:07,"schema_3"
"C:/Users/kelly/OneDrive - Michigan State University/Research/MetaNetworksProject/MetaNetworksProject-Working/L0/taxa_checked_raw/Euplectes_franciscanus_GD_EP.csv","BOW_evidence | effect_sp1_on_sp2 | effect_sp2_on_sp1 | entry_changes | entry_date | interaction | n_studies | name_changes | nonbreedingseason | notesA | notesB | notesC | notesD | OLDsourceA | OLDsourceB | other_species1 | recorder | sourceAupdatedURL | sourceBupdatedURL | sourceCupdatedURL | sourceDupdatedURL | species1_common | species1_scientific | species2_common | species2_scientific | uncertain_interaction",26,TRUE,2026-08-24 15:10:47,"schema_1"
"C:/Users/kelly/OneDrive - Michigan State University/Research/MetaNetworksProject/MetaNetworksProject-Working/L0/taxa_checked_raw/falco_columbarius.csv","BOW_evidence | effect_sp1_on_sp2 | effect_sp2_on_sp1 | entry_changes | entry_date | interaction | n_studies | nonbreedingseason | notesA | notesB | notesC | notesD | OLDsourceA | OLDsourceB | recorder | sourceAupdatedURL | sourceBupdatedURL | sourceCupdatedURL | sourceDupdatedURL | species1_common | species1_scientific | species2_common | species2_scientific | uncertain_interaction",24,TRUE,2022-12-07 17:56:33,"schema_2"
"C:/Users/kelly/OneDrive - Michigan State University/Research/MetaNetworksProject/MetaNetworksProject-Working/L0/taxa_checked_raw/falco_femoralis.csv","BOW_evidence | effect_sp1_on_sp2 | effect_sp2_on_sp1 | entry_changes | entry_date | interaction | n_studies | nonbreedingseason | notesA | notesB | notesC | notesD | OLDsourceA | OLDsourceB | recorder | sourceAupdatedURL | sourceBupdatedURL | sourceCupdatedURL | sourceDupdatedURL | species1_common | species1_scientific | species2_common | species2_scientific | uncertain_interaction",24,TRUE,2022-12-07 17:56:33,"schema_2"
"C:/Users/kelly/OneDrive - Michigan State University/Research/MetaNetworksProject/MetaNetworksProject-Working/L0/taxa_checked_raw/Falco_mexicanus_JZ_GD_EP.csv","BOW_evidence | effect_sp1_on_sp2 | effect_sp2_on_sp1 | entry_changes | entry_date | interaction | n_studies | name_changes | nonbreedingseason | notesA | notesB | notesC | notesD | OLDsourceA | OLDsourceB | other_species1 | recorder | sourceAupdatedURL | sourceBupdatedURL | sourceCupdatedURL | sourceDupdatedURL | species1_common | species1_scientific | species2_common | species2_scientific | uncertain_interaction",26,TRUE,2026-08-24 15:10:47,"schema_1"
"C:/Users/kelly/OneDrive - Michigan State University/Research/MetaNetworksProject/MetaNetworksProject-Working/L0/taxa_checked_raw/falco_peregrinus.csv","BOW_evidence | effect_sp1_on_sp2 | effect_sp2_on_sp1 | entry_changes | entry_date | interaction | n_studies | nonbreedingseason | notesA | notesB | notesC | notesD | OLDsourceA | OLDsourceB | recorder | sourceAupdatedURL | sourceBupdatedURL | sourceCupdatedURL | sourceDupdatedURL | species1_common | species1_scientific | species2_common | species2_scientific | uncertain_interaction",24,TRUE,2022-12-07 17:56:33,"schema_2"
"C:/Users/kelly/OneDrive - Michigan State University/Research/MetaNetworksProject/MetaNetworksProject-Working/L0/taxa_checked_raw/Falco_rusticolus_IH_EP.csv","BOW_evidence | effect_sp1_on_sp2 | effect_sp2_on_sp1 | entry_changes | entry_date | interaction | n_studies | name_changes | nonbreedingseason | notesA | notesB | notesC | notesD | OLDsourceA | OLDsourceB | other_species1 | recorder | sourceAupdatedURL | sourceBupdatedURL | sourceCupdatedURL | sourceDupdatedURL | species1_common | species1_scientific | species2_common | species2_scientific | uncertain_interaction",26,TRUE,2026-08-24 15:10:47,"schema_1"
"C:/Users/kelly/OneDrive - Michigan State University/Research/MetaNetworksProject/MetaNetworksProject-Working/L0/taxa_checked_raw/falco_sparverius.csv","BOW_evidence | effect_sp1_on_sp2 | effect_sp2_on_sp1 | entry_changes | entry_date | interaction | n_studies | nonbreedingseason | notesA | notesB | notesC | notesD | OLDsourceA | OLDsourceB | recorder | sourceAupdatedURL | sourceBupdatedURL | sourceCupdatedURL | sourceDupdatedURL | species1_common | species1_scientific | species2_common | species2_scientific | uncertain_interaction",24,TRUE,2022-12-07 17:56:33,"schema_2"
"C:/Users/kelly/OneDrive - Michigan State University/Research/MetaNetworksProject/MetaNetworksProject-Working/L0/taxa_checked_raw/Francolinus_francolinus_GD_EP.csv","BOW_evidence | effect_sp1_on_sp2 | effect_sp2_on_sp1 | entry_changes | entry_date | interaction | n_studies | name_changes | nonbreedingseason | notesA | notesB | notesC | notesD | OLDsourceA | OLDsourceB | other_species1 | recorder | sourceAupdatedURL | sourceBupdatedURL | sourceCupdatedURL | sourceDupdatedURL | species1_common | species1_scientific | species2_common | species2_scientific | uncertain_interaction",26,TRUE,2026-08-24 15:10:47,"schema_1"
"C:/Users/kelly/OneDrive - Michigan State University/Research/MetaNetworksProject/MetaNetworksProject-Working/L0/taxa_checked_raw/Fratercula_arctica_EP_IH_AF_MA.csv","BOW_evidence | effect_sp1_on_sp2 | effect_sp2_on_sp1 | entry_changes | entry_date | interaction | n_studies | name_changes | nonbreedingseason | notesA | notesB | notesC | notesD | OLDsourceA | OLDsourceB | other_species1 | recorder | sourceAupdatedURL | sourceBupdatedURL | sourceCupdatedURL | sourceDupdatedURL | species1_common | species1_scientific | species2_common | species2_scientific | uncertain_interaction",26,TRUE,2026-08-24 15:10:47,"schema_1"
"C:/Users/kelly/OneDrive - Michigan State University/Research/MetaNetworksProject/MetaNetworksProject-Working/L0/taxa_checked_raw/Fratercula_cirrhata_CR_EP.csv","BOW_evidence | effect_sp1_on_sp2 | effect_sp2_on_sp1 | entry_changes | entry_date | interaction | n_studies | name_changes | nonbreedingseason | notesA | notesB | notesC | notesD | OLDsourceA | OLDsourceB | other_species1 | recorder | sourceAupdatedURL | sourceBupdatedURL | sourceCupdatedURL | sourceDupdatedURL | species1_common | species1_scientific | species2_common | species2_scientific | uncertain_interaction",26,TRUE,2026-08-24 15:10:47,"schema_1"
"C:/Users/kelly/OneDrive - Michigan State University/Research/MetaNetworksProject/MetaNetworksProject-Working/L0/taxa_checked_raw/Fratercula_corniculata_CR_EP.csv","BOW_evidence | effect_sp1_on_sp2 | effect_sp2_on_sp1 | entry_changes | entry_date | interaction | n_studies | name_changes | nonbreedingseason | notesA | notesB | notesC | notesD | OLDsourceA | OLDsourceB | other_species1 | recorder | sourceAupdatedURL | sourceBupdatedURL | sourceCupdatedURL | sourceDupdatedURL | species1_common | species1_scientific | species2_common | species2_scientific | uncertain_interaction",26,TRUE,2026-08-24 15:10:47,"schema_1"
"C:/Users/kelly/OneDrive - Michigan State University/Research/MetaNetworksProject/MetaNetworksProject-Working/L0/taxa_checked_raw/Fregata_magnificens_EP_IH.csv","BOW_evidence | effect_sp1_on_sp2 | effect_sp2_on_sp1 | entry_changes | entry_date | interaction | n_studies | name_changes | nonbreedingseason | notesA | notesB | notesC | notesD | OLDsourceA | OLDsourceB | other_species1 | recorder | sourceAupdatedURL | sourceBupdatedURL | sourceCupdatedURL | sourceDupdatedURL | species1_common | species1_scientific | species2_common | species2_scientific | uncertain_interaction",26,TRUE,2024-09-26 16:38:35,"schema_1"
"C:/Users/kelly/OneDrive - Michigan State University/Research/MetaNetworksProject/MetaNetworksProject-Working/L0/taxa_checked_raw/Fulica_americana_EP_IH.csv","BOW_evidence | effect_sp1_on_sp2 | effect_sp2_on_sp1 | entry_changes | entry_date | interaction | n_studies | name_changes | nonbreedingseason | notesA | notesB | notesC | notesD | OLDsourceA | OLDsourceB | other_species1 | recorder | sourceAupdatedURL | sourceBupdatedURL | sourceCupdatedURL | sourceDupdatedURL | species1_common | species1_scientific | species2_common | species2_scientific | uncertain_interaction",26,TRUE,2024-10-02 19:07:58,"schema_1"
"C:/Users/kelly/OneDrive - Michigan State University/Research/MetaNetworksProject/MetaNetworksProject-Working/L0/taxa_checked_raw/Fulmarus_glacialis_GD_EP.csv","BOW_evidence | effect_sp1_on_sp2 | effect_sp2_on_sp1 | entry_changes | entry_date | interaction | n_studies | name_changes | nonbreedingseason | notesA | notesB | notesC | notesD | OLDsourceA | OLDsourceB | other_species1 | recorder | sourceAupdatedURL | sourceBupdatedURL | sourceCupdatedURL | sourceDupdatedURL | species1_common | species1_scientific | species2_common | species2_scientific | uncertain_interaction",26,TRUE,2026-08-24 15:10:47,"schema_1"
"C:/Users/kelly/OneDrive - Michigan State University/Research/MetaNetworksProject/MetaNetworksProject-Working/L0/taxa_checked_raw/Gallinago_delicata_EP_IH.csv","BOW_evidence | effect_sp1_on_sp2 | effect_sp2_on_sp1 | entry_changes | entry_date | interaction | n_studies | name_changes | nonbreedingseason | notesA | notesB | notesC | notesD | OLDsourceA | OLDsourceB | other_species1 | recorder | sourceAupdatedURL | sourceBupdatedURL | sourceCupdatedURL | sourceDupdatedURL | species1_common | species1_scientific | species2_common | species2_scientific | uncertain_interaction",26,TRUE,2024-08-01 16:09:48,"schema_1"
"C:/Users/kelly/OneDrive - Michigan State University/Research/MetaNetworksProject/MetaNetworksProject-Working/L0/taxa_checked_raw/Gallinula_galeata_GD_EP.csv","BOW_evidence | effect_sp1_on_sp2 | effect_sp2_on_sp1 | entry_changes | entry_date | interaction | n_studies | name_changes | nonbreedingseason | notesA | notesB | notesC | notesD | OLDsourceA | OLDsourceB | other_species1 | recorder | sourceAupdatedURL | sourceBupdatedURL | sourceCupdatedURL | sourceDupdatedURL | species1_common | species1_scientific | species2_common | species2_scientific | uncertain_interaction",26,TRUE,2026-08-24 15:10:47,"schema_1"
"C:/Users/kelly/OneDrive - Michigan State University/Research/MetaNetworksProject/MetaNetworksProject-Working/L0/taxa_checked_raw/Gallus_gallus_GD_EP.csv","BOW_evidence | effect_sp1_on_sp2 | effect_sp2_on_sp1 | entry_changes | entry_date | interaction | n_studies | name_changes | nonbreedingseason | notesA | notesB | notesC | notesD | OLDsourceA | OLDsourceB | other_species1 | recorder | sourceAupdatedURL | sourceBupdatedURL | sourceCupdatedURL | sourceDupdatedURL | species1_common | species1_scientific | species2_common | species2_scientific | uncertain_interaction",26,TRUE,2026-08-24 15:10:47,"schema_1"
"C:/Users/kelly/OneDrive - Michigan State University/Research/MetaNetworksProject/MetaNetworksProject-Working/L0/taxa_checked_raw/Gavia_adamsii_IH_EP.csv","BOW_evidence | effect_sp1_on_sp2 | effect_sp2_on_sp1 | entry_changes | entry_date | interaction | n_studies | name_changes | nonbreedingseason | notesA | notesB | notesC | notesD | OLDsourceA | OLDsourceB | other_species1 | recorder | sourceAupdatedURL | sourceBupdatedURL | sourceCupdatedURL | sourceDupdatedURL | species1_common | species1_scientific | species2_common | species2_scientific | uncertain_interaction",26,TRUE,2026-08-24 15:10:47,"schema_1"
"C:/Users/kelly/OneDrive - Michigan State University/Research/MetaNetworksProject/MetaNetworksProject-Working/L0/taxa_checked_raw/Gavia_arctica_GD_EP.csv","BOW_evidence | effect_sp1_on_sp2 | effect_sp2_on_sp1 | entry_changes | entry_date | interaction | n_studies | name_changes | nonbreedingseason | notesA | notesB | notesC | notesD | OLDsourceA | OLDsourceB | other_species1 | recorder | sourceAupdatedURL | sourceBupdatedURL | sourceCupdatedURL | sourceDupdatedURL | species1_common | species1_scientific | species2_common | species2_scientific | uncertain_interaction",26,TRUE,2026-08-24 15:10:47,"schema_1"
"C:/Users/kelly/OneDrive - Michigan State University/Research/MetaNetworksProject/MetaNetworksProject-Working/L0/taxa_checked_raw/Gavia_immer_EP_IH.csv","BOW_evidence | effect_sp1_on_sp2 | effect_sp2_on_sp1 | entry_changes | entry_date | interaction | n_studies | name_changes | nonbreedingseason | notesA | notesB | notesC | notesD | OLDsourceA | OLDsourceB | other_species1 | recorder | sourceAupdatedURL | sourceBupdatedURL | sourceCupdatedURL | sourceDupdatedURL | species1_common | species1_scientific | species2_common | species2_scientific | uncertain_interaction",26,TRUE,2024-10-03 17:12:57,"schema_1"
"C:/Users/kelly/OneDrive - Michigan State University/Research/MetaNetworksProject/MetaNetworksProject-Working/L0/taxa_checked_raw/Gavia_pacifica_CR_EP.csv","BOW_evidence | effect_sp1_on_sp2 | effect_sp2_on_sp1 | entry_changes | entry_date | interaction | n_studies | name_changes | nonbreedingseason | notesA | notesB | notesC | notesD | OLDsourceA | OLDsourceB | other_species1 | recorder | sourceAupdatedURL | sourceBupdatedURL | sourceCupdatedURL | sourceDupdatedURL | species1_common | species1_scientific | species2_common | species2_scientific | uncertain_interaction",26,TRUE,2026-08-24 15:10:47,"schema_1"
"C:/Users/kelly/OneDrive - Michigan State University/Research/MetaNetworksProject/MetaNetworksProject-Working/L0/taxa_checked_raw/Gavia_stellata_GD_EP.csv","BOW_evidence | effect_sp1_on_sp2 | effect_sp2_on_sp1 | entry_changes | entry_date | interaction | n_studies | name_changes | nonbreedingseason | notesA | notesB | notesC | notesD | OLDsourceA | OLDsourceB | other_species1 | recorder | sourceAupdatedURL | sourceBupdatedURL | sourceCupdatedURL | sourceDupdatedURL | species1_common | species1_scientific | species2_common | species2_scientific | uncertain_interaction",26,TRUE,2026-08-24 15:10:47,"schema_1"
"C:/Users/kelly/OneDrive - Michigan State University/Research/MetaNetworksProject/MetaNetworksProject-Working/L0/taxa_checked_raw/Gelochelidon_nilotica_CR_EP.csv","BOW_evidence | effect_sp1_on_sp2 | effect_sp2_on_sp1 | entry_changes | entry_date | interaction | n_studies | name_changes | nonbreedingseason | notesA | notesB | notesC | notesD | OLDsourceA | OLDsourceB | other_species1 | recorder | sourceAupdatedURL | sourceBupdatedURL | sourceCupdatedURL | sourceDupdatedURL | species1_common | species1_scientific | species2_common | species2_scientific | uncertain_interaction",26,TRUE,2026-08-24 15:10:47,"schema_1"
"C:/Users/kelly/OneDrive - Michigan State University/Research/MetaNetworksProject/MetaNetworksProject-Working/L0/taxa_checked_raw/Geococcyx_californianus_EP_IH.csv","BOW_evidence | effect_sp1_on_sp2 | effect_sp2_on_sp1 | entry_changes | entry_date | interaction | n_studies | name_changes | nonbreedingseason | notesA | notesB | notesC | notesD | OLDsourceA | OLDsourceB | other_species1 | recorder | sourceAupdatedURL | sourceBupdatedURL | sourceCupdatedURL | sourceDupdatedURL | species1_common | species1_scientific | species2_common | species2_scientific | uncertain_interaction",26,TRUE,2024-07-19 19:59:14,"schema_1"
"C:/Users/kelly/OneDrive - Michigan State University/Research/MetaNetworksProject/MetaNetworksProject-Working/L0/taxa_checked_raw/Geopelia_striata_CR_EP.csv","BOW_evidence | effect_sp1_on_sp2 | effect_sp2_on_sp1 | entry_changes | entry_date | interaction | n_studies | name_changes | nonbreedingseason | notesA | notesB | notesC | notesD | OLDsourceA | OLDsourceB | other_species1 | recorder | sourceAupdatedURL | sourceBupdatedURL | sourceCupdatedURL | sourceDupdatedURL | species1_common | species1_scientific | species2_common | species2_scientific | uncertain_interaction",26,TRUE,2026-08-24 15:10:47,"schema_1"
"C:/Users/kelly/OneDrive - Michigan State University/Research/MetaNetworksProject/MetaNetworksProject-Working/L0/taxa_checked_raw/Geothlypis_ poliocephala_AJ_EP.csv","BOW_evidence | effect_sp1_on_sp2 | effect_sp2_on_sp1 | entry_changes | entry_date | interaction | n_studies | name_changes | nonbreedingseason | notesA | notesB | notesC | notesD | OLDsourceA | OLDsourceB | other_species1 | recorder | sourceAupdatedURL | sourceBupdatedURL | sourceCupdatedURL | sourceDupdatedURL | species1_common | species1_scientific | species2_common | species2_scientific | uncertain_interaction",26,TRUE,2026-08-24 15:10:47,"schema_1"
"C:/Users/kelly/OneDrive - Michigan State University/Research/MetaNetworksProject/MetaNetworksProject-Working/L0/taxa_checked_raw/Geothlypis_formosa_EP_IH.csv","BOW_evidence | effect_sp1_on_sp2 | effect_sp2_on_sp1 | entry_changes | entry_date | interaction | n_studies | name_changes | nonbreedingseason | notesA | notesB | notesC | notesD | OLDsourceA | OLDsourceB | other_species1 | recorder | sourceAupdatedURL | sourceBupdatedURL | sourceCupdatedURL | sourceDupdatedURL | species1_common | species1_scientific | species2_common | species2_scientific | uncertain_interaction",26,TRUE,2024-09-25 19:13:47,"schema_1"
"C:/Users/kelly/OneDrive - Michigan State University/Research/MetaNetworksProject/MetaNetworksProject-Working/L0/taxa_checked_raw/Geothlypis_philadelphia_EP_IH.csv","BOW_evidence | effect_sp1_on_sp2 | effect_sp2_on_sp1 | entry_changes | entry_date | interaction | n_studies | name_changes | nonbreedingseason | notesA | notesB | notesC | notesD | OLDsourceA | OLDsourceB | other_species1 | recorder | sourceAupdatedURL | sourceBupdatedURL | sourceCupdatedURL | sourceDupdatedURL | species1_common | species1_scientific | species2_common | species2_scientific | uncertain_interaction",26,TRUE,2024-09-27 16:22:44,"schema_1"
"C:/Users/kelly/OneDrive - Michigan State University/Research/MetaNetworksProject/MetaNetworksProject-Working/L0/taxa_checked_raw/geothlypis_tolmiei.csv","BOW_evidence | effect_sp1_on_sp2 | effect_sp2_on_sp1 | entry_changes | entry_date | interaction | n_studies | nonbreedingseason | notesA | notesB | notesC | notesD | OLDsourceA | OLDsourceB | recorder | sourceAupdatedURL | sourceBupdatedURL | sourceCupdatedURL | sourceDupdatedURL | species1_common | species1_scientific | species2_common | species2_scientific | uncertain_interaction",24,TRUE,2022-12-07 17:56:33,"schema_2"
"C:/Users/kelly/OneDrive - Michigan State University/Research/MetaNetworksProject/MetaNetworksProject-Working/L0/taxa_checked_raw/Geothlypis_trichas_EP_IH.csv","BOW_evidence | effect_sp1_on_sp2 | effect_sp2_on_sp1 | entry_changes | entry_date | interaction | n_studies | name_changes | nonbreedingseason | notesA | notesB | notesC | notesD | OLDsourceA | OLDsourceB | other_species1 | recorder | sourceAupdatedURL | sourceBupdatedURL | sourceCupdatedURL | sourceDupdatedURL | species1_common | species1_scientific | species2_common | species2_scientific | uncertain_interaction",26,TRUE,2024-10-03 16:04:12,"schema_1"
"C:/Users/kelly/OneDrive - Michigan State University/Research/MetaNetworksProject/MetaNetworksProject-Working/L0/taxa_checked_raw/Geranoaetus_albicaudatus_EP_IH.csv","BOW_evidence | effect_sp1_on_sp2 | effect_sp2_on_sp1 | entry_changes | entry_date | interaction | n_studies | name_changes | nonbreedingseason | notesA | notesB | notesC | notesD | OLDsourceA | OLDsourceB | other_species1 | recorder | sourceAupdatedURL | sourceBupdatedURL | sourceCupdatedURL | sourceDupdatedURL | species1_common | species1_scientific | species2_common | species2_scientific | uncertain_interaction",26,TRUE,2024-10-09 15:55:52,"schema_1"
"C:/Users/kelly/OneDrive - Michigan State University/Research/MetaNetworksProject/MetaNetworksProject-Working/L0/taxa_checked_raw/glaucidium_brasilianum.csv","BOW_evidence | effect_sp1_on_sp2 | effect_sp2_on_sp1 | entry_changes | entry_date | interaction | n_studies | nonbreedingseason | notesA | notesB | notesC | notesD | OLDsourceA | OLDsourceB | recorder | sourceAupdatedURL | sourceBupdatedURL | sourceCupdatedURL | sourceDupdatedURL | species1_common | species1_scientific | species2_common | species2_scientific | uncertain_interaction",24,TRUE,2022-12-07 17:56:33,"schema_2"
"C:/Users/kelly/OneDrive - Michigan State University/Research/MetaNetworksProject/MetaNetworksProject-Working/L0/taxa_checked_raw/glaucidium_gnoma.csv","BOW_evidence | effect_sp1_on_sp2 | effect_sp2_on_sp1 | entry_changes | entry_date | interaction | n_studies | nonbreedingseason | notesA | notesB | notesC | notesD | OLDsourceA | OLDsourceB | recorder | sourceAupdatedURL | sourceBupdatedURL | sourceCupdatedURL | sourceDupdatedURL | species1_common | species1_scientific | species2_common | species2_scientific | uncertain_interaction",24,TRUE,2022-12-07 17:56:33,"schema_2"
"C:/Users/kelly/OneDrive - Michigan State University/Research/MetaNetworksProject/MetaNetworksProject-Working/L0/taxa_checked_raw/Grus_americana_GD_EP.csv","BOW_evidence | effect_sp1_on_sp2 | effect_sp2_on_sp1 | entry_changes | entry_date | interaction | n_studies | name_changes | nonbreedingseason | notesA | notesB | notesC | notesD | OLDsourceA | OLDsourceB | other_species1 | recorder | sourceAupdatedURL | sourceBupdatedURL | sourceCupdatedURL | sourceDupdatedURL | species1_common | species1_scientific | species2_common | species2_scientific | uncertain_interaction",26,TRUE,2026-08-24 15:10:47,"schema_1"
"C:/Users/kelly/OneDrive - Michigan State University/Research/MetaNetworksProject/MetaNetworksProject-Working/L0/taxa_checked_raw/gull_sp.csv","BOW_evidence | effect_sp1_on_sp2 | effect_sp2_on_sp1 | entry_changes | entry_date | interaction | n_studies | nonbreedingseason | notesA | notesB | notesC | notesD | OLDsourceA | OLDsourceB | recorder | sourceAupdatedURL | sourceBupdatedURL | sourceCupdatedURL | sourceDupdatedURL | species1_common | species1_scientific | species2_common | species2_scientific | uncertain_interaction",24,TRUE,2022-12-07 17:56:33,"schema_2"
"C:/Users/kelly/OneDrive - Michigan State University/Research/MetaNetworksProject/MetaNetworksProject-Working/L0/taxa_checked_raw/Gymnogyps_californianus_IH_EP.csv","BOW_evidence | effect_sp1_on_sp2 | effect_sp2_on_sp1 | entry_changes | entry_date | interaction | n_studies | name_changes | nonbreedingseason | notesA | notesB | notesC | notesD | OLDsourceA | OLDsourceB | recorder | sourceAupdatedURL | sourceBupdatedURL | sourceCupdatedURL | sourceDupdatedURL | species1_common | species1_scientific | species2_common | species2_scientific | uncertain_interaction",25,TRUE,2026-08-24 15:10:47,"schema_5"
"C:/Users/kelly/OneDrive - Michigan State University/Research/MetaNetworksProject/MetaNetworksProject-Working/L0/taxa_checked_raw/gymnorhinus_cyanocephalus.csv","BOW_evidence | effect_sp1_on_sp2 | effect_sp2_on_sp1 | entry_changes | entry_date | interaction | n_studies | nonbreedingseason | notesA | notesB | notesC | notesD | OLDsourceA | OLDsourceB | recorder | sourceAupdatedURL | sourceBupdatedURL | sourceCupdatedURL | sourceDupdatedURL | species1_common | species1_scientific | species2_common | species2_scientific | uncertain_interaction",24,TRUE,2022-12-07 17:56:33,"schema_2"
"C:/Users/kelly/OneDrive - Michigan State University/Research/MetaNetworksProject/MetaNetworksProject-Working/L0/taxa_checked_raw/Haematopus_bachmani_EP_IH.csv","BOW_evidence | effect_sp1_on_sp2 | effect_sp2_on_sp1 | entry_changes | entry_date | interaction | n_studies | name_changes | nonbreedingseason | notesA | notesB | notesC | notesD | OLDsourceA | OLDsourceB | other_species1 | recorder | sourceAupdatedURL | sourceBupdatedURL | sourceCupdatedURL | sourceDupdatedURL | species1_common | species1_scientific | species2_common | species2_scientific | uncertain_interaction",26,TRUE,2024-09-27 16:37:16,"schema_1"
"C:/Users/kelly/OneDrive - Michigan State University/Research/MetaNetworksProject/MetaNetworksProject-Working/L0/taxa_checked_raw/Haematopus_palliatus_EP.csv","BOW_evidence | effect_sp1_on_sp2 | effect_sp2_on_sp1 | entry_changes | entry_date | interaction | n_studies | name_changes | nonbreedingseason | notesA | notesB | notesC | notesD | OLDsourceA | OLDsourceB | other_species1 | recorder | sourceAupdatedURL | sourceBupdatedURL | sourceCupdatedURL | sourceDupdatedURL | species1_common | species1_scientific | species2_common | species2_scientific | uncertain_interaction",26,TRUE,2024-10-09 16:16:22,"schema_1"
"C:/Users/kelly/OneDrive - Michigan State University/Research/MetaNetworksProject/MetaNetworksProject-Working/L0/taxa_checked_raw/Haemorhous_cassinii_EP_IH.csv","BOW_evidence | effect_sp1_on_sp2 | effect_sp2_on_sp1 | entry_changes | entry_date | interaction | n_studies | name_changes | nonbreedingseason | notesA | notesB | notesC | notesD | OLDsourceA | OLDsourceB | other_species1 | recorder | sourceAupdatedURL | sourceBupdatedURL | sourceCupdatedURL | sourceDupdatedURL | species1_common | species1_scientific | species2_common | species2_scientific | uncertain_interaction",26,TRUE,2024-10-03 18:28:17,"schema_1"
"C:/Users/kelly/OneDrive - Michigan State University/Research/MetaNetworksProject/MetaNetworksProject-Working/L0/taxa_checked_raw/haemorhous_mexicanus.csv","BOW_evidence | effect_sp1_on_sp2 | effect_sp2_on_sp1 | entry_changes | entry_date | interaction | n_studies | nonbreedingseason | notesA | notesB | notesC | notesD | OLDsourceA | OLDsourceB | recorder | sourceAupdatedURL | sourceBupdatedURL | sourceCupdatedURL | sourceDupdatedURL | species1_common | species1_scientific | species2_common | species2_scientific | uncertain_interaction",24,TRUE,2022-12-07 17:56:33,"schema_2"
"C:/Users/kelly/OneDrive - Michigan State University/Research/MetaNetworksProject/MetaNetworksProject-Working/L0/taxa_checked_raw/Haemorhous_purpureus_EP_IH.csv","BOW_evidence | effect_sp1_on_sp2 | effect_sp2_on_sp1 | entry_changes | entry_date | interaction | n_studies | name_changes | nonbreedingseason | notesA | notesB | notesC | notesD | OLDsourceA | OLDsourceB | other_species1 | recorder | sourceAupdatedURL | sourceBupdatedURL | sourceCupdatedURL | sourceDupdatedURL | species1_common | species1_scientific | species2_common | species2_scientific | uncertain_interaction",26,TRUE,2024-10-09 17:07:09,"schema_1"
"C:/Users/kelly/OneDrive - Michigan State University/Research/MetaNetworksProject/MetaNetworksProject-Working/L0/taxa_checked_raw/haliaeetus_leucocephalus.csv","BOW_evidence | effect_sp1_on_sp2 | effect_sp2_on_sp1 | entry_changes | entry_date | interaction | n_studies | nonbreedingseason | notesA | notesB | notesC | notesD | OLDsourceA | OLDsourceB | recorder | sourceAupdatedURL | sourceBupdatedURL | sourceCupdatedURL | sourceDupdatedURL | species1_common | species1_scientific | species2_common | species2_scientific | uncertain_interaction",24,TRUE,2022-12-07 17:56:33,"schema_2"
"C:/Users/kelly/OneDrive - Michigan State University/Research/MetaNetworksProject/MetaNetworksProject-Working/L0/taxa_checked_raw/Helmitheros_vermivorum_EP_IH.csv","BOW_evidence | effect_sp1_on_sp2 | effect_sp2_on_sp1 | entry_changes | entry_date | interaction | n_studies | name_changes | nonbreedingseason | notesA | notesB | notesC | notesD | OLDsourceA | OLDsourceB | other_species1 | recorder | sourceAupdatedURL | sourceBupdatedURL | sourceCupdatedURL | sourceDupdatedURL | species1_common | species1_scientific | species2_common | species2_scientific | uncertain_interaction",26,TRUE,2024-04-05 18:04:54,"schema_1"
"C:/Users/kelly/OneDrive - Michigan State University/Research/MetaNetworksProject/MetaNetworksProject-Working/L0/taxa_checked_raw/Henicorhina_leucophrys_SEP_CR.csv","breeding_migration | DatabaseSearchURL | effect_sp1_on_sp2 | effect_sp2_on_sp1 | entry_changes | entry_date | interaction | interaction_strength | name_changes | other_species1 | recorder | source_citation | source_URL | species1_common | species1_lifestage | species1_scientific | species2_common | species2_lifestage | species2_scientific | text_excerpt | time_of_year | uncertain_interaction",22,TRUE,2026-02-02 19:29:42,"schema_3"
"C:/Users/kelly/OneDrive - Michigan State University/Research/MetaNetworksProject/MetaNetworksProject-Working/L0/taxa_checked_raw/Heteronetta_atricapilla_CR_EP.csv","BOW_evidence | effect_sp1_on_sp2 | effect_sp2_on_sp1 | entry_changes | entry_date | interaction | n_studies | name_changes | nonbreedingseason | notesA | notesB | notesC | notesD | OLDsourceA | OLDsourceB | other_species1 | recorder | sourceAupdatedURL | sourceBupdatedURL | sourceCupdatedURL | sourceDupdatedURL | species1_common | species1_scientific | species2_common | species2_scientific | uncertain_interaction",26,TRUE,2026-08-24 15:10:47,"schema_1"
"C:/Users/kelly/OneDrive - Michigan State University/Research/MetaNetworksProject/MetaNetworksProject-Working/L0/taxa_checked_raw/Hierococcyx_bocki_GD_EP.csv","BOW_evidence | effect_sp1_on_sp2 | effect_sp2_on_sp1 | entry_changes | entry_date | interaction | n_studies | name_changes | nonbreedingseason | notesA | notesB | notesC | notesD | OLDsourceA | OLDsourceB | other_species1 | recorder | sourceAupdatedURL | sourceBupdatedURL | sourceCupdatedURL | sourceDupdatedURL | species1_common | species1_scientific | species2_common | species2_scientific | uncertain_interaction",26,TRUE,2026-08-24 15:10:47,"schema_1"
"C:/Users/kelly/OneDrive - Michigan State University/Research/MetaNetworksProject/MetaNetworksProject-Working/L0/taxa_checked_raw/Hierococcyx_fugax_CR_EP.csv","BOW_evidence | effect_sp1_on_sp2 | effect_sp2_on_sp1 | entry_changes | entry_date | interaction | n_studies | name_changes | nonbreedingseason | notesA | notesB | notesC | notesD | OLDsourceA | OLDsourceB | other_species1 | recorder | sourceAupdatedURL | sourceBupdatedURL | sourceCupdatedURL | sourceDupdatedURL | species1_common | species1_scientific | species2_common | species2_scientific | uncertain_interaction",26,TRUE,2026-08-24 15:10:47,"schema_1"
"C:/Users/kelly/OneDrive - Michigan State University/Research/MetaNetworksProject/MetaNetworksProject-Working/L0/taxa_checked_raw/Hierococcyx_hyperythrus_CR_EP.csv","BOW_evidence | effect_sp1_on_sp2 | effect_sp2_on_sp1 | entry_changes | entry_date | interaction | n_studies | name_changes | nonbreedingseason | notesA | notesB | notesC | notesD | OLDsourceA | OLDsourceB | other_species1 | recorder | sourceAupdatedURL | sourceBupdatedURL | sourceCupdatedURL | sourceDupdatedURL | species1_common | species1_scientific | species2_common | species2_scientific | uncertain_interaction",26,TRUE,2026-08-24 15:10:47,"schema_1"
"C:/Users/kelly/OneDrive - Michigan State University/Research/MetaNetworksProject/MetaNetworksProject-Working/L0/taxa_checked_raw/Hierococcyx_nisicolor_CR_EP.csv","BOW_evidence | effect_sp1_on_sp2 | effect_sp2_on_sp1 | entry_changes | entry_date | interaction | n_studies | name_changes | nonbreedingseason | notesA | notesB | notesC | notesD | OLDsourceA | OLDsourceB | other_species1 | recorder | sourceAupdatedURL | sourceBupdatedURL | sourceCupdatedURL | sourceDupdatedURL | species1_common | species1_scientific | species2_common | species2_scientific | uncertain_interaction",26,TRUE,2024-02-15 21:43:20,"schema_1"
"C:/Users/kelly/OneDrive - Michigan State University/Research/MetaNetworksProject/MetaNetworksProject-Working/L0/taxa_checked_raw/Hierococcyx_vagans_GD_EP.csv","BOW_evidence | effect_sp1_on_sp2 | effect_sp2_on_sp1 | entry_changes | entry_date | interaction | n_studies | name_changes | nonbreedingseason | notesA | notesB | notesC | notesD | OLDsourceA | OLDsourceB | other_species1 | recorder | sourceAupdatedURL | sourceBupdatedURL | sourceCupdatedURL | sourceDupdatedURL | species1_common | species1_scientific | species2_common | species2_scientific | uncertain_interaction",26,TRUE,2026-08-24 15:10:47,"schema_1"
"C:/Users/kelly/OneDrive - Michigan State University/Research/MetaNetworksProject/MetaNetworksProject-Working/L0/taxa_checked_raw/Hierococcyx_varius_CR_EP.csv","BOW_evidence | effect_sp1_on_sp2 | effect_sp2_on_sp1 | entry_changes | entry_date | interaction | n_studies | name_changes | nonbreedingseason | notesA | notesB | notesC | notesD | OLDsourceA | OLDsourceB | other_species1 | recorder | sourceAupdatedURL | sourceBupdatedURL | sourceCupdatedURL | sourceDupdatedURL | species1_common | species1_scientific | species2_common | species2_scientific | uncertain_interaction",26,TRUE,2024-03-14 15:54:49,"schema_1"
"C:/Users/kelly/OneDrive - Michigan State University/Research/MetaNetworksProject/MetaNetworksProject-Working/L0/taxa_checked_raw/Himantopus_mexicanus_EP_IH.csv","BOW_evidence | effect_sp1_on_sp2 | effect_sp2_on_sp1 | entry_changes | entry_date | interaction | n_studies | name_changes | nonbreedingseason | notesA | notesB | notesC | notesD | OLDsourceA | OLDsourceB | other_species1 | recorder | sourceAupdatedURL | sourceBupdatedURL | sourceCupdatedURL | sourceDupdatedURL | species1_common | species1_scientific | species2_common | species2_scientific | uncertain_interaction",26,TRUE,2024-10-16 17:39:02,"schema_1"
"C:/Users/kelly/OneDrive - Michigan State University/Research/MetaNetworksProject/MetaNetworksProject-Working/L0/taxa_checked_raw/Hirundo_rustica_EP_IH.csv","BOW_evidence | effect_sp1_on_sp2 | effect_sp2_on_sp1 | entry_changes | entry_date | interaction | n_studies | name_changes | nonbreedingseason | notesA | notesB | notesC | notesD | OLDsourceA | OLDsourceB | other_species1 | recorder | sourceAupdatedURL | sourceBupdatedURL | sourceCupdatedURL | sourceDupdatedURL | species1_common | species1_scientific | species2_common | species2_scientific | uncertain_interaction",26,TRUE,2024-10-16 18:58:21,"schema_1"
"C:/Users/kelly/OneDrive - Michigan State University/Research/MetaNetworksProject/MetaNetworksProject-Working/L0/taxa_checked_raw/Histrionicus_histrionicus_GD_EP.csv","BOW_evidence | effect_sp1_on_sp2 | effect_sp2_on_sp1 | entry_changes | entry_date | interaction | n_studies | name_changes | nonbreedingseason | notesA | notesB | notesC | notesD | OLDsourceA | OLDsourceB | other_species1 | recorder | sourceAupdatedURL | sourceBupdatedURL | sourceCupdatedURL | sourceDupdatedURL | species1_common | species1_scientific | species2_common | species2_scientific | uncertain_interaction",26,TRUE,2026-08-24 15:10:47,"schema_1"
"C:/Users/kelly/OneDrive - Michigan State University/Research/MetaNetworksProject/MetaNetworksProject-Working/L0/taxa_checked_raw/Hydrobates_cheimomnestes_GD_EP.csv","BOW_evidence | effect_sp1_on_sp2 | effect_sp2_on_sp1 | entry_changes | entry_date | interaction | n_studies | name_changes | nonbreedingseason | notesA | notesB | notesC | notesD | OLDsourceA | OLDsourceB | other_species1 | recorder | sourceAupdatedURL | sourceBupdatedURL | sourceCupdatedURL | sourceDupdatedURL | species1_common | species1_scientific | species2_common | species2_scientific | uncertain_interaction",26,TRUE,2026-08-24 15:10:47,"schema_1"
"C:/Users/kelly/OneDrive - Michigan State University/Research/MetaNetworksProject/MetaNetworksProject-Working/L0/taxa_checked_raw/Hydrobates_leucorhous_IH_EP.csv","BOW_evidence | effect_sp1_on_sp2 | effect_sp2_on_sp1 | entry_changes | entry_date | interaction | n_studies | name_changes | nonbreedingseason | notesA | notesB | notesC | notesD | OLDsourceA | OLDsourceB | recorder | sourceAupdatedURL | sourceBupdatedURL | sourceCupdatedURL | sourceDupdatedURL | species1_common | species1_scientific | species2_common | species2_scientific | uncertain_interaction",25,TRUE,2026-08-24 15:10:47,"schema_5"
"C:/Users/kelly/OneDrive - Michigan State University/Research/MetaNetworksProject/MetaNetworksProject-Working/L0/taxa_checked_raw/Hydrobates_socorroensis_CR_EP.csv","BOW_evidence | effect_sp1_on_sp2 | effect_sp2_on_sp1 | entry_changes | entry_date | interaction | n_studies | name_changes | nonbreedingseason | notesA | notesB | notesC | notesD | OLDsourceA | OLDsourceB | other_species1 | recorder | sourceAupdatedURL | sourceBupdatedURL | sourceCupdatedURL | sourceDupdatedURL | species1_common | species1_scientific | species2_common | species2_scientific | uncertain_interaction",26,TRUE,2026-08-24 15:10:47,"schema_1"
"C:/Users/kelly/OneDrive - Michigan State University/Research/MetaNetworksProject/MetaNetworksProject-Working/L0/taxa_checked_raw/Hydrocoloeus_minutus_IH_EP.csv","BOW_evidence | effect_sp1_on_sp2 | effect_sp2_on_sp1 | entry_changes | entry_date | interaction | n_studies | nonbreedingseason | notesA | notesB | notesC | notesD | OLDsourceA | OLDsourceB | recorder | sourceAupdatedURL | sourceBupdatedURL | sourceCupdatedURL | sourceDupdatedURL | species1_common | species1_scientific | species2_common | species2_scientific | uncertain_interaction",24,TRUE,2026-08-24 15:10:47,"schema_2"
"C:/Users/kelly/OneDrive - Michigan State University/Research/MetaNetworksProject/MetaNetworksProject-Working/L0/taxa_checked_raw/Hydroprogne_caspia_EP_IH.csv","BOW_evidence | effect_sp1_on_sp2 | effect_sp2_on_sp1 | entry_changes | entry_date | interaction | n_studies | name_changes | nonbreedingseason | notesA | notesB | notesC | notesD | OLDsourceA | OLDsourceB | other_species1 | recorder | sourceAupdatedURL | sourceBupdatedURL | sourceCupdatedURL | sourceDupdatedURL | species1_common | species1_scientific | species2_common | species2_scientific | uncertain_interaction",26,TRUE,2024-10-17 17:05:24,"schema_1"
"C:/Users/kelly/OneDrive - Michigan State University/Research/MetaNetworksProject/MetaNetworksProject-Working/L0/taxa_checked_raw/Hylocichla_mustelina_EP_IH.csv","BOW_evidence | effect_sp1_on_sp2 | effect_sp2_on_sp1 | entry_changes | entry_date | interaction | n_studies | name_changes | nonbreedingseason | notesA | notesB | notesC | notesD | OLDsourceA | OLDsourceB | other_species1 | recorder | sourceAupdatedURL | sourceBupdatedURL | sourceCupdatedURL | sourceDupdatedURL | species1_common | species1_scientific | species2_common | species2_scientific | uncertain_interaction",26,TRUE,2024-07-20 20:15:06,"schema_1"
"C:/Users/kelly/OneDrive - Michigan State University/Research/MetaNetworksProject/MetaNetworksProject-Working/L0/taxa_checked_raw/Hylomanes_momotula_GD_IH.csv","BOW_evidence | effect_sp1_on_sp2 | effect_sp2_on_sp1 | entry_changes | entry_date | interaction | n_studies | name_changes | nonbreedingseason | notesA | notesB | notesC | notesD | OLDsourceA | OLDsourceB | other_species1 | recorder | sourceAupdatedURL | sourceBupdatedURL | sourceCupdatedURL | sourceDupdatedURL | species1_common | species1_scientific | species2_common | species2_scientific | uncertain_interaction",26,FALSE,2024-10-28 19:05:38,"schema_1"
"C:/Users/kelly/OneDrive - Michigan State University/Research/MetaNetworksProject/MetaNetworksProject-Working/L0/taxa_checked_raw/Hylorchilus_sumichrasti_JNS_CR.csv","breeding_migration | DatabaseSearchURL | effect_sp1_on_sp2 | effect_sp2_on_sp1 | entry_changes | entry_date | interaction | interaction_strength | name_changes | other_species1 | recorder | source_citation | source_URL | species1_common | species1_lifestage | species1_scientific | species2_common | species2_lifestage | species2_scientific | text_excerpt | time_of_year | uncertain_interaction",22,TRUE,2025-10-01 16:20:40,"schema_3"
"C:/Users/kelly/OneDrive - Michigan State University/Research/MetaNetworksProject/MetaNetworksProject-Working/L0/taxa_checked_raw/Icteria_virens_EP_IH.csv","BOW_evidence | effect_sp1_on_sp2 | effect_sp2_on_sp1 | entry_changes | entry_date | interaction | n_studies | name_changes | nonbreedingseason | notesA | notesB | notesC | notesD | OLDsourceA | OLDsourceB | other_species1 | recorder | sourceAupdatedURL | sourceBupdatedURL | sourceCupdatedURL | sourceDupdatedURL | species1_common | species1_scientific | species2_common | species2_scientific | uncertain_interaction",26,TRUE,2024-07-20 21:33:19,"schema_1"
"C:/Users/kelly/OneDrive - Michigan State University/Research/MetaNetworksProject/MetaNetworksProject-Working/L0/taxa_checked_raw/Icterus_bullockii_EP_IH.csv","BOW_evidence | effect_sp1_on_sp2 | effect_sp2_on_sp1 | entry_changes | entry_date | interaction | n_studies | name_changes | nonbreedingseason | notesA | notesB | notesC | notesD | OLDsourceA | OLDsourceB | other_species1 | recorder | sourceAupdatedURL | sourceBupdatedURL | sourceCupdatedURL | sourceDupdatedURL | species1_common | species1_scientific | species2_common | species2_scientific | uncertain_interaction",26,TRUE,2024-10-17 17:39:37,"schema_1"
"C:/Users/kelly/OneDrive - Michigan State University/Research/MetaNetworksProject/MetaNetworksProject-Working/L0/taxa_checked_raw/Icterus_cucullatus_EP_IH.csv","BOW_evidence | effect_sp1_on_sp2 | effect_sp2_on_sp1 | entry_changes | entry_date | interaction | n_studies | name_changes | nonbreedingseason | notesA | notesB | notesC | notesD | OLDsourceA | OLDsourceB | other_species1 | recorder | sourceAupdatedURL | sourceBupdatedURL | sourceCupdatedURL | sourceDupdatedURL | species1_common | species1_scientific | species2_common | species2_scientific | uncertain_interaction",26,TRUE,2024-10-03 19:18:07,"schema_1"
"C:/Users/kelly/OneDrive - Michigan State University/Research/MetaNetworksProject/MetaNetworksProject-Working/L0/taxa_checked_raw/icterus_galbula.csv","BOW_evidence | effect_sp1_on_sp2 | effect_sp2_on_sp1 | entry_changes | entry_date | interaction | n_studies | nonbreedingseason | notesA | notesB | notesC | notesD | OLDsourceA | OLDsourceB | recorder | sourceAupdatedURL | sourceBupdatedURL | sourceCupdatedURL | sourceDupdatedURL | species1_common | species1_scientific | species2_common | species2_scientific | uncertain_interaction",24,TRUE,2022-12-07 17:56:33,"schema_2"
"C:/Users/kelly/OneDrive - Michigan State University/Research/MetaNetworksProject/MetaNetworksProject-Working/L0/taxa_checked_raw/Icterus_graduacauda_EP_IH.csv","BOW_evidence | effect_sp1_on_sp2 | effect_sp2_on_sp1 | entry_changes | entry_date | interaction | n_studies | name_changes | nonbreedingseason | notesA | notesB | notesC | notesD | OLDsourceA | OLDsourceB | other_species1 | recorder | sourceAupdatedURL | sourceBupdatedURL | sourceCupdatedURL | sourceDupdatedURL | species1_common | species1_scientific | species2_common | species2_scientific | uncertain_interaction",26,TRUE,2026-02-05 01:52:33,"schema_1"
"C:/Users/kelly/OneDrive - Michigan State University/Research/MetaNetworksProject/MetaNetworksProject-Working/L0/taxa_checked_raw/Icterus_gularis_EP_IH.csv","BOW_evidence | effect_sp1_on_sp2 | effect_sp2_on_sp1 | entry_changes | entry_date | interaction | n_studies | name_changes | nonbreedingseason | notesA | notesB | notesC | notesD | OLDsourceA | OLDsourceB | other_species1 | recorder | sourceAupdatedURL | sourceBupdatedURL | sourceCupdatedURL | sourceDupdatedURL | species1_common | species1_scientific | species2_common | species2_scientific | uncertain_interaction",26,TRUE,2026-02-05 01:52:33,"schema_1"
"C:/Users/kelly/OneDrive - Michigan State University/Research/MetaNetworksProject/MetaNetworksProject-Working/L0/taxa_checked_raw/Icterus_maculialatus_AH_LM.csv","breeding_migration | DatabaseSearchURL | effect_sp1_on_sp2 | effect_sp2_on_sp1 | entry_changes | entry_date | interaction | interaction_strength | name_changes | other_species1 | recorder | source_citation | source_URL | species1_common | species1_lifestage | species1_scientific | species2_common | species2_lifestage | species2_scientific | text_excerpt | time_of_year | uncertain_interaction",22,TRUE,2026-08-24 15:10:47,"schema_3"
"C:/Users/kelly/OneDrive - Michigan State University/Research/MetaNetworksProject/MetaNetworksProject-Working/L0/taxa_checked_raw/Icterus_parisorum_EP_IH.csv","BOW_evidence | effect_sp1_on_sp2 | effect_sp2_on_sp1 | entry_changes | entry_date | interaction | n_studies | name_changes | nonbreedingseason | notesA | notesB | notesC | notesD | OLDsourceA | OLDsourceB | other_species1 | recorder | sourceAupdatedURL | sourceBupdatedURL | sourceCupdatedURL | sourceDupdatedURL | species1_common | species1_scientific | species2_common | species2_scientific | uncertain_interaction",26,TRUE,2024-10-16 19:14:02,"schema_1"
"C:/Users/kelly/OneDrive - Michigan State University/Research/MetaNetworksProject/MetaNetworksProject-Working/L0/taxa_checked_raw/Icterus_pectoralis_AH_EP.csv","BOW_evidence | effect_sp1_on_sp2 | effect_sp2_on_sp1 | entry_changes | entry_date | interaction | n_studies | name_changes | nonbreedingseason | notesA | notesB | notesC | notesD | OLDsourceA | OLDsourceB | other_species1 | recorder | sourceAupdatedURL | sourceBupdatedURL | sourceCupdatedURL | sourceDupdatedURL | species1_common | species1_scientific | species2_common | species2_scientific | uncertain_interaction",26,TRUE,2026-08-24 15:10:47,"schema_1"
"C:/Users/kelly/OneDrive - Michigan State University/Research/MetaNetworksProject/MetaNetworksProject-Working/L0/taxa_checked_raw/Icterus_spurius_EP_IH.csv","BOW_evidence | effect_sp1_on_sp2 | effect_sp2_on_sp1 | entry_changes | entry_date | interaction | n_studies | name_changes | nonbreedingseason | notesA | notesB | notesC | notesD | OLDsourceA | OLDsourceB | other_species1 | recorder | sourceAupdatedURL | sourceBupdatedURL | sourceCupdatedURL | sourceDupdatedURL | species1_common | species1_scientific | species2_common | species2_scientific | uncertain_interaction",26,TRUE,2024-10-16 19:26:22,"schema_1"
"C:/Users/kelly/OneDrive - Michigan State University/Research/MetaNetworksProject/MetaNetworksProject-Working/L0/taxa_checked_raw/Ictinia_mississippiensis_IH_EP.csv","BOW_evidence | effect_sp1_on_sp2 | effect_sp2_on_sp1 | entry_changes | entry_date | interaction | n_studies | name_changes | nonbreedingseason | notesA | notesB | notesC | notesD | OLDsourceA | OLDsourceB | other_species1 | recorder | sourceAupdatedURL | sourceBupdatedURL | sourceCupdatedURL | sourceDupdatedURL | species1_common | species1_scientific | species2_common | species2_scientific | uncertain_interaction",26,TRUE,2026-08-24 15:10:47,"schema_1"
"C:/Users/kelly/OneDrive - Michigan State University/Research/MetaNetworksProject/MetaNetworksProject-Working/L0/taxa_checked_raw/Indicator_archipelagicus_GD_EP.csv","BOW_evidence | effect_sp1_on_sp2 | effect_sp2_on_sp1 | entry_changes | entry_date | interaction | n_studies | name_changes | nonbreedingseason | notesA | notesB | notesC | notesD | OLDsourceA | OLDsourceB | other_species1 | recorder | sourceAupdatedURL | sourceBupdatedURL | sourceCupdatedURL | sourceDupdatedURL | species1_common | species1_scientific | species2_common | species2_scientific | uncertain_interaction",26,TRUE,2026-08-24 15:10:47,"schema_1"
"C:/Users/kelly/OneDrive - Michigan State University/Research/MetaNetworksProject/MetaNetworksProject-Working/L0/taxa_checked_raw/Indicator_exilis_CR_EP.csv","BOW_evidence | effect_sp1_on_sp2 | effect_sp2_on_sp1 | entry_changes | entry_date | interaction | n_studies | name_changes | nonbreedingseason | notesA | notesB | notesC | notesD | OLDsourceA | OLDsourceB | other_species1 | recorder | sourceAupdatedURL | sourceBupdatedURL | sourceCupdatedURL | sourceDupdatedURL | species1_common | species1_scientific | species2_common | species2_scientific | uncertain_interaction",26,TRUE,2026-08-24 15:10:47,"schema_1"
"C:/Users/kelly/OneDrive - Michigan State University/Research/MetaNetworksProject/MetaNetworksProject-Working/L0/taxa_checked_raw/Indicator_indicator_CR_EP.csv","BOW_evidence | effect_sp1_on_sp2 | effect_sp2_on_sp1 | entry_changes | entry_date | interaction | n_studies | name_changes | nonbreedingseason | notesA | notesB | notesC | notesD | OLDsourceA | OLDsourceB | other_species1 | recorder | sourceAupdatedURL | sourceBupdatedURL | sourceCupdatedURL | sourceDupdatedURL | species1_common | species1_scientific | species2_common | species2_scientific | uncertain_interaction",26,TRUE,2024-02-29 21:20:44,"schema_1"
"C:/Users/kelly/OneDrive - Michigan State University/Research/MetaNetworksProject/MetaNetworksProject-Working/L0/taxa_checked_raw/Indicator_maculatus_CR_EP.csv","BOW_evidence | effect_sp1_on_sp2 | effect_sp2_on_sp1 | entry_changes | entry_date | interaction | n_studies | name_changes | nonbreedingseason | notesA | notesB | notesC | notesD | OLDsourceA | OLDsourceB | other_species1 | recorder | sourceAupdatedURL | sourceBupdatedURL | sourceCupdatedURL | sourceDupdatedURL | species1_common | species1_scientific | species2_common | species2_scientific | uncertain_interaction",26,TRUE,2026-08-24 15:10:47,"schema_1"
"C:/Users/kelly/OneDrive - Michigan State University/Research/MetaNetworksProject/MetaNetworksProject-Working/L0/taxa_checked_raw/Indicator_meliphilus_CR_EP.csv","BOW_evidence | effect_sp1_on_sp2 | effect_sp2_on_sp1 | entry_changes | entry_date | interaction | n_studies | name_changes | nonbreedingseason | notesA | notesB | notesC | notesD | OLDsourceA | OLDsourceB | other_species1 | recorder | sourceAupdatedURL | sourceBupdatedURL | sourceCupdatedURL | sourceDupdatedURL | species1_common | species1_scientific | species2_common | species2_scientific | uncertain_interaction",26,TRUE,2026-08-24 15:10:47,"schema_1"
"C:/Users/kelly/OneDrive - Michigan State University/Research/MetaNetworksProject/MetaNetworksProject-Working/L0/taxa_checked_raw/Indicator_minor_GD_EP.csv","BOW_evidence | effect_sp1_on_sp2 | effect_sp2_on_sp1 | entry_changes | entry_date | interaction | n_studies | name_changes | nonbreedingseason | notesA | notesB | notesC | notesD | OLDsourceA | OLDsourceB | other_species1 | recorder | sourceAupdatedURL | sourceBupdatedURL | sourceCupdatedURL | sourceDupdatedURL | species1_common | species1_scientific | species2_common | species2_scientific | uncertain_interaction",26,TRUE,2026-08-24 15:10:47,"schema_1"
"C:/Users/kelly/OneDrive - Michigan State University/Research/MetaNetworksProject/MetaNetworksProject-Working/L0/taxa_checked_raw/Indicator_pumilio_CR_EP.csv","BOW_evidence | effect_sp1_on_sp2 | effect_sp2_on_sp1 | entry_changes | entry_date | interaction | n_studies | name_changes | nonbreedingseason | notesA | notesB | notesC | notesD | OLDsourceA | OLDsourceB | other_species1 | recorder | sourceAupdatedURL | sourceBupdatedURL | sourceCupdatedURL | sourceDupdatedURL | species1_common | species1_scientific | species2_common | species2_scientific | uncertain_interaction",26,TRUE,2026-08-24 15:10:47,"schema_1"
"C:/Users/kelly/OneDrive - Michigan State University/Research/MetaNetworksProject/MetaNetworksProject-Working/L0/taxa_checked_raw/Indicator_variegatus_CR_EP.csv","BOW_evidence | effect_sp1_on_sp2 | effect_sp2_on_sp1 | entry_changes | entry_date | interaction | n_studies | name_changes | nonbreedingseason | notesA | notesB | notesC | notesD | OLDsourceA | OLDsourceB | other_species1 | recorder | sourceAupdatedURL | sourceBupdatedURL | sourceCupdatedURL | sourceDupdatedURL | species1_common | species1_scientific | species2_common | species2_scientific | uncertain_interaction",26,TRUE,2024-02-29 19:08:03,"schema_1"
"C:/Users/kelly/OneDrive - Michigan State University/Research/MetaNetworksProject/MetaNetworksProject-Working/L0/taxa_checked_raw/Indicator_willcocksi_CR_EP.csv","BOW_evidence | effect_sp1_on_sp2 | effect_sp2_on_sp1 | entry_changes | entry_date | interaction | n_studies | name_changes | nonbreedingseason | notesA | notesB | notesC | notesD | OLDsourceA | OLDsourceB | other_species1 | recorder | sourceAupdatedURL | sourceBupdatedURL | sourceCupdatedURL | sourceDupdatedURL | species1_common | species1_scientific | species2_common | species2_scientific | uncertain_interaction",26,TRUE,2026-08-24 15:10:47,"schema_1"
"C:/Users/kelly/OneDrive - Michigan State University/Research/MetaNetworksProject/MetaNetworksProject-Working/L0/taxa_checked_raw/Indicator_xanthonotus_CR_EP.csv","BOW_evidence | effect_sp1_on_sp2 | effect_sp2_on_sp1 | entry_changes | entry_date | interaction | n_studies | name_changes | nonbreedingseason | notesA | notesB | notesC | notesD | OLDsourceA | OLDsourceB | other_species1 | recorder | sourceAupdatedURL | sourceBupdatedURL | sourceCupdatedURL | sourceDupdatedURL | species1_common | species1_scientific | species2_common | species2_scientific | uncertain_interaction",26,TRUE,2026-08-24 15:10:47,"schema_1"
"C:/Users/kelly/OneDrive - Michigan State University/Research/MetaNetworksProject/MetaNetworksProject-Working/L0/taxa_checked_raw/Ixobrychus_exilis_EP_IH.csv","BOW_evidence | effect_sp1_on_sp2 | effect_sp2_on_sp1 | entry_changes | entry_date | interaction | n_studies | name_changes | nonbreedingseason | notesA | notesB | notesC | notesD | OLDsourceA | OLDsourceB | other_species1 | recorder | sourceAupdatedURL | sourceBupdatedURL | sourceCupdatedURL | sourceDupdatedURL | species1_common | species1_scientific | species2_common | species2_scientific | uncertain_interaction",26,TRUE,2024-03-29 16:33:36,"schema_1"
"C:/Users/kelly/OneDrive - Michigan State University/Research/MetaNetworksProject/MetaNetworksProject-Working/L0/taxa_checked_raw/ixoreus_naevius.csv","BOW_evidence | effect_sp1_on_sp2 | effect_sp2_on_sp1 | entry_changes | entry_date | interaction | n_studies | nonbreedingseason | notesA | notesB | notesC | notesD | OLDsourceA | OLDsourceB | recorder | sourceAupdatedURL | sourceBupdatedURL | sourceCupdatedURL | sourceDupdatedURL | species1_common | species1_scientific | species2_common | species2_scientific | uncertain_interaction",24,TRUE,2023-12-12 14:28:35,"schema_2"
"C:/Users/kelly/OneDrive - Michigan State University/Research/MetaNetworksProject/MetaNetworksProject-Working/L0/taxa_checked_raw/jaeger_sp.csv","BOW_evidence | effect_sp1_on_sp2 | effect_sp2_on_sp1 | entry_changes | entry_date | interaction | n_studies | nonbreedingseason | notesA | notesB | notesC | notesD | OLDsourceA | OLDsourceB | recorder | sourceAupdatedURL | sourceBupdatedURL | sourceCupdatedURL | sourceDupdatedURL | species1_common | species1_scientific | species2_common | species2_scientific | uncertain_interaction",24,TRUE,2022-12-07 17:56:33,"schema_2"
"C:/Users/kelly/OneDrive - Michigan State University/Research/MetaNetworksProject/MetaNetworksProject-Working/L0/taxa_checked_raw/Junco_hyemalis_EP_IH.csv","BOW_evidence | effect_sp1_on_sp2 | effect_sp2_on_sp1 | entry_changes | entry_date | interaction | n_studies | name_changes | nonbreedingseason | notesA | notesB | notesC | notesD | OLDsourceA | OLDsourceB | other_species1 | recorder | sourceAupdatedURL | sourceBupdatedURL | sourceCupdatedURL | sourceDupdatedURL | species1_common | species1_scientific | species2_common | species2_scientific | uncertain_interaction",26,TRUE,2024-11-14 20:03:20,"schema_1"
"C:/Users/kelly/OneDrive - Michigan State University/Research/MetaNetworksProject/MetaNetworksProject-Working/L0/taxa_checked_raw/Junco_insularis_AJ_IH.csv","BOW_evidence | effect_sp1_on_sp2 | effect_sp2_on_sp1 | entry_changes | entry_date | interaction | n_studies | name_changes | nonbreedingseason | notesA | notesB | notesC | notesD | OLDsourceA | OLDsourceB | other_species1 | recorder | sourceAupdatedURL | sourceBupdatedURL | sourceCupdatedURL | sourceDupdatedURL | species1_common | species1_scientific | species2_common | species2_scientific | uncertain_interaction",26,FALSE,2024-10-28 19:05:38,"schema_1"
"C:/Users/kelly/OneDrive - Michigan State University/Research/MetaNetworksProject/MetaNetworksProject-Working/L0/taxa_checked_raw/Junco_phaeonotus_EP_IH.csv","BOW_evidence | effect_sp1_on_sp2 | effect_sp2_on_sp1 | entry_changes | entry_date | interaction | n_studies | name_changes | nonbreedingseason | notesA | notesB | notesC | notesD | OLDsourceA | OLDsourceB | other_species1 | recorder | sourceAupdatedURL | sourceBupdatedURL | sourceCupdatedURL | sourceDupdatedURL | species1_common | species1_scientific | species2_common | species2_scientific | uncertain_interaction",26,TRUE,2024-10-23 16:50:10,"schema_1"
"C:/Users/kelly/OneDrive - Michigan State University/Research/MetaNetworksProject/MetaNetworksProject-Working/L0/taxa_checked_raw/Lagopus_lagopus_EP_IH.csv","BOW_evidence | effect_sp1_on_sp2 | effect_sp2_on_sp1 | entry_changes | entry_date | interaction | n_studies | name_changes | nonbreedingseason | notesA | notesB | notesC | notesD | OLDsourceA | OLDsourceB | other_species1 | recorder | sourceAupdatedURL | sourceBupdatedURL | sourceCupdatedURL | sourceDupdatedURL | species1_common | species1_scientific | species2_common | species2_scientific | uncertain_interaction",26,TRUE,2024-09-27 16:57:00,"schema_1"
"C:/Users/kelly/OneDrive - Michigan State University/Research/MetaNetworksProject/MetaNetworksProject-Working/L0/taxa_checked_raw/Lagopus_leucura_AH_EP.csv","BOW_evidence | effect_sp1_on_sp2 | effect_sp2_on_sp1 | entry_changes | entry_date | interaction | n_studies | name_changes | nonbreedingseason | notesA | notesB | notesC | notesD | OLDsourceA | OLDsourceB | other_species1 | recorder | sourceAupdatedURL | sourceBupdatedURL | sourceCupdatedURL | sourceDupdatedURL | species1_common | species1_scientific | species2_common | species2_scientific | uncertain_interaction",26,TRUE,2026-08-24 15:10:47,"schema_1"
"C:/Users/kelly/OneDrive - Michigan State University/Research/MetaNetworksProject/MetaNetworksProject-Working/L0/taxa_checked_raw/Lagopus_muta_EP_IH.csv","BOW_evidence | effect_sp1_on_sp2 | effect_sp2_on_sp1 | entry_changes | entry_date | interaction | n_studies | nonbreedingseason | notesA | notesB | notesC | notesD | OLDsourceA | OLDsourceB | recorder | sourceAupdatedURL | sourceBupdatedURL | sourceCupdatedURL | sourceDupdatedURL | species1_common | species1_scientific | species2_common | species2_scientific | uncertain_interaction",24,TRUE,2024-06-14 19:06:11,"schema_2"
"C:/Users/kelly/OneDrive - Michigan State University/Research/MetaNetworksProject/MetaNetworksProject-Working/L0/taxa_checked_raw/lampornis_clemenciae.csv","BOW_evidence | effect_sp1_on_sp2 | effect_sp2_on_sp1 | entry_changes | entry_date | interaction | n_studies | nonbreedingseason | notesA | notesB | notesC | notesD | OLDsourceA | OLDsourceB | recorder | sourceAupdatedURL | sourceBupdatedURL | sourceCupdatedURL | sourceDupdatedURL | species1_common | species1_scientific | species2_common | species2_scientific | uncertain_interaction",24,TRUE,2022-12-07 17:56:33,"schema_2"
"C:/Users/kelly/OneDrive - Michigan State University/Research/MetaNetworksProject/MetaNetworksProject-Working/L0/taxa_checked_raw/lanius_borealis.csv","BOW_evidence | effect_sp1_on_sp2 | effect_sp2_on_sp1 | entry_changes | entry_date | interaction | n_studies | nonbreedingseason | notesA | notesB | notesC | notesD | OLDsourceA | OLDsourceB | recorder | sourceAupdatedURL | sourceBupdatedURL | sourceCupdatedURL | sourceDupdatedURL | species1_common | species1_scientific | species2_common | species2_scientific | uncertain_interaction",24,TRUE,2022-12-07 17:56:33,"schema_2"
"C:/Users/kelly/OneDrive - Michigan State University/Research/MetaNetworksProject/MetaNetworksProject-Working/L0/taxa_checked_raw/Lanius_excubitor_IH_EP.csv","BOW_evidence | effect_sp1_on_sp2 | effect_sp2_on_sp1 | entry_changes | entry_date | interaction | n_studies | name_changes | nonbreedingseason | notesA | notesB | notesC | notesD | OLDsourceA | OLDsourceB | other_species1 | recorder | sourceAupdatedURL | sourceBupdatedURL | sourceCupdatedURL | sourceDupdatedURL | species1_common | species1_scientific | species2_common | species2_scientific | uncertain_interaction",26,TRUE,2026-08-24 15:10:47,"schema_1"
"C:/Users/kelly/OneDrive - Michigan State University/Research/MetaNetworksProject/MetaNetworksProject-Working/L0/taxa_checked_raw/lanius_ludovicianus.csv","BOW_evidence | effect_sp1_on_sp2 | effect_sp2_on_sp1 | entry_changes | entry_date | interaction | n_studies | nonbreedingseason | notesA | notesB | notesC | notesD | OLDsourceA | OLDsourceB | recorder | sourceAupdatedURL | sourceBupdatedURL | sourceCupdatedURL | sourceDupdatedURL | species1_common | species1_scientific | species2_common | species2_scientific | uncertain_interaction",24,TRUE,2022-12-07 17:56:33,"schema_2"
"C:/Users/kelly/OneDrive - Michigan State University/Research/MetaNetworksProject/MetaNetworksProject-Working/L0/taxa_checked_raw/Larus_argentatus_IH_EP.csv","BOW_evidence | effect_sp1_on_sp2 | effect_sp2_on_sp1 | entry_changes | entry_date | interaction | n_studies | name_changes | nonbreedingseason | notesA | notesB | notesC | notesD | OLDsourceA | OLDsourceB | recorder | sourceAupdatedURL | sourceBupdatedURL | sourceCupdatedURL | sourceDupdatedURL | species1_common | species1_scientific | species2_common | species2_scientific | uncertain_interaction",25,TRUE,2026-08-24 15:10:47,"schema_5"
"C:/Users/kelly/OneDrive - Michigan State University/Research/MetaNetworksProject/MetaNetworksProject-Working/L0/taxa_checked_raw/Larus_brachyrhynchus_EP_IH.csv","BOW_evidence | effect_sp1_on_sp2 | effect_sp2_on_sp1 | entry_changes | entry_date | interaction | n_studies | name_changes | nonbreedingseason | notesA | notesB | notesC | notesD | OLDsourceA | OLDsourceB | other_species1 | recorder | sourceAupdatedURL | sourceBupdatedURL | sourceCupdatedURL | sourceDupdatedURL | species1_common | species1_scientific | species2_common | species2_scientific | uncertain_interaction",26,TRUE,2024-07-20 22:50:37,"schema_1"
"C:/Users/kelly/OneDrive - Michigan State University/Research/MetaNetworksProject/MetaNetworksProject-Working/L0/taxa_checked_raw/Larus_californicus_IH_EP.csv","BOW_evidence | effect_sp1_on_sp2 | effect_sp2_on_sp1 | entry_changes | entry_date | interaction | n_studies | name_changes | nonbreedingseason | notesA | notesB | notesC | notesD | OLDsourceA | OLDsourceB | recorder | sourceAupdatedURL | sourceBupdatedURL | sourceCupdatedURL | sourceDupdatedURL | species1_common | species1_scientific | species2_common | species2_scientific | uncertain_interaction",25,TRUE,2026-08-24 15:10:47,"schema_5"
"C:/Users/kelly/OneDrive - Michigan State University/Research/MetaNetworksProject/MetaNetworksProject-Working/L0/taxa_checked_raw/Larus_canus_EP_IH.csv","BOW_evidence | effect_sp1_on_sp2 | effect_sp2_on_sp1 | entry_changes | entry_date | interaction | n_studies | name_changes | nonbreedingseason | notesA | notesB | notesC | notesD | OLDsourceA | OLDsourceB | other_species1 | recorder | sourceAupdatedURL | sourceBupdatedURL | sourceCupdatedURL | sourceDupdatedURL | species1_common | species1_scientific | species2_common | species2_scientific | uncertain_interaction",26,TRUE,2024-10-23 18:32:22,"schema_1"
"C:/Users/kelly/OneDrive - Michigan State University/Research/MetaNetworksProject/MetaNetworksProject-Working/L0/taxa_checked_raw/Larus_delawarensis_EP_IH.csv","BOW_evidence | effect_sp1_on_sp2 | effect_sp2_on_sp1 | entry_changes | entry_date | interaction | n_studies | name_changes | nonbreedingseason | notesA | notesB | notesC | notesD | OLDsourceA | OLDsourceB | other_species1 | recorder | sourceAupdatedURL | sourceBupdatedURL | sourceCupdatedURL | sourceDupdatedURL | species1_common | species1_scientific | species2_common | species2_scientific | uncertain_interaction",26,TRUE,2024-10-09 18:21:33,"schema_1"
"C:/Users/kelly/OneDrive - Michigan State University/Research/MetaNetworksProject/MetaNetworksProject-Working/L0/taxa_checked_raw/Larus_fuscus_IH_EP.csv","BOW_evidence | effect_sp1_on_sp2 | effect_sp2_on_sp1 | entry_changes | entry_date | interaction | n_studies | name_changes | nonbreedingseason | notesA | notesB | notesC | notesD | OLDsourceA | OLDsourceB | other_species1 | recorder | sourceAupdatedURL | sourceBupdatedURL | sourceCupdatedURL | sourceDupdatedURL | species1_common | species1_scientific | species2_common | species2_scientific | uncertain_interaction",26,TRUE,2026-08-24 15:10:47,"schema_1"
"C:/Users/kelly/OneDrive - Michigan State University/Research/MetaNetworksProject/MetaNetworksProject-Working/L0/taxa_checked_raw/Larus_glaucescens_EP_IH.csv","BOW_evidence | effect_sp1_on_sp2 | effect_sp2_on_sp1 | entry_changes | entry_date | interaction | n_studies | name_changes | nonbreedingseason | notesA | notesB | notesC | notesD | OLDsourceA | OLDsourceB | recorder | sourceAupdatedURL | sourceBupdatedURL | sourceCupdatedURL | sourceDupdatedURL | species1_common | species1_scientific | species2_common | species2_scientific | uncertain_interaction",25,TRUE,2024-10-18 17:26:21,"schema_5"
"C:/Users/kelly/OneDrive - Michigan State University/Research/MetaNetworksProject/MetaNetworksProject-Working/L0/taxa_checked_raw/Larus_glaucoides_EP_IH.csv","BOW_evidence | effect_sp1_on_sp2 | effect_sp2_on_sp1 | entry_changes | entry_date | interaction | n_studies | name_changes | nonbreedingseason | notesA | notesB | notesC | notesD | OLDsourceA | OLDsourceB | recorder | sourceAupdatedURL | sourceBupdatedURL | sourceCupdatedURL | sourceDupdatedURL | species1_common | species1_scientific | species2_common | species2_scientific | uncertain_interaction",25,TRUE,2026-06-05 19:58:03,"schema_5"
"C:/Users/kelly/OneDrive - Michigan State University/Research/MetaNetworksProject/MetaNetworksProject-Working/L0/taxa_checked_raw/Larus_heermanni_JZ_EP.csv","BOW_evidence | effect_sp1_on_sp2 | effect_sp2_on_sp1 | entry_changes | entry_date | interaction | n_studies | name_changes | nonbreedingseason | notesA | notesB | notesC | notesD | OLDsourceA | OLDsourceB | recorder | sourceAupdatedURL | sourceBupdatedURL | sourceCupdatedURL | sourceDupdatedURL | species1_common | species1_scientific | species2_common | species2_scientific | uncertain_interaction",25,TRUE,2026-08-24 15:10:47,"schema_5"
"C:/Users/kelly/OneDrive - Michigan State University/Research/MetaNetworksProject/MetaNetworksProject-Working/L0/taxa_checked_raw/Larus_hyperboreus_EP_IH.csv","BOW_evidence | effect_sp1_on_sp2 | effect_sp2_on_sp1 | entry_changes | entry_date | interaction | n_studies | name_changes | nonbreedingseason | notesA | notesB | notesC | notesD | OLDsourceA | OLDsourceB | other_species1 | recorder | sourceAupdatedURL | sourceBupdatedURL | sourceCupdatedURL | sourceDupdatedURL | species1_common | species1_scientific | species2_common | species2_scientific | uncertain_interaction",26,TRUE,2026-08-24 15:10:47,"schema_1"
"C:/Users/kelly/OneDrive - Michigan State University/Research/MetaNetworksProject/MetaNetworksProject-Working/L0/taxa_checked_raw/Larus_marinus_EP_IH.csv","BOW_evidence | effect_sp1_on_sp2 | effect_sp2_on_sp1 | entry_changes | entry_date | interaction | n_studies | name_changes | nonbreedingseason | notesA | notesB | notesC | notesD | OLDsourceA | OLDsourceB | other_species1 | recorder | sourceAupdatedURL | sourceBupdatedURL | sourceCupdatedURL | sourceDupdatedURL | species1_common | species1_scientific | species2_common | species2_scientific | uncertain_interaction",26,TRUE,2024-11-14 21:24:38,"schema_1"
"C:/Users/kelly/OneDrive - Michigan State University/Research/MetaNetworksProject/MetaNetworksProject-Working/L0/taxa_checked_raw/Larus_occidentalis_JZ_EP.csv","BOW_evidence | effect_sp1_on_sp2 | effect_sp2_on_sp1 | entry_changes | entry_date | interaction | n_studies | name_changes | nonbreedingseason | notesA | notesB | notesC | notesD | OLDsourceA | OLDsourceB | recorder | sourceAupdatedURL | sourceBupdatedURL | sourceCupdatedURL | sourceDupdatedURL | species1_common | species1_scientific | species2_common | species2_scientific | uncertain_interaction",25,TRUE,2026-08-24 15:10:47,"schema_5"
"C:/Users/kelly/OneDrive - Michigan State University/Research/MetaNetworksProject/MetaNetworksProject-Working/L0/taxa_checked_raw/Larus_schistisagus_IH_EP.csv","BOW_evidence | effect_sp1_on_sp2 | effect_sp2_on_sp1 | entry_changes | entry_date | interaction | n_studies | name_changes | nonbreedingseason | notesA | notesB | notesC | notesD | OLDsourceA | OLDsourceB | other_species1 | recorder | sourceAupdatedURL | sourceBupdatedURL | sourceCupdatedURL | sourceDupdatedURL | species1_common | species1_scientific | species2_common | species2_scientific | uncertain_interaction",26,TRUE,2026-08-24 15:10:47,"schema_1"
"C:/Users/kelly/OneDrive - Michigan State University/Research/MetaNetworksProject/MetaNetworksProject-Working/L0/taxa_checked_raw/Laterallus_jamaicensis_EP_IH.csv","BOW_evidence | effect_sp1_on_sp2 | effect_sp2_on_sp1 | entry_changes | entry_date | interaction | n_studies | name_changes | nonbreedingseason | notesA | notesB | notesC | notesD | OLDsourceA | OLDsourceB | other_species1 | recorder | sourceAupdatedURL | sourceBupdatedURL | sourceCupdatedURL | sourceDupdatedURL | species1_common | species1_scientific | species2_common | species2_scientific | uncertain_interaction",26,TRUE,2024-04-05 18:14:26,"schema_1"
"C:/Users/kelly/OneDrive - Michigan State University/Research/MetaNetworksProject/MetaNetworksProject-Working/L0/taxa_checked_raw/leiothlypis_celata.csv","BOW_evidence | effect_sp1_on_sp2 | effect_sp2_on_sp1 | entry_changes | entry_date | interaction | n_studies | nonbreedingseason | notesA | notesB | notesC | notesD | OLDsourceA | OLDsourceB | recorder | sourceAupdatedURL | sourceBupdatedURL | sourceCupdatedURL | sourceDupdatedURL | species1_common | species1_scientific | species2_common | species2_scientific | uncertain_interaction",24,TRUE,2026-02-05 01:52:33,"schema_2"
"C:/Users/kelly/OneDrive - Michigan State University/Research/MetaNetworksProject/MetaNetworksProject-Working/L0/taxa_checked_raw/Leiothlypis_crissalis_AF_EP.csv","BOW_evidence | effect_sp1_on_sp2 | effect_sp2_on_sp1 | entry_changes | entry_date | interaction | n_studies | name_changes | nonbreedingseason | notesA | notesB | notesC | notesD | OLDsourceA | OLDsourceB | other_species1 | recorder | sourceAupdatedURL | sourceBupdatedURL | sourceCupdatedURL | sourceDupdatedURL | species1_common | species1_scientific | species2_common | species2_scientific | uncertain_interaction",26,TRUE,2026-08-24 15:10:47,"schema_1"
"C:/Users/kelly/OneDrive - Michigan State University/Research/MetaNetworksProject/MetaNetworksProject-Working/L0/taxa_checked_raw/leiothlypis_luciae.csv","BOW_evidence | effect_sp1_on_sp2 | effect_sp2_on_sp1 | entry_changes | entry_date | interaction | n_studies | nonbreedingseason | notesA | notesB | notesC | notesD | OLDsourceA | OLDsourceB | recorder | sourceAupdatedURL | sourceBupdatedURL | sourceCupdatedURL | sourceDupdatedURL | species1_common | species1_scientific | species2_common | species2_scientific | uncertain_interaction",24,TRUE,2022-12-07 17:56:33,"schema_2"
"C:/Users/kelly/OneDrive - Michigan State University/Research/MetaNetworksProject/MetaNetworksProject-Working/L0/taxa_checked_raw/Leiothlypis_peregrina_EP_IH.csv","BOW_evidence | effect_sp1_on_sp2 | effect_sp2_on_sp1 | entry_changes | entry_date | interaction | n_studies | name_changes | nonbreedingseason | notesA | notesB | notesC | notesD | OLDsourceA | OLDsourceB | other_species1 | recorder | sourceAupdatedURL | sourceBupdatedURL | sourceCupdatedURL | sourceDupdatedURL | species1_common | species1_scientific | species2_common | species2_scientific | uncertain_interaction",26,TRUE,2024-11-07 22:12:39,"schema_1"
"C:/Users/kelly/OneDrive - Michigan State University/Research/MetaNetworksProject/MetaNetworksProject-Working/L0/taxa_checked_raw/leiothlypis_ruficapilla.csv","BOW_evidence | effect_sp1_on_sp2 | effect_sp2_on_sp1 | entry_changes | entry_date | interaction | n_studies | nonbreedingseason | notesA | notesB | notesC | notesD | OLDsourceA | OLDsourceB | recorder | sourceAupdatedURL | sourceBupdatedURL | sourceCupdatedURL | sourceDupdatedURL | species1_common | species1_scientific | species2_common | species2_scientific | uncertain_interaction",24,TRUE,2022-12-07 17:56:33,"schema_2"
"C:/Users/kelly/OneDrive - Michigan State University/Research/MetaNetworksProject/MetaNetworksProject-Working/L0/taxa_checked_raw/Leiothlypis_virginiae_EP_IH.csv","BOW_evidence | effect_sp1_on_sp2 | effect_sp2_on_sp1 | entry_changes | entry_date | interaction | n_studies | name_changes | nonbreedingseason | notesA | notesB | notesC | notesD | OLDsourceA | OLDsourceB | other_species1 | recorder | sourceAupdatedURL | sourceBupdatedURL | sourceCupdatedURL | sourceDupdatedURL | species1_common | species1_scientific | species2_common | species2_scientific | uncertain_interaction",26,TRUE,2024-06-08 16:04:27,"schema_1"
"C:/Users/kelly/OneDrive - Michigan State University/Research/MetaNetworksProject/MetaNetworksProject-Working/L0/taxa_checked_raw/Leptotila_verreauxi_IH_EP.csv","BOW_evidence | effect_sp1_on_sp2 | effect_sp2_on_sp1 | entry_changes | entry_date | interaction | n_studies | name_changes | nonbreedingseason | notesA | notesB | notesC | notesD | OLDsourceA | OLDsourceB | other_species1 | recorder | sourceAupdatedURL | sourceBupdatedURL | sourceCupdatedURL | sourceDupdatedURL | species1_common | species1_scientific | species2_common | species2_scientific | uncertain_interaction",26,TRUE,2026-08-24 15:10:47,"schema_1"
"C:/Users/kelly/OneDrive - Michigan State University/Research/MetaNetworksProject/MetaNetworksProject-Working/L0/taxa_checked_raw/Leucophaeus_atricilla_EP_IH.csv","BOW_evidence | effect_sp1_on_sp2 | effect_sp2_on_sp1 | entry_changes | entry_date | interaction | n_studies | name_changes | nonbreedingseason | notesA | notesB | notesC | notesD | OLDsourceA | OLDsourceB | other_species1 | recorder | sourceAupdatedURL | sourceBupdatedURL | sourceCupdatedURL | sourceDupdatedURL | species1_common | species1_scientific | species2_common | species2_scientific | uncertain_interaction",26,TRUE,2024-11-08 20:20:51,"schema_1"
"C:/Users/kelly/OneDrive - Michigan State University/Research/MetaNetworksProject/MetaNetworksProject-Working/L0/taxa_checked_raw/Leucophaeus_pipixcan_IH_EP.csv","BOW_evidence | effect_sp1_on_sp2 | effect_sp2_on_sp1 | entry_changes | entry_date | interaction | n_studies | name_changes | nonbreedingseason | notesA | notesB | notesC | notesD | OLDsourceA | OLDsourceB | recorder | sourceAupdatedURL | sourceBupdatedURL | sourceCupdatedURL | sourceDupdatedURL | species1_common | species1_scientific | species2_common | species2_scientific | uncertain_interaction",25,TRUE,2026-08-24 15:10:47,"schema_5"
"C:/Users/kelly/OneDrive - Michigan State University/Research/MetaNetworksProject/MetaNetworksProject-Working/L0/taxa_checked_raw/Leucosticte_atrata_EP_IH.csv","BOW_evidence | effect_sp1_on_sp2 | effect_sp2_on_sp1 | entry_changes | entry_date | interaction | n_studies | name_changes | nonbreedingseason | notesA | notesB | notesC | notesD | OLDsourceA | OLDsourceB | other_species1 | recorder | sourceAupdatedURL | sourceBupdatedURL | sourceCupdatedURL | sourceDupdatedURL | species1_common | species1_scientific | species2_common | species2_scientific | uncertain_interaction",26,TRUE,2024-11-08 18:34:05,"schema_1"
"C:/Users/kelly/OneDrive - Michigan State University/Research/MetaNetworksProject/MetaNetworksProject-Working/L0/taxa_checked_raw/Leucosticte_australis_AH_EP.csv","BOW_evidence | effect_sp1_on_sp2 | effect_sp2_on_sp1 | entry_changes | entry_date | interaction | n_studies | name_changes | nonbreedingseason | notesA | notesB | notesC | notesD | OLDsourceA | OLDsourceB | other_species1 | recorder | sourceAupdatedURL | sourceBupdatedURL | sourceCupdatedURL | sourceDupdatedURL | species1_common | species1_scientific | species2_common | species2_scientific | uncertain_interaction",26,TRUE,2026-08-24 15:10:47,"schema_1"
"C:/Users/kelly/OneDrive - Michigan State University/Research/MetaNetworksProject/MetaNetworksProject-Working/L0/taxa_checked_raw/Leucosticte_tephrocotis_EP_IH.csv","BOW_evidence | effect_sp1_on_sp2 | effect_sp2_on_sp1 | entry_changes | entry_date | interaction | n_studies | name_changes | nonbreedingseason | notesA | notesB | notesC | notesD | OLDsourceA | OLDsourceB | other_species1 | recorder | sourceAupdatedURL | sourceBupdatedURL | sourceCupdatedURL | sourceDupdatedURL | species1_common | species1_scientific | species2_common | species2_scientific | uncertain_interaction",26,TRUE,2024-11-07 20:14:09,"schema_1"
"C:/Users/kelly/OneDrive - Michigan State University/Research/MetaNetworksProject/MetaNetworksProject-Working/L0/taxa_checked_raw/Limnodromus_griseus_IH_EP.csv","BOW_evidence | effect_sp1_on_sp2 | effect_sp2_on_sp1 | entry_changes | entry_date | interaction | n_studies | name_changes | nonbreedingseason | notesA | notesB | notesC | notesD | OLDsourceA | OLDsourceB | other_species1 | recorder | sourceAupdatedURL | sourceBupdatedURL | sourceCupdatedURL | sourceDupdatedURL | species1_common | species1_scientific | species2_common | species2_scientific | uncertain_interaction",26,TRUE,2026-08-24 15:10:47,"schema_1"
"C:/Users/kelly/OneDrive - Michigan State University/Research/MetaNetworksProject/MetaNetworksProject-Working/L0/taxa_checked_raw/Limnodromus_scolopaceus_GD_EP.csv","BOW_evidence | effect_sp1_on_sp2 | effect_sp2_on_sp1 | entry_changes | entry_date | interaction | n_studies | name_changes | nonbreedingseason | notesA | notesB | notesC | notesD | OLDsourceA | OLDsourceB | other_species1 | recorder | sourceAupdatedURL | sourceBupdatedURL | sourceCupdatedURL | sourceDupdatedURL | species1_common | species1_scientific | species2_common | species2_scientific | uncertain_interaction",26,TRUE,2026-08-24 15:10:47,"schema_1"
"C:/Users/kelly/OneDrive - Michigan State University/Research/MetaNetworksProject/MetaNetworksProject-Working/L0/taxa_checked_raw/Limnothlypis_swainsonii_EP_IH.csv","BOW_evidence | effect_sp1_on_sp2 | effect_sp2_on_sp1 | entry_changes | entry_date | interaction | n_studies | name_changes | nonbreedingseason | notesA | notesB | notesC | notesD | OLDsourceA | OLDsourceB | other_species1 | recorder | sourceAupdatedURL | sourceBupdatedURL | sourceCupdatedURL | sourceDupdatedURL | species1_common | species1_scientific | species2_common | species2_scientific | uncertain_interaction",26,TRUE,2024-11-01 18:14:23,"schema_1"
"C:/Users/kelly/OneDrive - Michigan State University/Research/MetaNetworksProject/MetaNetworksProject-Working/L0/taxa_checked_raw/Limosa_fedoa_IH_EP.csv","BOW_evidence | effect_sp1_on_sp2 | effect_sp2_on_sp1 | entry_changes | entry_date | interaction | n_studies | name_changes | nonbreedingseason | notesA | notesB | notesC | notesD | OLDsourceA | OLDsourceB | other_species1 | recorder | sourceAupdatedURL | sourceBupdatedURL | sourceCupdatedURL | sourceDupdatedURL | species1_common | species1_scientific | species2_common | species2_scientific | uncertain_interaction",26,TRUE,2026-08-24 15:10:47,"schema_1"
"C:/Users/kelly/OneDrive - Michigan State University/Research/MetaNetworksProject/MetaNetworksProject-Working/L0/taxa_checked_raw/Limosa_haemastica_EP_IH.csv","BOW_evidence | effect_sp1_on_sp2 | effect_sp2_on_sp1 | entry_changes | entry_date | interaction | n_studies | name_changes | nonbreedingseason | notesA | notesB | notesC | notesD | OLDsourceA | OLDsourceB | other_species1 | recorder | sourceAupdatedURL | sourceBupdatedURL | sourceCupdatedURL | sourceDupdatedURL | species1_common | species1_scientific | species2_common | species2_scientific | uncertain_interaction",26,TRUE,2024-11-15 18:19:27,"schema_1"
"C:/Users/kelly/OneDrive - Michigan State University/Research/MetaNetworksProject/MetaNetworksProject-Working/L0/taxa_checked_raw/Limosa_lapponica_EP_IH.csv","BOW_evidence | effect_sp1_on_sp2 | effect_sp2_on_sp1 | entry_changes | entry_date | interaction | n_studies | name_changes | nonbreedingseason | notesA | notesB | notesC | notesD | OLDsourceA | OLDsourceB | other_species1 | recorder | sourceAupdatedURL | sourceBupdatedURL | sourceCupdatedURL | sourceDupdatedURL | species1_common | species1_scientific | species2_common | species2_scientific | uncertain_interaction",26,TRUE,2024-11-21 19:17:51,"schema_1"
"C:/Users/kelly/OneDrive - Michigan State University/Research/MetaNetworksProject/MetaNetworksProject-Working/L0/taxa_checked_raw/Lonchura_punctulata_CR_PLZ_EP.csv","BOW_evidence | effect_sp1_on_sp2 | effect_sp2_on_sp1 | entry_changes | entry_date | interaction | n_studies | name_changes | nonbreedingseason | notesA | notesB | notesC | notesD | OLDsourceA | OLDsourceB | other_species1 | recorder | sourceAupdatedURL | sourceBupdatedURL | sourceCupdatedURL | sourceDupdatedURL | species1_common | species1_scientific | species2_common | species2_scientific | uncertain_interaction",26,TRUE,2026-08-24 15:10:47,"schema_1"
"C:/Users/kelly/OneDrive - Michigan State University/Research/MetaNetworksProject/MetaNetworksProject-Working/L0/taxa_checked_raw/lophodytes_cucullatus.csv","BOW_evidence | effect_sp1_on_sp2 | effect_sp2_on_sp1 | entry_changes | entry_date | interaction | n_studies | nonbreedingseason | notesA | notesB | notesC | notesD | OLDsourceA | OLDsourceB | recorder | sourceAupdatedURL | sourceBupdatedURL | sourceCupdatedURL | sourceDupdatedURL | species1_common | species1_scientific | species2_common | species2_scientific | uncertain_interaction",24,TRUE,2022-12-07 17:56:33,"schema_2"
"C:/Users/kelly/OneDrive - Michigan State University/Research/MetaNetworksProject/MetaNetworksProject-Working/L0/taxa_checked_raw/Lophostrix_cristata_AJ_IH.csv","BOW_evidence | effect_sp1_on_sp2 | effect_sp2_on_sp1 | entry_changes | entry_date | interaction | n_studies | name_changes | nonbreedingseason | notesA | notesB | notesC | notesD | OLDsourceA | OLDsourceB | other_species1 | recorder | sourceAupdatedURL | sourceBupdatedURL | sourceCupdatedURL | sourceDupdatedURL | species1_common | species1_scientific | species2_common | species2_scientific | uncertain_interaction",26,FALSE,2024-10-28 19:05:38,"schema_1"
"C:/Users/kelly/OneDrive - Michigan State University/Research/MetaNetworksProject/MetaNetworksProject-Working/L0/taxa_checked_raw/Lophura_leucomelanos_GD_EP.csv","BOW_evidence | effect_sp1_on_sp2 | effect_sp2_on_sp1 | entry_changes | entry_date | interaction | n_studies | name_changes | nonbreedingseason | notesA | notesB | notesC | notesD | OLDsourceA | OLDsourceB | other_species1 | recorder | sourceAupdatedURL | sourceBupdatedURL | sourceCupdatedURL | sourceDupdatedURL | species1_common | species1_scientific | species2_common | species2_scientific | uncertain_interaction",26,TRUE,2026-08-24 15:10:47,"schema_1"
"C:/Users/kelly/OneDrive - Michigan State University/Research/MetaNetworksProject/MetaNetworksProject-Working/L0/taxa_checked_raw/loxia_curvirostra.csv","BOW_evidence | effect_sp1_on_sp2 | effect_sp2_on_sp1 | entry_changes | entry_date | interaction | n_studies | nonbreedingseason | notesA | notesB | notesC | notesD | OLDsourceA | OLDsourceB | recorder | sourceAupdatedURL | sourceBupdatedURL | sourceCupdatedURL | sourceDupdatedURL | species1_common | species1_scientific | species2_common | species2_scientific | uncertain_interaction",24,TRUE,2022-12-07 17:56:33,"schema_2"
"C:/Users/kelly/OneDrive - Michigan State University/Research/MetaNetworksProject/MetaNetworksProject-Working/L0/taxa_checked_raw/Loxia_leucoptera_EP_IH.csv","BOW_evidence | effect_sp1_on_sp2 | effect_sp2_on_sp1 | entry_changes | entry_date | interaction | n_studies | name_changes | nonbreedingseason | notesA | notesB | notesC | notesD | OLDsourceA | OLDsourceB | other_species1 | recorder | sourceAupdatedURL | sourceBupdatedURL | sourceCupdatedURL | sourceDupdatedURL | species1_common | species1_scientific | species2_common | species2_scientific | uncertain_interaction",26,TRUE,2024-07-26 14:43:34,"schema_1"
"C:/Users/kelly/OneDrive - Michigan State University/Research/MetaNetworksProject/MetaNetworksProject-Working/L0/taxa_checked_raw/Loxia_sinesciuris_GD_EP.csv","BOW_evidence | effect_sp1_on_sp2 | effect_sp2_on_sp1 | entry_changes | entry_date | interaction | n_studies | name_changes | nonbreedingseason | notesA | notesB | notesC | notesD | OLDsourceA | OLDsourceB | other_species1 | recorder | sourceAupdatedURL | sourceBupdatedURL | sourceCupdatedURL | sourceDupdatedURL | species1_common | species1_scientific | species2_common | species2_scientific | uncertain_interaction",26,TRUE,2026-08-24 15:10:47,"schema_1"
"C:/Users/kelly/OneDrive - Michigan State University/Research/MetaNetworksProject/MetaNetworksProject-Working/L0/taxa_checked_raw/Luscinia_svecica_GD_EP.csv","BOW_evidence | effect_sp1_on_sp2 | effect_sp2_on_sp1 | entry_changes | entry_date | interaction | n_studies | name_changes | nonbreedingseason | notesA | notesB | notesC | notesD | OLDsourceA | OLDsourceB | other_species1 | recorder | sourceAupdatedURL | sourceBupdatedURL | sourceCupdatedURL | sourceDupdatedURL | species1_common | species1_scientific | species2_common | species2_scientific | uncertain_interaction",26,TRUE,2026-08-24 15:10:47,"schema_1"
"C:/Users/kelly/OneDrive - Michigan State University/Research/MetaNetworksProject/MetaNetworksProject-Working/L0/taxa_checked_raw/Malacoptila_panamensis_MA_IH.csv","BOW_evidence | effect_sp1_on_sp2 | effect_sp2_on_sp1 | entry_changes | entry_date | interaction | n_studies | name_changes | nonbreedingseason | notesA | notesB | notesC | notesD | OLDsourceA | OLDsourceB | other_species1 | recorder | sourceAupdatedURL | sourceBupdatedURL | sourceCupdatedURL | sourceDupdatedURL | species1_common | species1_scientific | species2_common | species2_scientific | uncertain_interaction",26,TRUE,2024-10-28 19:05:38,"schema_1"
"C:/Users/kelly/OneDrive - Michigan State University/Research/MetaNetworksProject/MetaNetworksProject-Working/L0/taxa_checked_raw/Mareca_americana_EP.csv","BOW_evidence | effect_sp1_on_sp2 | effect_sp2_on_sp1 | entry_changes | entry_date | interaction | n_studies | name_changes | nonbreedingseason | notesA | notesB | notesC | notesD | OLDsourceA | OLDsourceB | other_species1 | recorder | sourceAupdatedURL | sourceBupdatedURL | sourceCupdatedURL | sourceDupdatedURL | species1_common | species1_scientific | species2_common | species2_scientific | uncertain_interaction",26,TRUE,2026-08-24 15:10:47,"schema_1"
"C:/Users/kelly/OneDrive - Michigan State University/Research/MetaNetworksProject/MetaNetworksProject-Working/L0/taxa_checked_raw/Mareca_falcata_GD_EP.csv","BOW_evidence | effect_sp1_on_sp2 | effect_sp2_on_sp1 | entry_changes | entry_date | interaction | n_studies | name_changes | nonbreedingseason | notesA | notesB | notesC | notesD | OLDsourceA | OLDsourceB | other_species1 | recorder | sourceAupdatedURL | sourceBupdatedURL | sourceCupdatedURL | sourceDupdatedURL | species1_common | species1_scientific | species2_common | species2_scientific | uncertain_interaction",26,TRUE,2026-08-24 15:10:47,"schema_1"
"C:/Users/kelly/OneDrive - Michigan State University/Research/MetaNetworksProject/MetaNetworksProject-Working/L0/taxa_checked_raw/Mareca_penelope_IH_EP.csv","BOW_evidence | effect_sp1_on_sp2 | effect_sp2_on_sp1 | entry_changes | entry_date | interaction | n_studies | name_changes | nonbreedingseason | notesA | notesB | notesC | notesD | OLDsourceA | OLDsourceB | other_species1 | recorder | sourceAupdatedURL | sourceBupdatedURL | sourceCupdatedURL | sourceDupdatedURL | species1_common | species1_scientific | species2_common | species2_scientific | uncertain_interaction",26,TRUE,2026-08-24 15:10:47,"schema_1"
"C:/Users/kelly/OneDrive - Michigan State University/Research/MetaNetworksProject/MetaNetworksProject-Working/L0/taxa_checked_raw/Mareca_strepera_EP.csv","BOW_evidence | effect_sp1_on_sp2 | effect_sp2_on_sp1 | entry_changes | entry_date | interaction | n_studies | name_changes | nonbreedingseason | notesA | notesB | notesC | notesD | OLDsourceA | OLDsourceB | other_species1 | recorder | sourceAupdatedURL | sourceBupdatedURL | sourceCupdatedURL | sourceDupdatedURL | species1_common | species1_scientific | species2_common | species2_scientific | uncertain_interaction",26,TRUE,2026-08-24 15:10:47,"schema_1"
"C:/Users/kelly/OneDrive - Michigan State University/Research/MetaNetworksProject/MetaNetworksProject-Working/L0/taxa_checked_raw/megaceryle_alcyon.csv","BOW_evidence | effect_sp1_on_sp2 | effect_sp2_on_sp1 | entry_changes | entry_date | interaction | n_studies | nonbreedingseason | notesA | notesB | notesC | notesD | OLDsourceA | OLDsourceB | recorder | sourceAupdatedURL | sourceBupdatedURL | sourceCupdatedURL | sourceDupdatedURL | species1_common | species1_scientific | species2_common | species2_scientific | uncertain_interaction",24,TRUE,2022-12-07 17:56:33,"schema_2"
"C:/Users/kelly/OneDrive - Michigan State University/Research/MetaNetworksProject/MetaNetworksProject-Working/L0/taxa_checked_raw/Megaceryle_torquata_AH_EP.csv","BOW_evidence | effect_sp1_on_sp2 | effect_sp2_on_sp1 | entry_changes | entry_date | interaction | n_studies | name_changes | nonbreedingseason | notesA | notesB | notesC | notesD | OLDsourceA | OLDsourceB | other_species1 | recorder | sourceAupdatedURL | sourceBupdatedURL | sourceCupdatedURL | sourceDupdatedURL | species1_common | species1_scientific | species2_common | species2_scientific | uncertain_interaction",26,TRUE,2026-08-24 15:10:47,"schema_1"
"C:/Users/kelly/OneDrive - Michigan State University/Research/MetaNetworksProject/MetaNetworksProject-Working/L0/taxa_checked_raw/megascops_asio.csv","BOW_evidence | effect_sp1_on_sp2 | effect_sp2_on_sp1 | entry_changes | entry_date | interaction | n_studies | nonbreedingseason | notesA | notesB | notesC | notesD | OLDsourceA | OLDsourceB | recorder | sourceAupdatedURL | sourceBupdatedURL | sourceCupdatedURL | sourceDupdatedURL | species1_common | species1_scientific | species2_common | species2_scientific | uncertain_interaction",24,TRUE,2022-12-07 17:56:33,"schema_2"
"C:/Users/kelly/OneDrive - Michigan State University/Research/MetaNetworksProject/MetaNetworksProject-Working/L0/taxa_checked_raw/Megascops_guatemalae_AJ_IH.csv","BOW_evidence | effect_sp1_on_sp2 | effect_sp2_on_sp1 | entry_changes | entry_date | interaction | n_studies | name_changes | nonbreedingseason | notesA | notesB | notesC | notesD | OLDsourceA | OLDsourceB | other_species1 | recorder | sourceAupdatedURL | sourceBupdatedURL | sourceCupdatedURL | sourceDupdatedURL | species1_common | species1_scientific | species2_common | species2_scientific | uncertain_interaction",26,TRUE,2024-10-28 19:05:38,"schema_1"
"C:/Users/kelly/OneDrive - Michigan State University/Research/MetaNetworksProject/MetaNetworksProject-Working/L0/taxa_checked_raw/megascops_kennicottii.csv","BOW_evidence | effect_sp1_on_sp2 | effect_sp2_on_sp1 | entry_changes | entry_date | interaction | n_studies | nonbreedingseason | notesA | notesB | notesC | notesD | OLDsourceA | OLDsourceB | recorder | sourceAupdatedURL | sourceBupdatedURL | sourceCupdatedURL | sourceDupdatedURL | species1_common | species1_scientific | species2_common | species2_scientific | uncertain_interaction",24,TRUE,2026-08-24 15:10:47,"schema_2"
"C:/Users/kelly/OneDrive - Michigan State University/Research/MetaNetworksProject/MetaNetworksProject-Working/L0/taxa_checked_raw/megascops_trichopsis.csv","BOW_evidence | effect_sp1_on_sp2 | effect_sp2_on_sp1 | entry_changes | entry_date | interaction | n_studies | nonbreedingseason | notesA | notesB | notesC | notesD | OLDsourceA | OLDsourceB | recorder | sourceAupdatedURL | sourceBupdatedURL | sourceCupdatedURL | sourceDupdatedURL | species1_common | species1_scientific | species2_common | species2_scientific | uncertain_interaction",24,TRUE,2022-12-07 17:56:33,"schema_2"
"C:/Users/kelly/OneDrive - Michigan State University/Research/MetaNetworksProject/MetaNetworksProject-Working/L0/taxa_checked_raw/melanerpes_aurifrons_IH_EP.csv","BOW_evidence | effect_sp1_on_sp2 | effect_sp2_on_sp1 | entry_changes | entry_date | interaction | n_studies | name_changes | nonbreedingseason | notesA | notesB | notesC | notesD | OLDsourceA | OLDsourceB | other_species1 | recorder | sourceAupdatedURL | sourceBupdatedURL | sourceCupdatedURL | sourceDupdatedURL | species1_common | species1_scientific | species2_common | species2_scientific | uncertain_interaction",26,TRUE,2026-08-24 15:10:47,"schema_1"
"C:/Users/kelly/OneDrive - Michigan State University/Research/MetaNetworksProject/MetaNetworksProject-Working/L0/taxa_checked_raw/melanerpes_carolinus_PLZ_JZ_EP.csv","BOW_evidence | effect_sp1_on_sp2 | effect_sp2_on_sp1 | entry_changes | entry_date | interaction | n_studies | name_changes | nonbreedingseason | notesA | notesB | notesC | notesD | OLDsourceA | OLDsourceB | other_species1 | recorder | sourceAupdatedURL | sourceBupdatedURL | sourceCupdatedURL | sourceDupdatedURL | species1_common | species1_scientific | species2_common | species2_scientific | uncertain_interaction",26,TRUE,2026-08-24 15:10:47,"schema_1"
"C:/Users/kelly/OneDrive - Michigan State University/Research/MetaNetworksProject/MetaNetworksProject-Working/L0/taxa_checked_raw/melanerpes_erythrocephalus.csv","BOW_evidence | effect_sp1_on_sp2 | effect_sp2_on_sp1 | entry_changes | entry_date | interaction | n_studies | nonbreedingseason | notesA | notesB | notesC | notesD | OLDsourceA | OLDsourceB | recorder | sourceAupdatedURL | sourceBupdatedURL | sourceCupdatedURL | sourceDupdatedURL | species1_common | species1_scientific | species2_common | species2_scientific | uncertain_interaction",24,TRUE,2023-12-05 21:20:38,"schema_2"
"C:/Users/kelly/OneDrive - Michigan State University/Research/MetaNetworksProject/MetaNetworksProject-Working/L0/taxa_checked_raw/melanerpes_formicivorus_IH_EP.csv","BOW_evidence | effect_sp1_on_sp2 | effect_sp2_on_sp1 | entry_changes | entry_date | interaction | n_studies | nonbreedingseason | notesA | notesB | notesC | notesD | OLDsourceA | OLDsourceB | recorder | sourceAupdatedURL | sourceBupdatedURL | sourceCupdatedURL | sourceDupdatedURL | species1_common | species1_scientific | species2_common | species2_scientific | uncertain_interaction",24,TRUE,2026-08-24 15:10:47,"schema_2"
"C:/Users/kelly/OneDrive - Michigan State University/Research/MetaNetworksProject/MetaNetworksProject-Working/L0/taxa_checked_raw/melanerpes_lewis_IH_EP.csv","BOW_evidence | effect_sp1_on_sp2 | effect_sp2_on_sp1 | entry_changes | entry_date | interaction | n_studies | name_changes | nonbreedingseason | notesA | notesB | notesC | notesD | OLDsourceA | OLDsourceB | other_species1 | recorder | sourceAupdatedURL | sourceBupdatedURL | sourceCupdatedURL | sourceDupdatedURL | species1_common | species1_scientific | species2_common | species2_scientific | uncertain_interaction",26,TRUE,2026-08-24 15:10:47,"schema_1"
"C:/Users/kelly/OneDrive - Michigan State University/Research/MetaNetworksProject/MetaNetworksProject-Working/L0/taxa_checked_raw/Melanerpes_uropygialis_JZ_EP.csv","BOW_evidence | effect_sp1_on_sp2 | effect_sp2_on_sp1 | entry_changes | entry_date | interaction | n_studies | name_changes | nonbreedingseason | notesA | notesB | notesC | notesD | OLDsourceA | OLDsourceB | recorder | sourceAupdatedURL | sourceBupdatedURL | sourceCupdatedURL | sourceDupdatedURL | species1_common | species1_scientific | species2_common | species2_scientific | uncertain_interaction",25,TRUE,2026-08-24 15:10:47,"schema_5"
"C:/Users/kelly/OneDrive - Michigan State University/Research/MetaNetworksProject/MetaNetworksProject-Working/L0/taxa_checked_raw/Melanitta_americana_AH_EP.csv","BOW_evidence | effect_sp1_on_sp2 | effect_sp2_on_sp1 | entry_changes | entry_date | interaction | n_studies | name_changes | nonbreedingseason | notesA | notesB | notesC | notesD | OLDsourceA | OLDsourceB | other_species1 | recorder | sourceAupdatedURL | sourceBupdatedURL | sourceCupdatedURL | sourceDupdatedURL | species1_common | species1_scientific | species2_common | species2_scientific | uncertain_interaction",26,TRUE,2026-08-24 15:10:47,"schema_1"
"C:/Users/kelly/OneDrive - Michigan State University/Research/MetaNetworksProject/MetaNetworksProject-Working/L0/taxa_checked_raw/Melanitta_deglandi_IH_EP.csv","BOW_evidence | effect_sp1_on_sp2 | effect_sp2_on_sp1 | entry_changes | entry_date | interaction | n_studies | name_changes | nonbreedingseason | notesA | notesB | notesC | notesD | OLDsourceA | OLDsourceB | other_species1 | recorder | sourceAupdatedURL | sourceBupdatedURL | sourceCupdatedURL | sourceDupdatedURL | species1_common | species1_scientific | species2_common | species2_scientific | uncertain_interaction",26,TRUE,2026-08-24 15:10:47,"schema_1"
"C:/Users/kelly/OneDrive - Michigan State University/Research/MetaNetworksProject/MetaNetworksProject-Working/L0/taxa_checked_raw/Melanitta_fusca_GD_EP.csv","BOW_evidence | effect_sp1_on_sp2 | effect_sp2_on_sp1 | entry_changes | entry_date | interaction | n_studies | name_changes | nonbreedingseason | notesA | notesB | notesC | notesD | OLDsourceA | OLDsourceB | other_species1 | recorder | sourceAupdatedURL | sourceBupdatedURL | sourceCupdatedURL | sourceDupdatedURL | species1_common | species1_scientific | species2_common | species2_scientific | uncertain_interaction",26,TRUE,2026-08-24 15:10:47,"schema_1"
"C:/Users/kelly/OneDrive - Michigan State University/Research/MetaNetworksProject/MetaNetworksProject-Working/L0/taxa_checked_raw/Melanitta_nigra_CR_EP.csv","BOW_evidence | effect_sp1_on_sp2 | effect_sp2_on_sp1 | entry_changes | entry_date | interaction | n_studies | name_changes | nonbreedingseason | notesA | notesB | notesC | notesD | OLDsourceA | OLDsourceB | other_species1 | recorder | sourceAupdatedURL | sourceBupdatedURL | sourceCupdatedURL | sourceDupdatedURL | species1_common | species1_scientific | species2_common | species2_scientific | uncertain_interaction",26,TRUE,2026-08-24 15:10:47,"schema_1"
"C:/Users/kelly/OneDrive - Michigan State University/Research/MetaNetworksProject/MetaNetworksProject-Working/L0/taxa_checked_raw/melanitta_perspicillata.csv","BOW_evidence | effect_sp1_on_sp2 | effect_sp2_on_sp1 | entry_changes | entry_date | interaction | n_studies | nonbreedingseason | notesA | notesB | notesC | notesD | OLDsourceA | OLDsourceB | recorder | sourceAupdatedURL | sourceBupdatedURL | sourceCupdatedURL | sourceDupdatedURL | species1_common | species1_scientific | species2_common | species2_scientific | uncertain_interaction",24,TRUE,2023-12-08 17:44:04,"schema_2"
"C:/Users/kelly/OneDrive - Michigan State University/Research/MetaNetworksProject/MetaNetworksProject-Working/L0/taxa_checked_raw/Melanitta_stejnegeri_CR_EP.csv","BOW_evidence | effect_sp1_on_sp2 | effect_sp2_on_sp1 | entry_changes | entry_date | interaction | n_studies | name_changes | nonbreedingseason | notesA | notesB | notesC | notesD | OLDsourceA | OLDsourceB | other_species1 | recorder | sourceAupdatedURL | sourceBupdatedURL | sourceCupdatedURL | sourceDupdatedURL | species1_common | species1_scientific | species2_common | species2_scientific | uncertain_interaction",26,TRUE,2026-08-24 15:10:47,"schema_1"
"C:/Users/kelly/OneDrive - Michigan State University/Research/MetaNetworksProject/MetaNetworksProject-Working/L0/taxa_checked_raw/Melanoptila_glabrirostris_VS_CR.csv","breeding_migration | DatabaseSearchURL | effect_sp1_on_sp2 | effect_sp2_on_sp1 | entry_changes | entry_date | interaction | interaction_strength | name_changes | other_species1 | recorder | source_citation | source_URL | species1_common | species1_lifestage | species1_scientific | species2_common | species2_lifestage | species2_scientific | text_excerpt | time_of_year | uncertain_interaction",22,TRUE,2025-11-19 17:31:01,"schema_3"
"C:/Users/kelly/OneDrive - Michigan State University/Research/MetaNetworksProject/MetaNetworksProject-Working/L0/taxa_checked_raw/Melanotis_hypoleucus_VS_CR.csv","breeding_migration | DatabaseSearchURL | effect_sp1_on_sp2 | effect_sp2_on_sp1 | entry_changes | entry_date | interaction | interaction_strength | name_changes | other_species1 | recorder | source_citation | source_URL | species1_common | species1_lifestage | species1_scientific | species2_common | species2_lifestage | species2_scientific | text_excerpt | time_of_year | uncertain_interaction",22,TRUE,2026-01-12 18:46:34,"schema_3"
"C:/Users/kelly/OneDrive - Michigan State University/Research/MetaNetworksProject/MetaNetworksProject-Working/L0/taxa_checked_raw/Meleagris_gallopavo_EP_IH.csv","BOW_evidence | effect_sp1_on_sp2 | effect_sp2_on_sp1 | entry_changes | entry_date | interaction | n_studies | name_changes | nonbreedingseason | notesA | notesB | notesC | notesD | OLDsourceA | OLDsourceB | other_species1 | recorder | sourceAupdatedURL | sourceBupdatedURL | sourceCupdatedURL | sourceDupdatedURL | species1_common | species1_scientific | species2_common | species2_scientific | uncertain_interaction",26,TRUE,2024-06-14 19:57:38,"schema_1"
"C:/Users/kelly/OneDrive - Michigan State University/Research/MetaNetworksProject/MetaNetworksProject-Working/L0/taxa_checked_raw/Melichneutes_robustus_CR_EP.csv","BOW_evidence | effect_sp1_on_sp2 | effect_sp2_on_sp1 | entry_changes | entry_date | interaction | n_studies | name_changes | nonbreedingseason | notesA | notesB | notesC | notesD | OLDsourceA | OLDsourceB | other_species1 | recorder | sourceAupdatedURL | sourceBupdatedURL | sourceCupdatedURL | sourceDupdatedURL | species1_common | species1_scientific | species2_common | species2_scientific | uncertain_interaction",26,TRUE,2026-08-24 15:10:47,"schema_1"
"C:/Users/kelly/OneDrive - Michigan State University/Research/MetaNetworksProject/MetaNetworksProject-Working/L0/taxa_checked_raw/Melignomon_eisentrauti_CR_EP.csv","BOW_evidence | effect_sp1_on_sp2 | effect_sp2_on_sp1 | entry_changes | entry_date | interaction | n_studies | name_changes | nonbreedingseason | notesA | notesB | notesC | notesD | OLDsourceA | OLDsourceB | other_species1 | recorder | sourceAupdatedURL | sourceBupdatedURL | sourceCupdatedURL | sourceDupdatedURL | species1_common | species1_scientific | species2_common | species2_scientific | uncertain_interaction",26,TRUE,2026-08-24 15:10:47,"schema_1"
"C:/Users/kelly/OneDrive - Michigan State University/Research/MetaNetworksProject/MetaNetworksProject-Working/L0/taxa_checked_raw/Melignomon_zenkeri_CR_EP.csv","BOW_evidence | effect_sp1_on_sp2 | effect_sp2_on_sp1 | entry_changes | entry_date | interaction | n_studies | name_changes | nonbreedingseason | notesA | notesB | notesC | notesD | OLDsourceA | OLDsourceB | other_species1 | recorder | sourceAupdatedURL | sourceBupdatedURL | sourceCupdatedURL | sourceDupdatedURL | species1_common | species1_scientific | species2_common | species2_scientific | uncertain_interaction",26,TRUE,2026-08-24 15:10:47,"schema_1"
"C:/Users/kelly/OneDrive - Michigan State University/Research/MetaNetworksProject/MetaNetworksProject-Working/L0/taxa_checked_raw/Melopsittacus_undulatus_EP_IH.csv","BOW_evidence | effect_sp1_on_sp2 | effect_sp2_on_sp1 | entry_changes | entry_date | interaction | n_studies | name_changes | nonbreedingseason | notesA | notesB | notesC | notesD | OLDsourceA | OLDsourceB | other_species1 | recorder | sourceAupdatedURL | sourceBupdatedURL | sourceCupdatedURL | sourceDupdatedURL | species1_common | species1_scientific | species2_common | species2_scientific | uncertain_interaction",26,TRUE,2024-08-08 15:35:31,"schema_1"
"C:/Users/kelly/OneDrive - Michigan State University/Research/MetaNetworksProject/MetaNetworksProject-Working/L0/taxa_checked_raw/Melospiza_georgiana_EP_IH.csv","BOW_evidence | effect_sp1_on_sp2 | effect_sp2_on_sp1 | entry_changes | entry_date | interaction | n_studies | name_changes | nonbreedingseason | notesA | notesB | notesC | notesD | OLDsourceA | OLDsourceB | other_species1 | recorder | sourceAupdatedURL | sourceBupdatedURL | sourceCupdatedURL | sourceDupdatedURL | species1_common | species1_scientific | species2_common | species2_scientific | uncertain_interaction",26,TRUE,2024-08-17 15:44:45,"schema_1"
"C:/Users/kelly/OneDrive - Michigan State University/Research/MetaNetworksProject/MetaNetworksProject-Working/L0/taxa_checked_raw/Melospiza_lincolnii_EP_IH.csv","BOW_evidence | effect_sp1_on_sp2 | effect_sp2_on_sp1 | entry_changes | entry_date | interaction | n_studies | name_changes | nonbreedingseason | notesA | notesB | notesC | notesD | OLDsourceA | OLDsourceB | other_species1 | recorder | sourceAupdatedURL | sourceBupdatedURL | sourceCupdatedURL | sourceDupdatedURL | species1_common | species1_scientific | species2_common | species2_scientific | uncertain_interaction",26,TRUE,2024-10-10 16:20:54,"schema_1"
"C:/Users/kelly/OneDrive - Michigan State University/Research/MetaNetworksProject/MetaNetworksProject-Working/L0/taxa_checked_raw/Melospiza_melodia_EP_IH.csv","BOW_evidence | effect_sp1_on_sp2 | effect_sp2_on_sp1 | entry_changes | entry_date | interaction | n_studies | name_changes | nonbreedingseason | notesA | notesB | notesC | notesD | OLDsourceA | OLDsourceB | other_species1 | recorder | sourceAupdatedURL | sourceBupdatedURL | sourceCupdatedURL | sourceDupdatedURL | species1_common | species1_scientific | species2_common | species2_scientific | uncertain_interaction",26,TRUE,2025-01-15 20:33:11,"schema_1"
"C:/Users/kelly/OneDrive - Michigan State University/Research/MetaNetworksProject/MetaNetworksProject-Working/L0/taxa_checked_raw/Melozone_aberti_EP_IH.csv","BOW_evidence | effect_sp1_on_sp2 | effect_sp2_on_sp1 | entry_changes | entry_date | interaction | n_studies | name_changes | nonbreedingseason | notesA | notesB | notesC | notesD | OLDsourceA | OLDsourceB | other_species1 | recorder | sourceAupdatedURL | sourceBupdatedURL | sourceCupdatedURL | sourceDupdatedURL | species1_common | species1_scientific | species2_common | species2_scientific | uncertain_interaction",26,TRUE,2024-07-26 14:54:52,"schema_1"
"C:/Users/kelly/OneDrive - Michigan State University/Research/MetaNetworksProject/MetaNetworksProject-Working/L0/taxa_checked_raw/Melozone_crissalis_EP_IH.csv","BOW_evidence | effect_sp1_on_sp2 | effect_sp2_on_sp1 | entry_changes | entry_date | interaction | n_studies | name_changes | nonbreedingseason | notesA | notesB | notesC | notesD | OLDsourceA | OLDsourceB | other_species1 | recorder | sourceAupdatedURL | sourceBupdatedURL | sourceCupdatedURL | sourceDupdatedURL | species1_common | species1_scientific | species2_common | species2_scientific | uncertain_interaction",26,TRUE,2024-11-21 20:18:31,"schema_1"
"C:/Users/kelly/OneDrive - Michigan State University/Research/MetaNetworksProject/MetaNetworksProject-Working/L0/taxa_checked_raw/Melozone_fusca_EP_IH.csv","BOW_evidence | effect_sp1_on_sp2 | effect_sp2_on_sp1 | entry_changes | entry_date | interaction | n_studies | name_changes | nonbreedingseason | notesA | notesB | notesC | notesD | OLDsourceA | OLDsourceB | other_species1 | recorder | sourceAupdatedURL | sourceBupdatedURL | sourceCupdatedURL | sourceDupdatedURL | species1_common | species1_scientific | species2_common | species2_scientific | uncertain_interaction",26,TRUE,2024-10-31 18:50:38,"schema_1"
"C:/Users/kelly/OneDrive - Michigan State University/Research/MetaNetworksProject/MetaNetworksProject-Working/L0/taxa_checked_raw/Mergellus_albellus_CR_EP.csv","BOW_evidence | effect_sp1_on_sp2 | effect_sp2_on_sp1 | entry_changes | entry_date | interaction | n_studies | name_changes | nonbreedingseason | notesA | notesB | notesC | notesD | OLDsourceA | OLDsourceB | other_species1 | recorder | sourceAupdatedURL | sourceBupdatedURL | sourceCupdatedURL | sourceDupdatedURL | species1_common | species1_scientific | species2_common | species2_scientific | uncertain_interaction",26,TRUE,2026-08-24 15:10:47,"schema_1"
"C:/Users/kelly/OneDrive - Michigan State University/Research/MetaNetworksProject/MetaNetworksProject-Working/L0/taxa_checked_raw/mergus_merganser.csv","BOW_evidence | effect_sp1_on_sp2 | effect_sp2_on_sp1 | entry_changes | entry_date | interaction | n_studies | nonbreedingseason | notesA | notesB | notesC | notesD | OLDsourceA | OLDsourceB | recorder | sourceAupdatedURL | sourceBupdatedURL | sourceCupdatedURL | sourceDupdatedURL | species1_common | species1_scientific | species2_common | species2_scientific | uncertain_interaction",24,TRUE,2022-12-07 17:56:33,"schema_2"
"C:/Users/kelly/OneDrive - Michigan State University/Research/MetaNetworksProject/MetaNetworksProject-Working/L0/taxa_checked_raw/mergus_serrator.csv","BOW_evidence | effect_sp1_on_sp2 | effect_sp2_on_sp1 | entry_changes | entry_date | interaction | n_studies | nonbreedingseason | notesA | notesB | notesC | notesD | OLDsourceA | OLDsourceB | recorder | sourceAupdatedURL | sourceBupdatedURL | sourceCupdatedURL | sourceDupdatedURL | species1_common | species1_scientific | species2_common | species2_scientific | uncertain_interaction",24,TRUE,2023-12-08 17:44:04,"schema_2"
"C:/Users/kelly/OneDrive - Michigan State University/Research/MetaNetworksProject/MetaNetworksProject-Working/L0/taxa_checked_raw/micrathene_whitneyi.csv","BOW_evidence | effect_sp1_on_sp2 | effect_sp2_on_sp1 | entry_changes | entry_date | interaction | n_studies | nonbreedingseason | notesA | notesB | notesC | notesD | OLDsourceA | OLDsourceB | recorder | sourceAupdatedURL | sourceBupdatedURL | sourceCupdatedURL | sourceDupdatedURL | species1_common | species1_scientific | species2_common | species2_scientific | uncertain_interaction",24,TRUE,2022-12-07 17:56:33,"schema_2"
"C:/Users/kelly/OneDrive - Michigan State University/Research/MetaNetworksProject/MetaNetworksProject-Working/L0/taxa_checked_raw/Microcerculus_philomela_VS_CR.csv","breeding_migration | DatabaseSearchURL | effect_sp1_on_sp2 | effect_sp2_on_sp1 | entry_changes | entry_date | interaction | interaction_strength | name_changes | other_species1 | recorder | source_citation | source_URL | species1_common | species1_lifestage | species1_scientific | species2_common | species2_lifestage | species2_scientific | text_excerpt | time_of_year | uncertain_interaction",22,TRUE,2025-10-27 15:53:40,"schema_3"
"C:/Users/kelly/OneDrive - Michigan State University/Research/MetaNetworksProject/MetaNetworksProject-Working/L0/taxa_checked_raw/Microdynamis_parva_GD_EP.csv","BOW_evidence | effect_sp1_on_sp2 | effect_sp2_on_sp1 | entry_changes | entry_date | interaction | n_studies | name_changes | nonbreedingseason | notesA | notesB | notesC | notesD | OLDsourceA | OLDsourceB | other_species1 | recorder | sourceAupdatedURL | sourceBupdatedURL | sourceCupdatedURL | sourceDupdatedURL | species1_common | species1_scientific | species2_common | species2_scientific | uncertain_interaction",26,TRUE,2026-08-24 15:10:47,"schema_1"
"C:/Users/kelly/OneDrive - Michigan State University/Research/MetaNetworksProject/MetaNetworksProject-Working/L0/taxa_checked_raw/Mimus_gilvus_JNS_CR.csv","breeding_migration | DatabaseSearchURL | effect_sp1_on_sp2 | effect_sp2_on_sp1 | entry_changes | entry_date | interaction | interaction_strength | name_changes | other_species1 | recorder | source_citation | source_URL | species1_common | species1_lifestage | species1_scientific | species2_common | species2_lifestage | species2_scientific | text_excerpt | time_of_year | uncertain_interaction",22,TRUE,2026-02-16 18:17:08,"schema_3"
"C:/Users/kelly/OneDrive - Michigan State University/Research/MetaNetworksProject/MetaNetworksProject-Working/L0/taxa_checked_raw/Mimus_gundlachii_GD_EP.csv","BOW_evidence | effect_sp1_on_sp2 | effect_sp2_on_sp1 | entry_changes | entry_date | interaction | n_studies | name_changes | nonbreedingseason | notesA | notesB | notesC | notesD | OLDsourceA | OLDsourceB | other_species1 | recorder | sourceAupdatedURL | sourceBupdatedURL | sourceCupdatedURL | sourceDupdatedURL | species1_common | species1_scientific | species2_common | species2_scientific | uncertain_interaction",26,TRUE,2026-08-24 15:10:47,"schema_1"
"C:/Users/kelly/OneDrive - Michigan State University/Research/MetaNetworksProject/MetaNetworksProject-Working/L0/taxa_checked_raw/mimus_polyglottos.csv","BOW_evidence | effect_sp1_on_sp2 | effect_sp2_on_sp1 | entry_changes | entry_date | interaction | n_studies | nonbreedingseason | notesA | notesB | notesC | notesD | OLDsourceA | OLDsourceB | recorder | sourceAupdatedURL | sourceBupdatedURL | sourceCupdatedURL | sourceDupdatedURL | species1_common | species1_scientific | species2_common | species2_scientific | uncertain_interaction",24,TRUE,2022-12-07 17:56:33,"schema_2"
"C:/Users/kelly/OneDrive - Michigan State University/Research/MetaNetworksProject/MetaNetworksProject-Working/L0/taxa_checked_raw/Mionectes_olivaceus_CR_EP.csv","BOW_evidence | effect_sp1_on_sp2 | effect_sp2_on_sp1 | entry_changes | entry_date | interaction | n_studies | name_changes | nonbreedingseason | notesA | notesB | notesC | notesD | OLDsourceA | OLDsourceB | other_species1 | recorder | sourceAupdatedURL | sourceBupdatedURL | sourceCupdatedURL | sourceDupdatedURL | species1_common | species1_scientific | species2_common | species2_scientific | uncertain_interaction",26,TRUE,2026-08-24 15:10:47,"schema_1"
"C:/Users/kelly/OneDrive - Michigan State University/Research/MetaNetworksProject/MetaNetworksProject-Working/L0/taxa_checked_raw/mniotilta_varia.csv","BOW_evidence | effect_sp1_on_sp2 | effect_sp2_on_sp1 | entry_changes | entry_date | interaction | n_studies | nonbreedingseason | notesA | notesB | notesC | notesD | OLDsourceA | OLDsourceB | recorder | sourceAupdatedURL | sourceBupdatedURL | sourceCupdatedURL | sourceDupdatedURL | species1_common | species1_scientific | species2_common | species2_scientific | uncertain_interaction",24,TRUE,2022-12-07 17:56:33,"schema_2"
"C:/Users/kelly/OneDrive - Michigan State University/Research/MetaNetworksProject/MetaNetworksProject-Working/L0/taxa_checked_raw/molothrus_aeneus_EP_IH.csv","BOW_evidence | effect_sp1_on_sp2 | effect_sp2_on_sp1 | entry_changes | entry_date | interaction | n_studies | name_changes | nonbreedingseason | notesA | notesB | notesC | notesD | OLDsourceA | OLDsourceB | other_species1 | recorder | sourceAupdatedURL | sourceBupdatedURL | sourceCupdatedURL | sourceDupdatedURL | species1_common | species1_scientific | species2_common | species2_scientific | uncertain_interaction",26,TRUE,2025-01-16 20:10:36,"schema_1"
"C:/Users/kelly/OneDrive - Michigan State University/Research/MetaNetworksProject/MetaNetworksProject-Working/L0/taxa_checked_raw/molothrus_ater_EP_IH.csv","BOW_evidence | effect_sp1_on_sp2 | effect_sp2_on_sp1 | entry_changes | entry_date | interaction | n_studies | name_changes | nonbreedingseason | notesA | notesB | notesC | notesD | OLDsourceA | OLDsourceB | other_species1 | recorder | sourceAupdatedURL | sourceBupdatedURL | sourceCupdatedURL | sourceDupdatedURL | species1_common | species1_scientific | species2_common | species2_scientific | uncertain_interaction",26,TRUE,2025-01-16 22:02:26,"schema_1"
"C:/Users/kelly/OneDrive - Michigan State University/Research/MetaNetworksProject/MetaNetworksProject-Working/L0/taxa_checked_raw/Molothrus_bonariensis_EP_IH.csv","BOW_evidence | effect_sp1_on_sp2 | effect_sp2_on_sp1 | entry_changes | entry_date | interaction | n_studies | name_changes | nonbreedingseason | notesA | notesB | notesC | notesD | OLDsourceA | OLDsourceB | other_species1 | recorder | sourceAupdatedURL | sourceBupdatedURL | sourceCupdatedURL | sourceDupdatedURL | species1_common | species1_scientific | species2_common | species2_scientific | uncertain_interaction",26,TRUE,2025-01-23 21:23:02,"schema_1"
"C:/Users/kelly/OneDrive - Michigan State University/Research/MetaNetworksProject/MetaNetworksProject-Working/L0/taxa_checked_raw/Molothrus_oryzivorus_EP_CR.csv","BOW_evidence | effect_sp1_on_sp2 | effect_sp2_on_sp1 | entry_changes | entry_date | interaction | n_studies | name_changes | nonbreedingseason | notesA | notesB | notesC | notesD | OLDsourceA | OLDsourceB | other_species1 | recorder | sourceAupdatedURL | sourceBupdatedURL | sourceCupdatedURL | sourceDupdatedURL | species1_common | species1_scientific | species2_common | species2_scientific | uncertain_interaction",26,TRUE,2026-08-24 15:10:47,"schema_1"
"C:/Users/kelly/OneDrive - Michigan State University/Research/MetaNetworksProject/MetaNetworksProject-Working/L0/taxa_checked_raw/Molothrus_rufoaxillaris_EP_CR.csv","BOW_evidence | effect_sp1_on_sp2 | effect_sp2_on_sp1 | entry_changes | entry_date | interaction | n_studies | name_changes | nonbreedingseason | notesA | notesB | notesC | notesD | OLDsourceA | OLDsourceB | other_species1 | recorder | sourceAupdatedURL | sourceBupdatedURL | sourceCupdatedURL | sourceDupdatedURL | species1_common | species1_scientific | species2_common | species2_scientific | uncertain_interaction",26,TRUE,2026-08-24 15:10:47,"schema_1"
"C:/Users/kelly/OneDrive - Michigan State University/Research/MetaNetworksProject/MetaNetworksProject-Working/L0/taxa_checked_raw/Momotus_coeruliceps_AF_IH.csv","BOW_evidence | effect_sp1_on_sp2 | effect_sp2_on_sp1 | entry_changes | entry_date | interaction | n_studies | name_changes | nonbreedingseason | notesA | notesB | notesC | notesD | OLDsourceA | OLDsourceB | other_species1 | recorder | sourceAupdatedURL | sourceBupdatedURL | sourceCupdatedURL | sourceDupdatedURL | species1_common | species1_scientific | species2_common | species2_scientific | uncertain_interaction",26,TRUE,2024-09-27 15:58:11,"schema_1"
"C:/Users/kelly/OneDrive - Michigan State University/Research/MetaNetworksProject/MetaNetworksProject-Working/L0/taxa_checked_raw/Momotus_lessonii_AF_IH.csv","BOW_evidence | effect_sp1_on_sp2 | effect_sp2_on_sp1 | entry_changes | entry_date | interaction | n_studies | name_changes | nonbreedingseason | notesA | notesB | notesC | notesD | OLDsourceA | OLDsourceB | other_species1 | recorder | sourceAupdatedURL | sourceBupdatedURL | sourceCupdatedURL | sourceDupdatedURL | species1_common | species1_scientific | species2_common | species2_scientific | uncertain_interaction",26,TRUE,2024-09-27 15:46:16,"schema_1"
"C:/Users/kelly/OneDrive - Michigan State University/Research/MetaNetworksProject/MetaNetworksProject-Working/L0/taxa_checked_raw/Momotus_mexicanus_GD_IH.csv","BOW_evidence | effect_sp1_on_sp2 | effect_sp2_on_sp1 | entry_changes | entry_date | interaction | n_studies | name_changes | nonbreedingseason | notesA | notesB | notesC | notesD | OLDsourceA | OLDsourceB | other_species1 | recorder | sourceAupdatedURL | sourceBupdatedURL | sourceCupdatedURL | sourceDupdatedURL | species1_common | species1_scientific | species2_common | species2_scientific | uncertain_interaction",26,FALSE,2024-10-28 19:05:38,"schema_1"
"C:/Users/kelly/OneDrive - Michigan State University/Research/MetaNetworksProject/MetaNetworksProject-Working/L0/taxa_checked_raw/Morus_bassanus_AH_EP.csv","BOW_evidence | effect_sp1_on_sp2 | effect_sp2_on_sp1 | entry_changes | entry_date | interaction | n_studies | name_changes | nonbreedingseason | notesA | notesB | notesC | notesD | OLDsourceA | OLDsourceB | other_species1 | recorder | sourceAupdatedURL | sourceBupdatedURL | sourceCupdatedURL | sourceDupdatedURL | species1_common | species1_scientific | species2_common | species2_scientific | uncertain_interaction",26,TRUE,2026-08-24 15:10:47,"schema_1"
"C:/Users/kelly/OneDrive - Michigan State University/Research/MetaNetworksProject/MetaNetworksProject-Working/L0/taxa_checked_raw/Motacilla_alba_IH_EP.csv","BOW_evidence | effect_sp1_on_sp2 | effect_sp2_on_sp1 | entry_changes | entry_date | interaction | n_studies | name_changes | nonbreedingseason | notesA | notesB | notesC | notesD | OLDsourceA | OLDsourceB | other_species1 | recorder | sourceAupdatedURL | sourceBupdatedURL | sourceCupdatedURL | sourceDupdatedURL | species1_common | species1_scientific | species2_common | species2_scientific | uncertain_interaction",26,TRUE,2026-08-24 15:10:47,"schema_1"
"C:/Users/kelly/OneDrive - Michigan State University/Research/MetaNetworksProject/MetaNetworksProject-Working/L0/taxa_checked_raw/Motacilla_tschutschensis_IH_EP.csv","BOW_evidence | effect_sp1_on_sp2 | effect_sp2_on_sp1 | entry_changes | entry_date | interaction | n_studies | name_changes | nonbreedingseason | notesA | notesB | notesC | notesD | OLDsourceA | OLDsourceB | other_species1 | recorder | sourceAupdatedURL | sourceBupdatedURL | sourceCupdatedURL | sourceDupdatedURL | species1_common | species1_scientific | species2_common | species2_scientific | uncertain_interaction",26,TRUE,2026-08-24 15:10:47,"schema_1"
"C:/Users/kelly/OneDrive - Michigan State University/Research/MetaNetworksProject/MetaNetworksProject-Working/L0/taxa_checked_raw/Myadestes_townsendi_EP_IH.csv","BOW_evidence | effect_sp1_on_sp2 | effect_sp2_on_sp1 | entry_changes | entry_date | interaction | n_studies | name_changes | nonbreedingseason | notesA | notesB | notesC | notesD | OLDsourceA | OLDsourceB | other_species1 | recorder | sourceAupdatedURL | sourceBupdatedURL | sourceCupdatedURL | sourceDupdatedURL | species1_common | species1_scientific | species2_common | species2_scientific | uncertain_interaction",26,TRUE,2024-08-24 21:03:20,"schema_1"
"C:/Users/kelly/OneDrive - Michigan State University/Research/MetaNetworksProject/MetaNetworksProject-Working/L0/taxa_checked_raw/Myadestes_unicolor_VS_CR.csv","breeding_migration | DatabaseSearchURL | effect_sp1_on_sp2 | effect_sp2_on_sp1 | entry_changes | entry_date | interaction | interaction_strength | name_changes | other_species1 | recorder | source_citation | source_URL | species1_common | species1_lifestage | species1_scientific | species2_common | species2_lifestage | species2_scientific | text_excerpt | time_of_year | uncertain_interaction",22,TRUE,2026-02-11 19:15:33,"schema_3"
"C:/Users/kelly/OneDrive - Michigan State University/Research/MetaNetworksProject/MetaNetworksProject-Working/L0/taxa_checked_raw/Mycteria_americana_CR_EP.csv","BOW_evidence | effect_sp1_on_sp2 | effect_sp2_on_sp1 | entry_changes | entry_date | interaction | n_studies | name_changes | nonbreedingseason | notesA | notesB | notesC | notesD | OLDsourceA | OLDsourceB | other_species1 | recorder | sourceAupdatedURL | sourceBupdatedURL | sourceCupdatedURL | sourceDupdatedURL | species1_common | species1_scientific | species2_common | species2_scientific | uncertain_interaction",26,TRUE,2026-08-24 15:10:47,"schema_1"
"C:/Users/kelly/OneDrive - Michigan State University/Research/MetaNetworksProject/MetaNetworksProject-Working/L0/taxa_checked_raw/myiarchus_cinerascens.csv","BOW_evidence | effect_sp1_on_sp2 | effect_sp2_on_sp1 | entry_changes | entry_date | interaction | n_studies | nonbreedingseason | notesA | notesB | notesC | notesD | OLDsourceA | OLDsourceB | recorder | sourceAupdatedURL | sourceBupdatedURL | sourceCupdatedURL | sourceDupdatedURL | species1_common | species1_scientific | species2_common | species2_scientific | uncertain_interaction",24,TRUE,2022-12-07 17:56:33,"schema_2"
"C:/Users/kelly/OneDrive - Michigan State University/Research/MetaNetworksProject/MetaNetworksProject-Working/L0/taxa_checked_raw/myiarchus_crinitus.csv","BOW_evidence | effect_sp1_on_sp2 | effect_sp2_on_sp1 | entry_changes | entry_date | interaction | n_studies | nonbreedingseason | notesA | notesB | notesC | notesD | OLDsourceA | OLDsourceB | recorder | sourceAupdatedURL | sourceBupdatedURL | sourceCupdatedURL | sourceDupdatedURL | species1_common | species1_scientific | species2_common | species2_scientific | uncertain_interaction",24,TRUE,2023-12-05 21:22:26,"schema_2"
"C:/Users/kelly/OneDrive - Michigan State University/Research/MetaNetworksProject/MetaNetworksProject-Working/L0/taxa_checked_raw/Myiarchus_tuberculifer_EP_IH.csv","BOW_evidence | effect_sp1_on_sp2 | effect_sp2_on_sp1 | entry_changes | entry_date | interaction | n_studies | name_changes | nonbreedingseason | notesA | notesB | notesC | notesD | OLDsourceA | OLDsourceB | other_species1 | recorder | sourceAupdatedURL | sourceBupdatedURL | sourceCupdatedURL | sourceDupdatedURL | species1_common | species1_scientific | species2_common | species2_scientific | uncertain_interaction",26,TRUE,2024-10-10 17:07:12,"schema_1"
"C:/Users/kelly/OneDrive - Michigan State University/Research/MetaNetworksProject/MetaNetworksProject-Working/L0/taxa_checked_raw/myiarchus_tyrannulus.csv","BOW_evidence | effect_sp1_on_sp2 | effect_sp2_on_sp1 | entry_changes | entry_date | interaction | n_studies | nonbreedingseason | notesA | notesB | notesC | notesD | OLDsourceA | OLDsourceB | recorder | sourceAupdatedURL | sourceBupdatedURL | sourceCupdatedURL | sourceDupdatedURL | species1_common | species1_scientific | species2_common | species2_scientific | uncertain_interaction",24,TRUE,2022-12-07 17:56:33,"schema_2"
"C:/Users/kelly/OneDrive - Michigan State University/Research/MetaNetworksProject/MetaNetworksProject-Working/L0/taxa_checked_raw/Myioborus_pictus_EP_IH.csv","BOW_evidence | effect_sp1_on_sp2 | effect_sp2_on_sp1 | entry_changes | entry_date | interaction | n_studies | name_changes | nonbreedingseason | notesA | notesB | notesC | notesD | OLDsourceA | OLDsourceB | other_species1 | recorder | sourceAupdatedURL | sourceBupdatedURL | sourceCupdatedURL | sourceDupdatedURL | species1_common | species1_scientific | species2_common | species2_scientific | uncertain_interaction",26,TRUE,2024-11-22 16:20:03,"schema_1"
"C:/Users/kelly/OneDrive - Michigan State University/Research/MetaNetworksProject/MetaNetworksProject-Working/L0/taxa_checked_raw/Myiodynastes_luteiventris_EP_IH.csv","BOW_evidence | effect_sp1_on_sp2 | effect_sp2_on_sp1 | entry_changes | entry_date | interaction | n_studies | name_changes | nonbreedingseason | notesA | notesB | notesC | notesD | OLDsourceA | OLDsourceB | other_species1 | recorder | sourceAupdatedURL | sourceBupdatedURL | sourceCupdatedURL | sourceDupdatedURL | species1_common | species1_scientific | species2_common | species2_scientific | uncertain_interaction",26,TRUE,2024-10-10 17:15:48,"schema_1"
"C:/Users/kelly/OneDrive - Michigan State University/Research/MetaNetworksProject/MetaNetworksProject-Working/L0/taxa_checked_raw/Myiopsitta_monachus_EP_IH.csv","BOW_evidence | effect_sp1_on_sp2 | effect_sp2_on_sp1 | entry_changes | entry_date | interaction | n_studies | name_changes | nonbreedingseason | notesA | notesB | notesC | notesD | OLDsourceA | OLDsourceB | other_species1 | recorder | sourceAupdatedURL | sourceBupdatedURL | sourceCupdatedURL | sourceDupdatedURL | species1_common | species1_scientific | species2_common | species2_scientific | uncertain_interaction",26,TRUE,2025-01-23 22:50:17,"schema_1"
"C:/Users/kelly/OneDrive - Michigan State University/Research/MetaNetworksProject/MetaNetworksProject-Working/L0/taxa_checked_raw/Myiozetetes_granadensis_GD_EP.csv","BOW_evidence | effect_sp1_on_sp2 | effect_sp2_on_sp1 | entry_changes | entry_date | interaction | n_studies | name_changes | nonbreedingseason | notesA | notesB | notesC | notesD | OLDsourceA | OLDsourceB | other_species1 | recorder | sourceAupdatedURL | sourceBupdatedURL | sourceCupdatedURL | sourceDupdatedURL | species1_common | species1_scientific | species2_common | species2_scientific | uncertain_interaction",26,TRUE,2026-08-24 15:10:47,"schema_1"
"C:/Users/kelly/OneDrive - Michigan State University/Research/MetaNetworksProject/MetaNetworksProject-Working/L0/taxa_checked_raw/Nannopterum_auritum_EP_IH.csv","BOW_evidence | effect_sp1_on_sp2 | effect_sp2_on_sp1 | entry_changes | entry_date | interaction | n_studies | name_changes | nonbreedingseason | notesA | notesB | notesC | notesD | OLDsourceA | OLDsourceB | other_species1 | recorder | sourceAupdatedURL | sourceBupdatedURL | sourceCupdatedURL | sourceDupdatedURL | species1_common | species1_scientific | species2_common | species2_scientific | uncertain_interaction",26,TRUE,2024-11-08 20:51:17,"schema_1"
"C:/Users/kelly/OneDrive - Michigan State University/Research/MetaNetworksProject/MetaNetworksProject-Working/L0/taxa_checked_raw/Nannopterum_brasilianum_GD_EP.csv","BOW_evidence | effect_sp1_on_sp2 | effect_sp2_on_sp1 | entry_changes | entry_date | interaction | n_studies | name_changes | nonbreedingseason | notesA | notesB | notesC | notesD | OLDsourceA | OLDsourceB | other_species1 | recorder | sourceAupdatedURL | sourceBupdatedURL | sourceCupdatedURL | sourceDupdatedURL | species1_common | species1_scientific | species2_common | species2_scientific | uncertain_interaction",26,TRUE,2026-08-24 15:10:47,"schema_1"
"C:/Users/kelly/OneDrive - Michigan State University/Research/MetaNetworksProject/MetaNetworksProject-Working/L0/taxa_checked_raw/Nomonyx_dominicus_GD_EP.csv","BOW_evidence | effect_sp1_on_sp2 | effect_sp2_on_sp1 | entry_changes | entry_date | interaction | n_studies | name_changes | nonbreedingseason | notesA | notesB | notesC | notesD | OLDsourceA | OLDsourceB | other_species1 | recorder | sourceAupdatedURL | sourceBupdatedURL | sourceCupdatedURL | sourceDupdatedURL | species1_common | species1_scientific | species2_common | species2_scientific | uncertain_interaction",26,TRUE,2026-08-24 15:10:47,"schema_1"
"C:/Users/kelly/OneDrive - Michigan State University/Research/MetaNetworksProject/MetaNetworksProject-Working/L0/taxa_checked_raw/Nucifraga_columbiana_EP_IH.csv","BOW_evidence | effect_sp1_on_sp2 | effect_sp2_on_sp1 | entry_changes | entry_date | interaction | n_studies | name_changes | nonbreedingseason | notesA | notesB | notesC | notesD | OLDsourceA | OLDsourceB | other_species1 | recorder | sourceAupdatedURL | sourceBupdatedURL | sourceCupdatedURL | sourceDupdatedURL | species1_common | species1_scientific | species2_common | species2_scientific | uncertain_interaction",26,TRUE,2024-11-22 17:39:14,"schema_1"
"C:/Users/kelly/OneDrive - Michigan State University/Research/MetaNetworksProject/MetaNetworksProject-Working/L0/taxa_checked_raw/Numenius_americanus_GD_EP.csv","BOW_evidence | effect_sp1_on_sp2 | effect_sp2_on_sp1 | entry_changes | entry_date | interaction | n_studies | name_changes | nonbreedingseason | notesA | notesB | notesC | notesD | OLDsourceA | OLDsourceB | other_species1 | recorder | sourceAupdatedURL | sourceBupdatedURL | sourceCupdatedURL | sourceDupdatedURL | species1_common | species1_scientific | species2_common | species2_scientific | uncertain_interaction",26,TRUE,2026-08-24 15:10:47,"schema_1"
"C:/Users/kelly/OneDrive - Michigan State University/Research/MetaNetworksProject/MetaNetworksProject-Working/L0/taxa_checked_raw/Numenius_phaeopus_EP_IH.csv","BOW_evidence | effect_sp1_on_sp2 | effect_sp2_on_sp1 | entry_changes | entry_date | interaction | n_studies | name_changes | nonbreedingseason | notesA | notesB | notesC | notesD | OLDsourceA | OLDsourceB | other_species1 | recorder | sourceAupdatedURL | sourceBupdatedURL | sourceCupdatedURL | sourceDupdatedURL | species1_common | species1_scientific | species2_common | species2_scientific | uncertain_interaction",26,TRUE,2024-10-24 17:49:23,"schema_1"
"C:/Users/kelly/OneDrive - Michigan State University/Research/MetaNetworksProject/MetaNetworksProject-Working/L0/taxa_checked_raw/Numenius_tahitiensis_EP_IH.csv","BOW_evidence | effect_sp1_on_sp2 | effect_sp2_on_sp1 | entry_changes | entry_date | interaction | n_studies | name_changes | nonbreedingseason | notesA | notesB | notesC | notesD | OLDsourceA | OLDsourceB | other_species1 | recorder | sourceAupdatedURL | sourceBupdatedURL | sourceCupdatedURL | sourceDupdatedURL | species1_common | species1_scientific | species2_common | species2_scientific | uncertain_interaction",26,TRUE,2025-03-13 16:47:47,"schema_1"
"C:/Users/kelly/OneDrive - Michigan State University/Research/MetaNetworksProject/MetaNetworksProject-Working/L0/taxa_checked_raw/Nyctanassa_violacea_CR_EP.csv","BOW_evidence | effect_sp1_on_sp2 | effect_sp2_on_sp1 | entry_changes | entry_date | interaction | n_studies | name_changes | nonbreedingseason | notesA | notesB | notesC | notesD | OLDsourceA | OLDsourceB | other_species1 | recorder | sourceAupdatedURL | sourceBupdatedURL | sourceCupdatedURL | sourceDupdatedURL | species1_common | species1_scientific | species2_common | species2_scientific | uncertain_interaction",26,TRUE,2026-08-24 15:10:47,"schema_1"
"C:/Users/kelly/OneDrive - Michigan State University/Research/MetaNetworksProject/MetaNetworksProject-Working/L0/taxa_checked_raw/nyctea_scandiaca.csv","BOW_evidence | effect_sp1_on_sp2 | effect_sp2_on_sp1 | entry_changes | entry_date | interaction | n_studies | nonbreedingseason | notesA | notesB | notesC | notesD | OLDsourceA | OLDsourceB | recorder | sourceAupdatedURL | sourceBupdatedURL | sourceCupdatedURL | sourceDupdatedURL | species1_common | species1_scientific | species2_common | species2_scientific | uncertain_interaction",24,TRUE,2022-12-07 17:56:33,"schema_2"
"C:/Users/kelly/OneDrive - Michigan State University/Research/MetaNetworksProject/MetaNetworksProject-Working/L0/taxa_checked_raw/Nycticorax_nycticorax_EP_IH.csv","BOW_evidence | effect_sp1_on_sp2 | effect_sp2_on_sp1 | entry_changes | entry_date | interaction | n_studies | name_changes | nonbreedingseason | notesA | notesB | notesC | notesD | OLDsourceA | OLDsourceB | other_species1 | recorder | sourceAupdatedURL | sourceBupdatedURL | sourceCupdatedURL | sourceDupdatedURL | species1_common | species1_scientific | species2_common | species2_scientific | uncertain_interaction",26,TRUE,2024-11-22 19:09:50,"schema_1"
"C:/Users/kelly/OneDrive - Michigan State University/Research/MetaNetworksProject/MetaNetworksProject-Working/L0/taxa_checked_raw/Nyctidromus_albicollis_EP_IH.csv","BOW_evidence | effect_sp1_on_sp2 | effect_sp2_on_sp1 | entry_changes | entry_date | interaction | n_studies | name_changes | nonbreedingseason | notesA | notesB | notesC | notesD | OLDsourceA | OLDsourceB | other_species1 | recorder | sourceAupdatedURL | sourceBupdatedURL | sourceCupdatedURL | sourceDupdatedURL | species1_common | species1_scientific | species2_common | species2_scientific | uncertain_interaction",26,TRUE,2024-03-29 16:22:43,"schema_1"
"C:/Users/kelly/OneDrive - Michigan State University/Research/MetaNetworksProject/MetaNetworksProject-Working/L0/taxa_checked_raw/Odontophorus_guttatus_AF_LB.csv","BOW_evidence | effect_sp1_on_sp2 | effect_sp2_on_sp1 | entry_changes | entry_date | interaction | n_studies | name_changes | nonbreedingseason | notesA | notesB | notesC | notesD | OLDsourceA | OLDsourceB | other_species1 | recorder | sourceAupdatedURL | sourceBupdatedURL | sourceCupdatedURL | sourceDupdatedURL | species1_common | species1_scientific | species2_common | species2_scientific | uncertain_interaction",26,TRUE,2026-08-24 15:10:47,"schema_1"
"C:/Users/kelly/OneDrive - Michigan State University/Research/MetaNetworksProject/MetaNetworksProject-Working/L0/taxa_checked_raw/Oenanthe_oenanthe_EP_IH.csv","BOW_evidence | effect_sp1_on_sp2 | effect_sp2_on_sp1 | entry_changes | entry_date | interaction | n_studies | name_changes | nonbreedingseason | notesA | notesB | notesC | notesD | OLDsourceA | OLDsourceB | other_species1 | recorder | sourceAupdatedURL | sourceBupdatedURL | sourceCupdatedURL | sourceDupdatedURL | species1_common | species1_scientific | species2_common | species2_scientific | uncertain_interaction",26,TRUE,2024-12-05 17:25:30,"schema_1"
"C:/Users/kelly/OneDrive - Michigan State University/Research/MetaNetworksProject/MetaNetworksProject-Working/L0/taxa_checked_raw/Onychoprion_aleuticus_IH_EP.csv","BOW_evidence | effect_sp1_on_sp2 | effect_sp2_on_sp1 | entry_changes | entry_date | interaction | n_studies | name_changes | nonbreedingseason | notesA | notesB | notesC | notesD | OLDsourceA | OLDsourceB | other_species1 | recorder | sourceAupdatedURL | sourceBupdatedURL | sourceCupdatedURL | sourceDupdatedURL | species1_common | species1_scientific | species2_common | species2_scientific | uncertain_interaction",26,TRUE,2026-08-24 15:10:47,"schema_1"
"C:/Users/kelly/OneDrive - Michigan State University/Research/MetaNetworksProject/MetaNetworksProject-Working/L0/taxa_checked_raw/Onychoprion_fuscatus_AF_IH.csv","BOW_evidence | effect_sp1_on_sp2 | effect_sp2_on_sp1 | entry_changes | entry_date | interaction | n_studies | name_changes | nonbreedingseason | notesA | notesB | notesC | notesD | OLDsourceA | OLDsourceB | other_species1 | recorder | sourceAupdatedURL | sourceBupdatedURL | sourceCupdatedURL | sourceDupdatedURL | species1_common | species1_scientific | species2_common | species2_scientific | uncertain_interaction",26,TRUE,2024-09-11 16:57:23,"schema_1"
"C:/Users/kelly/OneDrive - Michigan State University/Research/MetaNetworksProject/MetaNetworksProject-Working/L0/taxa_checked_raw/Oporornis_agilis_GD_EP.csv","BOW_evidence | effect_sp1_on_sp2 | effect_sp2_on_sp1 | entry_changes | entry_date | interaction | n_studies | name_changes | nonbreedingseason | notesA | notesB | notesC | notesD | OLDsourceA | OLDsourceB | other_species1 | recorder | sourceAupdatedURL | sourceBupdatedURL | sourceCupdatedURL | sourceDupdatedURL | species1_common | species1_scientific | species2_common | species2_scientific | uncertain_interaction",26,TRUE,2026-08-24 15:10:47,"schema_1"
"C:/Users/kelly/OneDrive - Michigan State University/Research/MetaNetworksProject/MetaNetworksProject-Working/L0/taxa_checked_raw/oreortyx_pictus.csv","BOW_evidence | effect_sp1_on_sp2 | effect_sp2_on_sp1 | entry_changes | entry_date | interaction | n_studies | nonbreedingseason | notesA | notesB | notesC | notesD | OLDsourceA | OLDsourceB | recorder | sourceAupdatedURL | sourceBupdatedURL | sourceCupdatedURL | sourceDupdatedURL | species1_common | species1_scientific | species2_common | species2_scientific | uncertain_interaction",24,TRUE,2022-12-07 17:56:33,"schema_2"
"C:/Users/kelly/OneDrive - Michigan State University/Research/MetaNetworksProject/MetaNetworksProject-Working/L0/taxa_checked_raw/Oreoscoptes_montanus_AH_EP.csv","BOW_evidence | effect_sp1_on_sp2 | effect_sp2_on_sp1 | entry_changes | entry_date | interaction | n_studies | name_changes | nonbreedingseason | notesA | notesB | notesC | notesD | OLDsourceA | OLDsourceB | other_species1 | recorder | sourceAupdatedURL | sourceBupdatedURL | sourceCupdatedURL | sourceDupdatedURL | species1_common | species1_scientific | species2_common | species2_scientific | uncertain_interaction",26,TRUE,2026-08-24 15:10:47,"schema_1"
"C:/Users/kelly/OneDrive - Michigan State University/Research/MetaNetworksProject/MetaNetworksProject-Working/L0/taxa_checked_raw/Ortalis_vetula_EP_LB.csv","BOW_evidence | effect_sp1_on_sp2 | effect_sp2_on_sp1 | entry_changes | entry_date | interaction | n_studies | nonbreedingseason | notesA | notesB | notesC | notesD | OLDsourceA | OLDsourceB | recorder | sourceAupdatedURL | sourceBupdatedURL | sourceCupdatedURL | sourceDupdatedURL | species1_common | species1_scientific | species2_common | species2_scientific | uncertain_interaction",24,TRUE,2026-08-24 15:10:47,"schema_2"
"C:/Users/kelly/OneDrive - Michigan State University/Research/MetaNetworksProject/MetaNetworksProject-Working/L0/taxa_checked_raw/Ortygornis_pondicerianus_GD_EP.csv","BOW_evidence | effect_sp1_on_sp2 | effect_sp2_on_sp1 | entry_changes | entry_date | interaction | n_studies | name_changes | nonbreedingseason | notesA | notesB | notesC | notesD | OLDsourceA | OLDsourceB | other_species1 | recorder | sourceAupdatedURL | sourceBupdatedURL | sourceCupdatedURL | sourceDupdatedURL | species1_common | species1_scientific | species2_common | species2_scientific | uncertain_interaction",26,TRUE,2026-08-24 15:10:47,"schema_1"
"C:/Users/kelly/OneDrive - Michigan State University/Research/MetaNetworksProject/MetaNetworksProject-Working/L0/taxa_checked_raw/Oxyura_jamaicensis_IH_EP.csv","BOW_evidence | effect_sp1_on_sp2 | effect_sp2_on_sp1 | entry_changes | entry_date | interaction | n_studies | name_changes | nonbreedingseason | notesA | notesB | notesC | notesD | OLDsourceA | OLDsourceB | other_species1 | recorder | sourceAupdatedURL | sourceBupdatedURL | sourceCupdatedURL | sourceDupdatedURL | species1_common | species1_scientific | species2_common | species2_scientific | uncertain_interaction",26,TRUE,2026-08-24 15:10:47,"schema_1"
"C:/Users/kelly/OneDrive - Michigan State University/Research/MetaNetworksProject/MetaNetworksProject-Working/L0/taxa_checked_raw/Pachycoccyx_audeberti_CR_EP.csv","BOW_evidence | effect_sp1_on_sp2 | effect_sp2_on_sp1 | entry_changes | entry_date | interaction | n_studies | name_changes | nonbreedingseason | notesA | notesB | notesC | notesD | OLDsourceA | OLDsourceB | other_species1 | recorder | sourceAupdatedURL | sourceBupdatedURL | sourceCupdatedURL | sourceDupdatedURL | species1_common | species1_scientific | species2_common | species2_scientific | uncertain_interaction",26,TRUE,2026-08-24 15:10:47,"schema_1"
"C:/Users/kelly/OneDrive - Michigan State University/Research/MetaNetworksProject/MetaNetworksProject-Working/L0/taxa_checked_raw/Pachyramphus_aglaiae_IH_EP.csv","BOW_evidence | effect_sp1_on_sp2 | effect_sp2_on_sp1 | entry_changes | entry_date | interaction | n_studies | name_changes | nonbreedingseason | notesA | notesB | notesC | notesD | OLDsourceA | OLDsourceB | other_species1 | recorder | sourceAupdatedURL | sourceBupdatedURL | sourceCupdatedURL | sourceDupdatedURL | species1_common | species1_scientific | species2_common | species2_scientific | uncertain_interaction",26,TRUE,2026-08-24 15:10:47,"schema_1"
"C:/Users/kelly/OneDrive - Michigan State University/Research/MetaNetworksProject/MetaNetworksProject-Working/L0/taxa_checked_raw/pandion_haliaetus.csv","BOW_evidence | effect_sp1_on_sp2 | effect_sp2_on_sp1 | entry_changes | entry_date | interaction | n_studies | nonbreedingseason | notesA | notesB | notesC | notesD | OLDsourceA | OLDsourceB | recorder | sourceAupdatedURL | sourceBupdatedURL | sourceCupdatedURL | sourceDupdatedURL | species1_common | species1_scientific | species2_common | species2_scientific | uncertain_interaction",24,TRUE,2022-12-07 17:56:33,"schema_2"
"C:/Users/kelly/OneDrive - Michigan State University/Research/MetaNetworksProject/MetaNetworksProject-Working/L0/taxa_checked_raw/parabuteo_unicinctus.csv","BOW_evidence | effect_sp1_on_sp2 | effect_sp2_on_sp1 | entry_changes | entry_date | interaction | n_studies | nonbreedingseason | notesA | notesB | notesC | notesD | OLDsourceA | OLDsourceB | recorder | sourceAupdatedURL | sourceBupdatedURL | sourceCupdatedURL | sourceDupdatedURL | species1_common | species1_scientific | species2_common | species2_scientific | uncertain_interaction",24,TRUE,2022-12-07 17:56:33,"schema_2"
"C:/Users/kelly/OneDrive - Michigan State University/Research/MetaNetworksProject/MetaNetworksProject-Working/L0/taxa_checked_raw/Parkesia_motacilla_CR_EP.csv","BOW_evidence | effect_sp1_on_sp2 | effect_sp2_on_sp1 | entry_changes | entry_date | interaction | n_studies | name_changes | nonbreedingseason | notesA | notesB | notesC | notesD | OLDsourceA | OLDsourceB | other_species1 | recorder | sourceAupdatedURL | sourceBupdatedURL | sourceCupdatedURL | sourceDupdatedURL | species1_common | species1_scientific | species2_common | species2_scientific | uncertain_interaction",26,TRUE,2026-08-24 15:10:47,"schema_1"
"C:/Users/kelly/OneDrive - Michigan State University/Research/MetaNetworksProject/MetaNetworksProject-Working/L0/taxa_checked_raw/Parkesia_noveboracensis_AH_EP.csv","BOW_evidence | effect_sp1_on_sp2 | effect_sp2_on_sp1 | entry_changes | entry_date | interaction | n_studies | name_changes | nonbreedingseason | notesA | notesB | notesC | notesD | OLDsourceA | OLDsourceB | other_species1 | recorder | sourceAupdatedURL | sourceBupdatedURL | sourceCupdatedURL | sourceDupdatedURL | species1_common | species1_scientific | species2_common | species2_scientific | uncertain_interaction",26,TRUE,2026-08-24 15:10:47,"schema_1"
"C:/Users/kelly/OneDrive - Michigan State University/Research/MetaNetworksProject/MetaNetworksProject-Working/L0/taxa_checked_raw/passer_domesticus.csv","BOW_evidence | effect_sp1_on_sp2 | effect_sp2_on_sp1 | entry_changes | entry_date | interaction | n_studies | nonbreedingseason | notesA | notesB | notesC | notesD | OLDsourceA | OLDsourceB | recorder | sourceAupdatedURL | sourceBupdatedURL | sourceCupdatedURL | sourceDupdatedURL | species1_common | species1_scientific | species2_common | species2_scientific | uncertain_interaction",24,TRUE,2022-12-07 17:56:33,"schema_2"
"C:/Users/kelly/OneDrive - Michigan State University/Research/MetaNetworksProject/MetaNetworksProject-Working/L0/taxa_checked_raw/Passer_montanus_IH_EP.csv","BOW_evidence | effect_sp1_on_sp2 | effect_sp2_on_sp1 | entry_changes | entry_date | interaction | n_studies | name_changes | nonbreedingseason | notesA | notesB | notesC | notesD | OLDsourceA | OLDsourceB | other_species1 | recorder | sourceAupdatedURL | sourceBupdatedURL | sourceCupdatedURL | sourceDupdatedURL | species1_common | species1_scientific | species2_common | species2_scientific | uncertain_interaction",26,TRUE,2026-08-24 15:10:47,"schema_1"
"C:/Users/kelly/OneDrive - Michigan State University/Research/MetaNetworksProject/MetaNetworksProject-Working/L0/taxa_checked_raw/Passerculus_sandwichensis_EP_IH.csv","BOW_evidence | effect_sp1_on_sp2 | effect_sp2_on_sp1 | entry_changes | entry_date | interaction | n_studies | name_changes | nonbreedingseason | notesA | notesB | notesC | notesD | OLDsourceA | OLDsourceB | other_species1 | recorder | sourceAupdatedURL | sourceBupdatedURL | sourceCupdatedURL | sourceDupdatedURL | species1_common | species1_scientific | species2_common | species2_scientific | uncertain_interaction",26,TRUE,2026-08-24 15:10:47,"schema_1"
"C:/Users/kelly/OneDrive - Michigan State University/Research/MetaNetworksProject/MetaNetworksProject-Working/L0/taxa_checked_raw/Passerella_iliaca_AH_EP.csv","BOW_evidence | effect_sp1_on_sp2 | effect_sp2_on_sp1 | entry_changes | entry_date | interaction | n_studies | name_changes | nonbreedingseason | notesA | notesB | notesC | notesD | OLDsourceA | OLDsourceB | other_species1 | recorder | sourceAupdatedURL | sourceBupdatedURL | sourceCupdatedURL | sourceDupdatedURL | species1_common | species1_scientific | species2_common | species2_scientific | uncertain_interaction",26,TRUE,2026-08-24 15:10:47,"schema_1"
"C:/Users/kelly/OneDrive - Michigan State University/Research/MetaNetworksProject/MetaNetworksProject-Working/L0/taxa_checked_raw/Passerina_amoena_PLZ_EP.csv","BOW_evidence | effect_sp1_on_sp2 | effect_sp2_on_sp1 | entry_changes | entry_date | interaction | n_studies | name_changes | nonbreedingseason | notesA | notesB | notesC | notesD | OLDsourceA | OLDsourceB | recorder | sourceAupdatedURL | sourceBupdatedURL | sourceCupdatedURL | sourceDupdatedURL | species1_common | species1_scientific | species2_common | species2_scientific | uncertain_interaction",25,TRUE,2026-08-24 15:10:47,"schema_5"
"C:/Users/kelly/OneDrive - Michigan State University/Research/MetaNetworksProject/MetaNetworksProject-Working/L0/taxa_checked_raw/Passerina_caerulea_PLZ_EP_IH.csv","BOW_evidence | effect_sp1_on_sp2 | effect_sp2_on_sp1 | entry_changes | entry_date | interaction | n_studies | name_changes | nonbreedingseason | notesA | notesB | notesC | notesD | OLDsourceA | OLDsourceB | other_species1 | recorder | sourceAupdatedURL | sourceBupdatedURL | sourceCupdatedURL | sourceDupdatedURL | species1_common | species1_scientific | species2_common | species2_scientific | uncertain_interaction",26,TRUE,2024-06-08 16:42:30,"schema_1"
"C:/Users/kelly/OneDrive - Michigan State University/Research/MetaNetworksProject/MetaNetworksProject-Working/L0/taxa_checked_raw/Passerina_ciris_CR_EP.csv","BOW_evidence | effect_sp1_on_sp2 | effect_sp2_on_sp1 | entry_changes | entry_date | interaction | n_studies | name_changes | nonbreedingseason | notesA | notesB | notesC | notesD | OLDsourceA | OLDsourceB | other_species1 | recorder | sourceAupdatedURL | sourceBupdatedURL | sourceCupdatedURL | sourceDupdatedURL | species1_common | species1_scientific | species2_common | species2_scientific | uncertain_interaction",26,TRUE,2026-08-24 15:10:47,"schema_1"
"C:/Users/kelly/OneDrive - Michigan State University/Research/MetaNetworksProject/MetaNetworksProject-Working/L0/taxa_checked_raw/Passerina_cyanea_PLZ_EP.csv","BOW_evidence | effect_sp1_on_sp2 | effect_sp2_on_sp1 | entry_changes | entry_date | interaction | n_studies | name_changes | nonbreedingseason | notesA | notesB | notesC | notesD | OLDsourceA | OLDsourceB | recorder | sourceAupdatedURL | sourceBupdatedURL | sourceCupdatedURL | sourceDupdatedURL | species1_common | species1_scientific | species2_common | species2_scientific | uncertain_interaction",25,TRUE,2026-08-24 15:10:47,"schema_5"
"C:/Users/kelly/OneDrive - Michigan State University/Research/MetaNetworksProject/MetaNetworksProject-Working/L0/taxa_checked_raw/Passerina_versicolor_PLZ_EP.csv","BOW_evidence | effect_sp1_on_sp2 | effect_sp2_on_sp1 | entry_changes | entry_date | interaction | n_studies | name_changes | nonbreedingseason | notesA | notesB | notesC | notesD | OLDsourceA | OLDsourceB | other_species1 | recorder | sourceAupdatedURL | sourceBupdatedURL | sourceCupdatedURL | sourceDupdatedURL | species1_common | species1_scientific | species2_common | species2_scientific | uncertain_interaction",26,TRUE,2026-08-24 15:10:47,"schema_1"
"C:/Users/kelly/OneDrive - Michigan State University/Research/MetaNetworksProject/MetaNetworksProject-Working/L0/taxa_checked_raw/passerine_sp.csv","BOW_evidence | effect_sp1_on_sp2 | effect_sp2_on_sp1 | entry_changes | entry_date | interaction | n_studies | nonbreedingseason | notesA | notesB | notesC | notesD | OLDsourceA | OLDsourceB | recorder | sourceAupdatedURL | sourceBupdatedURL | sourceCupdatedURL | sourceDupdatedURL | species1_common | species1_scientific | species2_common | species2_scientific | uncertain_interaction",24,TRUE,2022-12-07 17:56:33,"schema_2"
"C:/Users/kelly/OneDrive - Michigan State University/Research/MetaNetworksProject/MetaNetworksProject-Working/L0/taxa_checked_raw/Patagioenas_cayennensis_AF_LB.csv","BOW_evidence | effect_sp1_on_sp2 | effect_sp2_on_sp1 | entry_changes | entry_date | interaction | n_studies | name_changes | nonbreedingseason | notesA | notesB | notesC | notesD | OLDsourceA | OLDsourceB | other_species1 | recorder | sourceAupdatedURL | sourceBupdatedURL | sourceCupdatedURL | sourceDupdatedURL | species1_common | species1_scientific | species2_common | species2_scientific | uncertain_interaction",26,TRUE,2026-08-24 15:10:47,"schema_1"
"C:/Users/kelly/OneDrive - Michigan State University/Research/MetaNetworksProject/MetaNetworksProject-Working/L0/taxa_checked_raw/Patagioenas_fasciata_EP_IH.csv","BOW_evidence | effect_sp1_on_sp2 | effect_sp2_on_sp1 | entry_changes | entry_date | interaction | n_studies | name_changes | nonbreedingseason | notesA | notesB | notesC | notesD | OLDsourceA | OLDsourceB | other_species1 | recorder | sourceAupdatedURL | sourceBupdatedURL | sourceCupdatedURL | sourceDupdatedURL | species1_common | species1_scientific | species2_common | species2_scientific | uncertain_interaction",26,TRUE,2024-08-01 18:06:16,"schema_1"
"C:/Users/kelly/OneDrive - Michigan State University/Research/MetaNetworksProject/MetaNetworksProject-Working/L0/taxa_checked_raw/Patagioenas_flavirostris_EP_IH.csv","BOW_evidence | effect_sp1_on_sp2 | effect_sp2_on_sp1 | entry_changes | entry_date | interaction | n_studies | name_changes | nonbreedingseason | notesA | notesB | notesC | notesD | OLDsourceA | OLDsourceB | other_species1 | recorder | sourceAupdatedURL | sourceBupdatedURL | sourceCupdatedURL | sourceDupdatedURL | species1_common | species1_scientific | species2_common | species2_scientific | uncertain_interaction",26,TRUE,2024-08-08 15:36:16,"schema_1"
"C:/Users/kelly/OneDrive - Michigan State University/Research/MetaNetworksProject/MetaNetworksProject-Working/L0/taxa_checked_raw/Patagioenas_leucocephala_IH_EP.csv","BOW_evidence | effect_sp1_on_sp2 | effect_sp2_on_sp1 | entry_changes | entry_date | interaction | n_studies | name_changes | nonbreedingseason | notesA | notesB | notesC | notesD | OLDsourceA | OLDsourceB | other_species1 | recorder | sourceAupdatedURL | sourceBupdatedURL | sourceCupdatedURL | sourceDupdatedURL | species1_common | species1_scientific | species2_common | species2_scientific | uncertain_interaction",26,TRUE,2026-08-24 15:10:47,"schema_1"
"C:/Users/kelly/OneDrive - Michigan State University/Research/MetaNetworksProject/MetaNetworksProject-Working/L0/taxa_checked_raw/Patagioenas_speciosa_AF_LB.csv","BOW_evidence | DatabaseSearchURL | effect_sp1_on_sp2 | effect_sp2_on_sp1 | entry_changes | entry_date | interaction | n_studies | name_changes | nonbreedingseason | notesA | notesB | notesC | notesD | OLDsourceA | OLDsourceB | other_species1 | recorder | sourceAupdatedURL | sourceBupdatedURL | sourceCupdatedURL | sourceDupdatedURL | species1_common | species1_scientific | species2_common | species2_scientific | uncertain_interaction",27,TRUE,2026-09-17 15:28:50,"schema_4"
"C:/Users/kelly/OneDrive - Michigan State University/Research/MetaNetworksProject/MetaNetworksProject-Working/L0/taxa_checked_raw/Patagioenas_squamosa_CR_EP.csv","BOW_evidence | effect_sp1_on_sp2 | effect_sp2_on_sp1 | entry_changes | entry_date | interaction | n_studies | name_changes | nonbreedingseason | notesA | notesB | notesC | notesD | OLDsourceA | OLDsourceB | other_species1 | recorder | sourceAupdatedURL | sourceBupdatedURL | sourceCupdatedURL | sourceDupdatedURL | species1_common | species1_scientific | species2_common | species2_scientific | uncertain_interaction",26,TRUE,2026-08-24 15:10:47,"schema_1"
"C:/Users/kelly/OneDrive - Michigan State University/Research/MetaNetworksProject/MetaNetworksProject-Working/L0/taxa_checked_raw/Pavo_cristatus_AH_EP.csv","BOW_evidence | effect_sp1_on_sp2 | effect_sp2_on_sp1 | entry_changes | entry_date | interaction | n_studies | name_changes | nonbreedingseason | notesA | notesB | notesC | notesD | OLDsourceA | OLDsourceB | other_species1 | recorder | sourceAupdatedURL | sourceBupdatedURL | sourceCupdatedURL | sourceDupdatedURL | species1_common | species1_scientific | species2_common | species2_scientific | uncertain_interaction",26,TRUE,2026-08-24 15:10:47,"schema_1"
"C:/Users/kelly/OneDrive - Michigan State University/Research/MetaNetworksProject/MetaNetworksProject-Working/L0/taxa_checked_raw/Pelcanus_erythrorhynchos_IH_EP.csv","BOW_evidence | effect_sp1_on_sp2 | effect_sp2_on_sp1 | entry_changes | entry_date | interaction | n_studies | name_changes | nonbreedingseason | notesA | notesB | notesC | notesD | OLDsourceA | OLDsourceB | recorder | sourceAupdatedURL | sourceBupdatedURL | sourceCupdatedURL | sourceDupdatedURL | species1_common | species1_scientific | species2_common | species2_scientific | uncertain_interaction",25,TRUE,2026-08-24 15:10:47,"schema_5"
"C:/Users/kelly/OneDrive - Michigan State University/Research/MetaNetworksProject/MetaNetworksProject-Working/L0/taxa_checked_raw/Pelecanus_occidentalis_IH_EP.csv","BOW_evidence | effect_sp1_on_sp2 | effect_sp2_on_sp1 | entry_changes | entry_date | interaction | n_studies | name_changes | nonbreedingseason | notesA | notesB | notesC | notesD | OLDsourceA | OLDsourceB | recorder | sourceAupdatedURL | sourceBupdatedURL | sourceCupdatedURL | sourceDupdatedURL | species1_common | species1_scientific | species2_common | species2_scientific | uncertain_interaction",25,TRUE,2026-08-24 15:10:47,"schema_5"
"C:/Users/kelly/OneDrive - Michigan State University/Research/MetaNetworksProject/MetaNetworksProject-Working/L0/taxa_checked_raw/Penelope_purpurascens_AF_LB.csv","BOW_evidence | effect_sp1_on_sp2 | effect_sp2_on_sp1 | entry_changes | entry_date | interaction | n_studies | name_changes | nonbreedingseason | notesA | notesB | notesC | notesD | OLDsourceA | OLDsourceB | other_species1 | recorder | sourceAupdatedURL | sourceBupdatedURL | sourceCupdatedURL | sourceDupdatedURL | species1_common | species1_scientific | species2_common | species2_scientific | uncertain_interaction",26,TRUE,2026-08-24 15:10:47,"schema_1"
"C:/Users/kelly/OneDrive - Michigan State University/Research/MetaNetworksProject/MetaNetworksProject-Working/L0/taxa_checked_raw/Perdix_perdix.csv","BOW_evidence | effect_sp1_on_sp2 | effect_sp2_on_sp1 | entry_changes | entry_date | interaction | n_studies | nonbreedingseason | notesA | notesB | notesC | notesD | OLDsourceA | OLDsourceB | recorder | sourceAupdatedURL | sourceBupdatedURL | sourceCupdatedURL | sourceDupdatedURL | species1_common | species1_scientific | species2_common | species2_scientific | uncertain_interaction",24,TRUE,2026-08-24 15:10:47,"schema_2"
"C:/Users/kelly/OneDrive - Michigan State University/Research/MetaNetworksProject/MetaNetworksProject-Working/L0/taxa_checked_raw/perisoreus_canadensis.csv","BOW_evidence | effect_sp1_on_sp2 | effect_sp2_on_sp1 | entry_changes | entry_date | interaction | n_studies | nonbreedingseason | notesA | notesB | notesC | notesD | OLDsourceA | OLDsourceB | recorder | sourceAupdatedURL | sourceBupdatedURL | sourceCupdatedURL | sourceDupdatedURL | species1_common | species1_scientific | species2_common | species2_scientific | uncertain_interaction",24,TRUE,2025-10-06 21:18:15,"schema_2"
"C:/Users/kelly/OneDrive - Michigan State University/Research/MetaNetworksProject/MetaNetworksProject-Working/L0/taxa_checked_raw/Perisoreus_infaustus_IH_EP.csv","BOW_evidence | effect_sp1_on_sp2 | effect_sp2_on_sp1 | entry_changes | entry_date | interaction | n_studies | name_changes | nonbreedingseason | notesA | notesB | notesC | notesD | OLDsourceA | OLDsourceB | other_species1 | recorder | sourceAupdatedURL | sourceBupdatedURL | sourceCupdatedURL | sourceDupdatedURL | species1_common | species1_scientific | species2_common | species2_scientific | uncertain_interaction",26,TRUE,2026-08-24 15:10:47,"schema_1"
"C:/Users/kelly/OneDrive - Michigan State University/Research/MetaNetworksProject/MetaNetworksProject-Working/L0/taxa_checked_raw/Petrochelidon_fulva_EP_IH.csv","BOW_evidence | effect_sp1_on_sp2 | effect_sp2_on_sp1 | entry_changes | entry_date | interaction | n_studies | name_changes | nonbreedingseason | notesA | notesB | notesC | notesD | OLDsourceA | OLDsourceB | other_species1 | recorder | sourceAupdatedURL | sourceBupdatedURL | sourceCupdatedURL | sourceDupdatedURL | species1_common | species1_scientific | species2_common | species2_scientific | uncertain_interaction",26,TRUE,2024-12-05 18:30:47,"schema_1"
"C:/Users/kelly/OneDrive - Michigan State University/Research/MetaNetworksProject/MetaNetworksProject-Working/L0/taxa_checked_raw/petrochelidon_pyrrhonota.csv","BOW_evidence | effect_sp1_on_sp2 | effect_sp2_on_sp1 | entry_changes | entry_date | interaction | n_studies | nonbreedingseason | notesA | notesB | notesC | notesD | OLDsourceA | OLDsourceB | recorder | sourceAupdatedURL | sourceBupdatedURL | sourceCupdatedURL | sourceDupdatedURL | species1_common | species1_scientific | species2_common | species2_scientific | uncertain_interaction",24,TRUE,2026-02-25 03:37:11,"schema_2"
"C:/Users/kelly/OneDrive - Michigan State University/Research/MetaNetworksProject/MetaNetworksProject-Working/L0/taxa_checked_raw/Peucaea_aestivalis_CR_EP.csv","BOW_evidence | effect_sp1_on_sp2 | effect_sp2_on_sp1 | entry_changes | entry_date | interaction | n_studies | name_changes | nonbreedingseason | notesA | notesB | notesC | notesD | OLDsourceA | OLDsourceB | other_species1 | recorder | sourceAupdatedURL | sourceBupdatedURL | sourceCupdatedURL | sourceDupdatedURL | species1_common | species1_scientific | species2_common | species2_scientific | uncertain_interaction",26,TRUE,2026-08-24 15:10:47,"schema_1"
"C:/Users/kelly/OneDrive - Michigan State University/Research/MetaNetworksProject/MetaNetworksProject-Working/L0/taxa_checked_raw/Peucaea_botterii_EP_IH.csv","BOW_evidence | effect_sp1_on_sp2 | effect_sp2_on_sp1 | entry_changes | entry_date | interaction | n_studies | name_changes | nonbreedingseason | notesA | notesB | notesC | notesD | OLDsourceA | OLDsourceB | other_species1 | recorder | sourceAupdatedURL | sourceBupdatedURL | sourceCupdatedURL | sourceDupdatedURL | species1_common | species1_scientific | species2_common | species2_scientific | uncertain_interaction",26,TRUE,2024-10-18 17:39:47,"schema_1"
"C:/Users/kelly/OneDrive - Michigan State University/Research/MetaNetworksProject/MetaNetworksProject-Working/L0/taxa_checked_raw/Peucaea_carpalis_AH_EP.csv","BOW_evidence | effect_sp1_on_sp2 | effect_sp2_on_sp1 | entry_changes | entry_date | interaction | n_studies | name_changes | nonbreedingseason | notesA | notesB | notesC | notesD | OLDsourceA | OLDsourceB | other_species1 | recorder | sourceAupdatedURL | sourceBupdatedURL | sourceCupdatedURL | sourceDupdatedURL | species1_common | species1_scientific | species2_common | species2_scientific | uncertain_interaction",26,TRUE,2026-08-24 15:10:47,"schema_1"
"C:/Users/kelly/OneDrive - Michigan State University/Research/MetaNetworksProject/MetaNetworksProject-Working/L0/taxa_checked_raw/peucaea_cassinii.csv","BOW_evidence | effect_sp1_on_sp2 | effect_sp2_on_sp1 | entry_changes | entry_date | interaction | n_studies | nonbreedingseason | notesA | notesB | notesC | notesD | OLDsourceA | OLDsourceB | recorder | sourceAupdatedURL | sourceBupdatedURL | sourceCupdatedURL | sourceDupdatedURL | species1_common | species1_scientific | species2_common | species2_scientific | uncertain_interaction",24,TRUE,2023-12-08 17:44:04,"schema_2"
"C:/Users/kelly/OneDrive - Michigan State University/Research/MetaNetworksProject/MetaNetworksProject-Working/L0/taxa_checked_raw/Peucedramus_taeniatus_IH_EP.csv","BOW_evidence | effect_sp1_on_sp2 | effect_sp2_on_sp1 | entry_changes | entry_date | interaction | n_studies | name_changes | nonbreedingseason | notesA | notesB | notesC | notesD | OLDsourceA | OLDsourceB | other_species1 | recorder | sourceAupdatedURL | sourceBupdatedURL | sourceCupdatedURL | sourceDupdatedURL | species1_common | species1_scientific | species2_common | species2_scientific | uncertain_interaction",26,TRUE,2026-08-24 15:10:47,"schema_1"
"C:/Users/kelly/OneDrive - Michigan State University/Research/MetaNetworksProject/MetaNetworksProject-Working/L0/taxa_checked_raw/Phaethon_aethereus_GD_EP.csv","BOW_evidence | effect_sp1_on_sp2 | effect_sp2_on_sp1 | entry_changes | entry_date | interaction | n_studies | name_changes | nonbreedingseason | notesA | notesB | notesC | notesD | OLDsourceA | OLDsourceB | other_species1 | recorder | sourceAupdatedURL | sourceBupdatedURL | sourceCupdatedURL | sourceDupdatedURL | species1_common | species1_scientific | species2_common | species2_scientific | uncertain_interaction",26,TRUE,2026-08-24 15:10:47,"schema_1"
"C:/Users/kelly/OneDrive - Michigan State University/Research/MetaNetworksProject/MetaNetworksProject-Working/L0/taxa_checked_raw/Phaethornis_striigularis_CR.csv","BOW_evidence | effect_sp1_on_sp2 | effect_sp2_on_sp1 | entry_changes | entry_date | GoogleScholarURL | interaction | n_studies | name_changes | nonbreedingseason | notesA | notesB | notesC | notesD | OLDsourceA | OLDsourceB | other_species1 | recorder | sourceAupdatedURL | sourceBupdatedURL | sourceCupdatedURL | sourceDupdatedURL | species1_common | species1_scientific | species2_common | species2_scientific | uncertain_interaction",27,TRUE,2026-08-24 15:10:47,"schema_6"
"C:/Users/kelly/OneDrive - Michigan State University/Research/MetaNetworksProject/MetaNetworksProject-Working/L0/taxa_checked_raw/Phainopepla_nitens_IH_EP.csv","BOW_evidence | effect_sp1_on_sp2 | effect_sp2_on_sp1 | entry_changes | entry_date | interaction | n_studies | name_changes | nonbreedingseason | notesA | notesB | notesC | notesD | OLDsourceA | OLDsourceB | other_species1 | recorder | sourceAupdatedURL | sourceBupdatedURL | sourceCupdatedURL | sourceDupdatedURL | species1_common | species1_scientific | species2_common | species2_scientific | uncertain_interaction",26,TRUE,2026-08-24 15:10:47,"schema_1"
"C:/Users/kelly/OneDrive - Michigan State University/Research/MetaNetworksProject/MetaNetworksProject-Working/L0/taxa_checked_raw/Phalacrocorax_carbo_AH_EP.csv","BOW_evidence | effect_sp1_on_sp2 | effect_sp2_on_sp1 | entry_changes | entry_date | interaction | n_studies | name_changes | nonbreedingseason | notesA | notesB | notesC | notesD | OLDsourceA | OLDsourceB | other_species1 | recorder | sourceAupdatedURL | sourceBupdatedURL | sourceCupdatedURL | sourceDupdatedURL | species1_common | species1_scientific | species2_common | species2_scientific | uncertain_interaction",26,TRUE,2026-08-24 15:10:47,"schema_1"
"C:/Users/kelly/OneDrive - Michigan State University/Research/MetaNetworksProject/MetaNetworksProject-Working/L0/taxa_checked_raw/Phalaenoptilus_nuttallii_EP_IH.csv","BOW_evidence | effect_sp1_on_sp2 | effect_sp2_on_sp1 | entry_changes | entry_date | interaction | n_studies | name_changes | nonbreedingseason | notesA | notesB | notesC | notesD | OLDsourceA | OLDsourceB | other_species1 | recorder | sourceAupdatedURL | sourceBupdatedURL | sourceCupdatedURL | sourceDupdatedURL | species1_common | species1_scientific | species2_common | species2_scientific | uncertain_interaction",26,TRUE,2024-06-08 17:57:03,"schema_1"
"C:/Users/kelly/OneDrive - Michigan State University/Research/MetaNetworksProject/MetaNetworksProject-Working/L0/taxa_checked_raw/Phalaropus_lobatus_EP_IH.csv","BOW_evidence | effect_sp1_on_sp2 | effect_sp2_on_sp1 | entry_changes | entry_date | interaction | n_studies | name_changes | nonbreedingseason | notesA | notesB | notesC | notesD | OLDsourceA | OLDsourceB | other_species1 | recorder | sourceAupdatedURL | sourceBupdatedURL | sourceCupdatedURL | sourceDupdatedURL | species1_common | species1_scientific | species2_common | species2_scientific | uncertain_interaction",26,TRUE,2024-08-26 16:37:29,"schema_1"
"C:/Users/kelly/OneDrive - Michigan State University/Research/MetaNetworksProject/MetaNetworksProject-Working/L0/taxa_checked_raw/Phalaropus_tricolor_EP_IH.csv","BOW_evidence | effect_sp1_on_sp2 | effect_sp2_on_sp1 | entry_changes | entry_date | interaction | n_studies | name_changes | nonbreedingseason | notesA | notesB | notesC | notesD | OLDsourceA | OLDsourceB | other_species1 | recorder | sourceAupdatedURL | sourceBupdatedURL | sourceCupdatedURL | sourceDupdatedURL | species1_common | species1_scientific | species2_common | species2_scientific | uncertain_interaction",26,TRUE,2024-08-26 16:42:42,"schema_1"
"C:/Users/kelly/OneDrive - Michigan State University/Research/MetaNetworksProject/MetaNetworksProject-Working/L0/taxa_checked_raw/Pheucticus_ludovicianus_EP_IH.csv","BOW_evidence | effect_sp1_on_sp2 | effect_sp2_on_sp1 | entry_changes | entry_date | interaction | n_studies | name_changes | nonbreedingseason | notesA | notesB | notesC | notesD | OLDsourceA | OLDsourceB | other_species1 | recorder | sourceAupdatedURL | sourceBupdatedURL | sourceCupdatedURL | sourceDupdatedURL | species1_common | species1_scientific | species2_common | species2_scientific | uncertain_interaction",26,TRUE,2024-06-08 18:52:23,"schema_1"
"C:/Users/kelly/OneDrive - Michigan State University/Research/MetaNetworksProject/MetaNetworksProject-Working/L0/taxa_checked_raw/Pheucticus_melanocephalus_EP_IH.csv","BOW_evidence | effect_sp1_on_sp2 | effect_sp2_on_sp1 | entry_changes | entry_date | interaction | n_studies | name_changes | nonbreedingseason | notesA | notesB | notesC | notesD | OLDsourceA | OLDsourceB | other_species1 | recorder | sourceAupdatedURL | sourceBupdatedURL | sourceCupdatedURL | sourceDupdatedURL | species1_common | species1_scientific | species2_common | species2_scientific | uncertain_interaction",26,TRUE,2024-10-10 17:28:35,"schema_1"
"C:/Users/kelly/OneDrive - Michigan State University/Research/MetaNetworksProject/MetaNetworksProject-Working/L0/taxa_checked_raw/Pheugopedius_felix_OG_CR.csv","breeding_migration | DatabaseSearchURL | effect_sp1_on_sp2 | effect_sp2_on_sp1 | entry_changes | entry_date | interaction | interaction_strength | name_changes | other_species1 | recorder | source_citation | source_URL | species1_common | species1_lifestage | species1_scientific | species2_common | species2_lifestage | species2_scientific | text_excerpt | time_of_year | uncertain_interaction",22,TRUE,2025-10-08 16:19:24,"schema_3"
"C:/Users/kelly/OneDrive - Michigan State University/Research/MetaNetworksProject/MetaNetworksProject-Working/L0/taxa_checked_raw/Pheugopedius_maculipectus_VS_CR.csv","breeding_migration | DatabaseSearchURL | effect_sp1_on_sp2 | effect_sp2_on_sp1 | entry_changes | entry_date | interaction | interaction_strength | name_changes | other_species1 | recorder | source_citation | source_URL | species1_common | species1_lifestage | species1_scientific | species2_common | species2_lifestage | species2_scientific | text_excerpt | time_of_year | uncertain_interaction",22,TRUE,2025-10-14 15:07:07,"schema_3"
"C:/Users/kelly/OneDrive - Michigan State University/Research/MetaNetworksProject/MetaNetworksProject-Working/L0/taxa_checked_raw/Phoenicopterus_ruber_CR_EP.csv","BOW_evidence | effect_sp1_on_sp2 | effect_sp2_on_sp1 | entry_changes | entry_date | interaction | n_studies | name_changes | nonbreedingseason | notesA | notesB | notesC | notesD | OLDsourceA | OLDsourceB | other_species1 | recorder | sourceAupdatedURL | sourceBupdatedURL | sourceCupdatedURL | sourceDupdatedURL | species1_common | species1_scientific | species2_common | species2_scientific | uncertain_interaction",26,TRUE,2026-08-24 15:10:47,"schema_1"
"C:/Users/kelly/OneDrive - Michigan State University/Research/MetaNetworksProject/MetaNetworksProject-Working/L0/taxa_checked_raw/Phylloscopus_borealis_CR_EP.csv","BOW_evidence | effect_sp1_on_sp2 | effect_sp2_on_sp1 | entry_changes | entry_date | interaction | n_studies | name_changes | nonbreedingseason | notesA | notesB | notesC | notesD | OLDsourceA | OLDsourceB | other_species1 | recorder | sourceAupdatedURL | sourceBupdatedURL | sourceCupdatedURL | sourceDupdatedURL | species1_common | species1_scientific | species2_common | species2_scientific | uncertain_interaction",26,TRUE,2026-08-24 15:10:47,"schema_1"
"C:/Users/kelly/OneDrive - Michigan State University/Research/MetaNetworksProject/MetaNetworksProject-Working/L0/taxa_checked_raw/Phylloscopus_examinandus_AF_IH.csv","BOW_evidence | effect_sp1_on_sp2 | effect_sp2_on_sp1 | entry_changes | entry_date | interaction | n_studies | name_changes | nonbreedingseason | notesA | notesB | notesC | notesD | OLDsourceA | OLDsourceB | other_species1 | recorder | sourceAupdatedURL | sourceBupdatedURL | sourceCupdatedURL | sourceDupdatedURL | species1_common | species1_scientific | species2_common | species2_scientific | uncertain_interaction",26,FALSE,2024-10-28 19:05:38,"schema_1"
"C:/Users/kelly/OneDrive - Michigan State University/Research/MetaNetworksProject/MetaNetworksProject-Working/L0/taxa_checked_raw/Pica_hudsonia_EP_IH.csv","BOW_evidence | effect_sp1_on_sp2 | effect_sp2_on_sp1 | entry_changes | entry_date | interaction | n_studies | name_changes | nonbreedingseason | notesA | notesB | notesC | notesD | OLDsourceA | OLDsourceB | other_species1 | recorder | sourceAupdatedURL | sourceBupdatedURL | sourceCupdatedURL | sourceDupdatedURL | species1_common | species1_scientific | species2_common | species2_scientific | uncertain_interaction",26,TRUE,2025-02-27 22:18:04,"schema_1"
"C:/Users/kelly/OneDrive - Michigan State University/Research/MetaNetworksProject/MetaNetworksProject-Working/L0/taxa_checked_raw/pica_nuttalli.csv","BOW_evidence | effect_sp1_on_sp2 | effect_sp2_on_sp1 | entry_changes | entry_date | interaction | n_studies | nonbreedingseason | notesA | notesB | notesC | notesD | OLDsourceA | OLDsourceB | recorder | sourceAupdatedURL | sourceBupdatedURL | sourceCupdatedURL | sourceDupdatedURL | species1_common | species1_scientific | species2_common | species2_scientific | uncertain_interaction",24,TRUE,2022-12-07 17:56:33,"schema_2"
"C:/Users/kelly/OneDrive - Michigan State University/Research/MetaNetworksProject/MetaNetworksProject-Working/L0/taxa_checked_raw/Pica_pica_IH_EP.csv","BOW_evidence | effect_sp1_on_sp2 | effect_sp2_on_sp1 | entry_changes | entry_date | interaction | n_studies | name_changes | nonbreedingseason | notesA | notesB | notesC | notesD | OLDsourceA | OLDsourceB | other_species1 | recorder | sourceAupdatedURL | sourceBupdatedURL | sourceCupdatedURL | sourceDupdatedURL | species1_common | species1_scientific | species2_common | species2_scientific | uncertain_interaction",26,TRUE,2026-08-24 15:10:47,"schema_1"
"C:/Users/kelly/OneDrive - Michigan State University/Research/MetaNetworksProject/MetaNetworksProject-Working/L0/taxa_checked_raw/picoides_arcticus.csv","BOW_evidence | effect_sp1_on_sp2 | effect_sp2_on_sp1 | entry_changes | entry_date | interaction | n_studies | nonbreedingseason | notesA | notesB | notesC | notesD | OLDsourceA | OLDsourceB | recorder | sourceAupdatedURL | sourceBupdatedURL | sourceCupdatedURL | sourceDupdatedURL | species1_common | species1_scientific | species2_common | species2_scientific | uncertain_interaction",24,TRUE,2022-12-07 17:56:33,"schema_2"
"C:/Users/kelly/OneDrive - Michigan State University/Research/MetaNetworksProject/MetaNetworksProject-Working/L0/taxa_checked_raw/picoides_dorsalis_IH.csv","BOW_evidence | effect_sp1_on_sp2 | effect_sp2_on_sp1 | entry_changes | entry_date | interaction | n_studies | name_changes | nonbreedingseason | notesA | notesB | notesC | notesD | OLDsourceA | OLDsourceB | other_species1 | recorder | sourceAupdatedURL | sourceBupdatedURL | sourceCupdatedURL | sourceDupdatedURL | species1_common | species1_scientific | species2_common | species2_scientific | uncertain_interaction",26,TRUE,2025-04-16 19:50:06,"schema_1"
"C:/Users/kelly/OneDrive - Michigan State University/Research/MetaNetworksProject/MetaNetworksProject-Working/L0/taxa_checked_raw/pinicola_enucleator.csv","BOW_evidence | effect_sp1_on_sp2 | effect_sp2_on_sp1 | entry_changes | entry_date | interaction | n_studies | nonbreedingseason | notesA | notesB | notesC | notesD | OLDsourceA | OLDsourceB | recorder | sourceAupdatedURL | sourceBupdatedURL | sourceCupdatedURL | sourceDupdatedURL | species1_common | species1_scientific | species2_common | species2_scientific | uncertain_interaction",24,TRUE,2022-12-07 17:56:33,"schema_2"
"C:/Users/kelly/OneDrive - Michigan State University/Research/MetaNetworksProject/MetaNetworksProject-Working/L0/taxa_checked_raw/Pipilo_chlorurus_EP_IH.csv","BOW_evidence | effect_sp1_on_sp2 | effect_sp2_on_sp1 | entry_changes | entry_date | interaction | n_studies | name_changes | nonbreedingseason | notesA | notesB | notesC | notesD | OLDsourceA | OLDsourceB | other_species1 | recorder | sourceAupdatedURL | sourceBupdatedURL | sourceCupdatedURL | sourceDupdatedURL | species1_common | species1_scientific | species2_common | species2_scientific | uncertain_interaction",26,TRUE,2025-02-13 17:14:50,"schema_1"
"C:/Users/kelly/OneDrive - Michigan State University/Research/MetaNetworksProject/MetaNetworksProject-Working/L0/taxa_checked_raw/Pipilo_erythrophthalmus_EP_IH.csv","BOW_evidence | effect_sp1_on_sp2 | effect_sp2_on_sp1 | entry_changes | entry_date | interaction | n_studies | name_changes | nonbreedingseason | notesA | notesB | notesC | notesD | OLDsourceA | OLDsourceB | other_species1 | recorder | sourceAupdatedURL | sourceBupdatedURL | sourceCupdatedURL | sourceDupdatedURL | species1_common | species1_scientific | species2_common | species2_scientific | uncertain_interaction",26,TRUE,2024-12-05 19:50:51,"schema_1"
"C:/Users/kelly/OneDrive - Michigan State University/Research/MetaNetworksProject/MetaNetworksProject-Working/L0/taxa_checked_raw/Pipilo_maculatus_EP_IH.csv","BOW_evidence | effect_sp1_on_sp2 | effect_sp2_on_sp1 | entry_changes | entry_date | interaction | n_studies | name_changes | nonbreedingseason | notesA | notesB | notesC | notesD | OLDsourceA | OLDsourceB | other_species1 | recorder | sourceAupdatedURL | sourceBupdatedURL | sourceCupdatedURL | sourceDupdatedURL | species1_common | species1_scientific | species2_common | species2_scientific | uncertain_interaction",26,TRUE,2024-11-01 18:43:25,"schema_1"
"C:/Users/kelly/OneDrive - Michigan State University/Research/MetaNetworksProject/MetaNetworksProject-Working/L0/taxa_checked_raw/Pipilo_ocai_SEP_JB.csv","breeding_migration | DatabaseSearchURL | effect_sp1_on_sp2 | effect_sp2_on_sp1 | entry_changes | entry_date | interaction | interaction_strength | name_changes | other_species1 | recorder | source_citation | source_URL | species1_common | species1_lifestage | species1_scientific | species2_common | species2_lifestage | species2_scientific | text_excerpt | time_of_year | uncertain_interaction",22,TRUE,2026-08-24 15:10:47,"schema_3"
"C:/Users/kelly/OneDrive - Michigan State University/Research/MetaNetworksProject/MetaNetworksProject-Working/L0/taxa_checked_raw/Piranga_flava_EP_IH.csv","BOW_evidence | effect_sp1_on_sp2 | effect_sp2_on_sp1 | entry_changes | entry_date | interaction | n_studies | name_changes | nonbreedingseason | notesA | notesB | notesC | notesD | OLDsourceA | OLDsourceB | other_species1 | recorder | sourceAupdatedURL | sourceBupdatedURL | sourceCupdatedURL | sourceDupdatedURL | species1_common | species1_scientific | species2_common | species2_scientific | uncertain_interaction",26,TRUE,2026-02-05 01:52:33,"schema_1"
"C:/Users/kelly/OneDrive - Michigan State University/Research/MetaNetworksProject/MetaNetworksProject-Working/L0/taxa_checked_raw/Piranga_ludoviciana_EP_IH.csv","BOW_evidence | effect_sp1_on_sp2 | effect_sp2_on_sp1 | entry_changes | entry_date | interaction | n_studies | name_changes | nonbreedingseason | notesA | notesB | notesC | notesD | OLDsourceA | OLDsourceB | other_species1 | recorder | sourceAupdatedURL | sourceBupdatedURL | sourceCupdatedURL | sourceDupdatedURL | species1_common | species1_scientific | species2_common | species2_scientific | uncertain_interaction",26,TRUE,2024-11-14 17:18:05,"schema_1"
"C:/Users/kelly/OneDrive - Michigan State University/Research/MetaNetworksProject/MetaNetworksProject-Working/L0/taxa_checked_raw/Piranga_olivacea_EP_IH.csv","BOW_evidence | effect_sp1_on_sp2 | effect_sp2_on_sp1 | entry_changes | entry_date | interaction | n_studies | name_changes | nonbreedingseason | notesA | notesB | notesC | notesD | OLDsourceA | OLDsourceB | other_species1 | recorder | sourceAupdatedURL | sourceBupdatedURL | sourceCupdatedURL | sourceDupdatedURL | species1_common | species1_scientific | species2_common | species2_scientific | uncertain_interaction",26,TRUE,2024-12-05 20:24:35,"schema_1"
"C:/Users/kelly/OneDrive - Michigan State University/Research/MetaNetworksProject/MetaNetworksProject-Working/L0/taxa_checked_raw/Piranga_rubra_EP_IH.csv","BOW_evidence | effect_sp1_on_sp2 | effect_sp2_on_sp1 | entry_changes | entry_date | interaction | n_studies | name_changes | nonbreedingseason | notesA | notesB | notesC | notesD | OLDsourceA | OLDsourceB | other_species1 | recorder | sourceAupdatedURL | sourceBupdatedURL | sourceCupdatedURL | sourceDupdatedURL | species1_common | species1_scientific | species2_common | species2_scientific | uncertain_interaction",26,TRUE,2024-09-12 18:48:50,"schema_1"
"C:/Users/kelly/OneDrive - Michigan State University/Research/MetaNetworksProject/MetaNetworksProject-Working/L0/taxa_checked_raw/Pitangus_sulphuratus_EP_IH.csv","BOW_evidence | effect_sp1_on_sp2 | effect_sp2_on_sp1 | entry_changes | entry_date | interaction | n_studies | name_changes | nonbreedingseason | notesA | notesB | notesC | notesD | OLDsourceA | OLDsourceB | other_species1 | recorder | sourceAupdatedURL | sourceBupdatedURL | sourceCupdatedURL | sourceDupdatedURL | species1_common | species1_scientific | species2_common | species2_scientific | uncertain_interaction",26,TRUE,2024-12-06 16:05:30,"schema_1"
"C:/Users/kelly/OneDrive - Michigan State University/Research/MetaNetworksProject/MetaNetworksProject-Working/L0/taxa_checked_raw/Platalea_ajaja_EP_IH.csv","BOW_evidence | effect_sp1_on_sp2 | effect_sp2_on_sp1 | entry_changes | entry_date | interaction | n_studies | name_changes | nonbreedingseason | notesA | notesB | notesC | notesD | OLDsourceA | OLDsourceB | other_species1 | recorder | sourceAupdatedURL | sourceBupdatedURL | sourceCupdatedURL | sourceDupdatedURL | species1_common | species1_scientific | species2_common | species2_scientific | uncertain_interaction",26,TRUE,2025-04-17 17:52:26,"schema_1"
"C:/Users/kelly/OneDrive - Michigan State University/Research/MetaNetworksProject/MetaNetworksProject-Working/L0/taxa_checked_raw/Plectrophenax_hyperboreus_MA_IH.csv","BOW_evidence | effect_sp1_on_sp2 | effect_sp2_on_sp1 | entry_changes | entry_date | interaction | n_studies | name_changes | nonbreedingseason | notesA | notesB | notesC | notesD | OLDsourceA | OLDsourceB | other_species1 | recorder | sourceAupdatedURL | sourceBupdatedURL | sourceCupdatedURL | sourceDupdatedURL | species1_common | species1_scientific | species2_common | species2_scientific | uncertain_interaction",26,TRUE,2024-10-28 19:05:38,"schema_1"
"C:/Users/kelly/OneDrive - Michigan State University/Research/MetaNetworksProject/MetaNetworksProject-Working/L0/taxa_checked_raw/Plectrophenax_nivalis_EP_IH.csv","BOW_evidence | effect_sp1_on_sp2 | effect_sp2_on_sp1 | entry_changes | entry_date | interaction | n_studies | name_changes | nonbreedingseason | notesA | notesB | notesC | notesD | OLDsourceA | OLDsourceB | other_species1 | recorder | sourceAupdatedURL | sourceBupdatedURL | sourceCupdatedURL | sourceDupdatedURL | species1_common | species1_scientific | species2_common | species2_scientific | uncertain_interaction",26,TRUE,2024-10-24 19:26:27,"schema_1"
"C:/Users/kelly/OneDrive - Michigan State University/Research/MetaNetworksProject/MetaNetworksProject-Working/L0/taxa_checked_raw/Plegadis_chihi_EP_IH.csv","BOW_evidence | effect_sp1_on_sp2 | effect_sp2_on_sp1 | entry_changes | entry_date | interaction | n_studies | name_changes | nonbreedingseason | notesA | notesB | notesC | notesD | OLDsourceA | OLDsourceB | other_species1 | recorder | sourceAupdatedURL | sourceBupdatedURL | sourceCupdatedURL | sourceDupdatedURL | species1_common | species1_scientific | species2_common | species2_scientific | uncertain_interaction",26,TRUE,2024-10-24 19:40:33,"schema_1"
"C:/Users/kelly/OneDrive - Michigan State University/Research/MetaNetworksProject/MetaNetworksProject-Working/L0/taxa_checked_raw/Plegadis_falcinellus_EP_IH.csv","BOW_evidence | effect_sp1_on_sp2 | effect_sp2_on_sp1 | entry_changes | entry_date | interaction | n_studies | name_changes | nonbreedingseason | notesA | notesB | notesC | notesD | OLDsourceA | OLDsourceB | other_species1 | recorder | sourceAupdatedURL | sourceBupdatedURL | sourceCupdatedURL | sourceDupdatedURL | species1_common | species1_scientific | species2_common | species2_scientific | uncertain_interaction",26,TRUE,2026-06-05 19:58:03,"schema_1"
"C:/Users/kelly/OneDrive - Michigan State University/Research/MetaNetworksProject/MetaNetworksProject-Working/L0/taxa_checked_raw/Pluvialis_dominica_EP_IH.csv","BOW_evidence | effect_sp1_on_sp2 | effect_sp2_on_sp1 | entry_changes | entry_date | interaction | n_studies | name_changes | nonbreedingseason | notesA | notesB | notesC | notesD | OLDsourceA | OLDsourceB | other_species1 | recorder | sourceAupdatedURL | sourceBupdatedURL | sourceCupdatedURL | sourceDupdatedURL | species1_common | species1_scientific | species2_common | species2_scientific | uncertain_interaction",26,TRUE,2024-10-25 15:16:20,"schema_1"
"C:/Users/kelly/OneDrive - Michigan State University/Research/MetaNetworksProject/MetaNetworksProject-Working/L0/taxa_checked_raw/Pluvialis_fulva_EP_IH.csv","BOW_evidence | effect_sp1_on_sp2 | effect_sp2_on_sp1 | entry_changes | entry_date | interaction | n_studies | name_changes | nonbreedingseason | notesA | notesB | notesC | notesD | OLDsourceA | OLDsourceB | other_species1 | recorder | sourceAupdatedURL | sourceBupdatedURL | sourceCupdatedURL | sourceDupdatedURL | species1_common | species1_scientific | species2_common | species2_scientific | uncertain_interaction",26,TRUE,2024-10-25 15:36:05,"schema_1"
"C:/Users/kelly/OneDrive - Michigan State University/Research/MetaNetworksProject/MetaNetworksProject-Working/L0/taxa_checked_raw/Pluvialis_squatarola_EP_IH.csv","BOW_evidence | effect_sp1_on_sp2 | effect_sp2_on_sp1 | entry_changes | entry_date | interaction | n_studies | name_changes | nonbreedingseason | notesA | notesB | notesC | notesD | OLDsourceA | OLDsourceB | other_species1 | recorder | sourceAupdatedURL | sourceBupdatedURL | sourceCupdatedURL | sourceDupdatedURL | species1_common | species1_scientific | species2_common | species2_scientific | uncertain_interaction",26,TRUE,2024-12-06 18:08:42,"schema_1"
"C:/Users/kelly/OneDrive - Michigan State University/Research/MetaNetworksProject/MetaNetworksProject-Working/L0/taxa_checked_raw/Podiceps_auritus_CR_EP.csv","BOW_evidence | effect_sp1_on_sp2 | effect_sp2_on_sp1 | entry_changes | entry_date | interaction | n_studies | name_changes | nonbreedingseason | notesA | notesB | notesC | notesD | OLDsourceA | OLDsourceB | other_species1 | recorder | sourceAupdatedURL | sourceBupdatedURL | sourceCupdatedURL | sourceDupdatedURL | species1_common | species1_scientific | species2_common | species2_scientific | uncertain_interaction",26,TRUE,2026-08-24 15:10:47,"schema_1"
"C:/Users/kelly/OneDrive - Michigan State University/Research/MetaNetworksProject/MetaNetworksProject-Working/L0/taxa_checked_raw/Podiceps_grisegena.csv","BOW_evidence | effect_sp1_on_sp2 | effect_sp2_on_sp1 | entry_changes | entry_date | interaction | n_studies | nonbreedingseason | notesA | notesB | notesC | notesD | OLDsourceA | OLDsourceB | recorder | sourceAupdatedURL | sourceBupdatedURL | sourceCupdatedURL | sourceDupdatedURL | species1_common | species1_scientific | species2_common | species2_scientific | uncertain_interaction",24,TRUE,2026-08-24 15:10:47,"schema_2"
"C:/Users/kelly/OneDrive - Michigan State University/Research/MetaNetworksProject/MetaNetworksProject-Working/L0/taxa_checked_raw/Podiceps_nigricollis_EP_IH.csv","BOW_evidence | effect_sp1_on_sp2 | effect_sp2_on_sp1 | entry_changes | entry_date | interaction | n_studies | name_changes | nonbreedingseason | notesA | notesB | notesC | notesD | OLDsourceA | OLDsourceB | other_species1 | recorder | sourceAupdatedURL | sourceBupdatedURL | sourceCupdatedURL | sourceDupdatedURL | species1_common | species1_scientific | species2_common | species2_scientific | uncertain_interaction",26,TRUE,2026-08-24 15:10:47,"schema_1"
"C:/Users/kelly/OneDrive - Michigan State University/Research/MetaNetworksProject/MetaNetworksProject-Working/L0/taxa_checked_raw/Podilymbus_podiceps_EP.csv","BOW_evidence | effect_sp1_on_sp2 | effect_sp2_on_sp1 | entry_changes | entry_date | interaction | n_studies | name_changes | nonbreedingseason | notesA | notesB | notesC | notesD | OLDsourceA | OLDsourceB | other_species1 | recorder | sourceAupdatedURL | sourceBupdatedURL | sourceCupdatedURL | sourceDupdatedURL | species1_common | species1_scientific | species2_common | species2_scientific | uncertain_interaction",26,TRUE,2026-08-24 15:10:47,"schema_1"
"C:/Users/kelly/OneDrive - Michigan State University/Research/MetaNetworksProject/MetaNetworksProject-Working/L0/taxa_checked_raw/poecile_atricapillus.csv","BOW_evidence | effect_sp1_on_sp2 | effect_sp2_on_sp1 | entry_changes | entry_date | interaction | n_studies | nonbreedingseason | notesA | notesB | notesC | notesD | OLDsourceA | OLDsourceB | recorder | sourceAupdatedURL | sourceBupdatedURL | sourceCupdatedURL | sourceDupdatedURL | species1_common | species1_scientific | species2_common | species2_scientific | uncertain_interaction",24,TRUE,2022-12-07 17:56:33,"schema_2"
"C:/Users/kelly/OneDrive - Michigan State University/Research/MetaNetworksProject/MetaNetworksProject-Working/L0/taxa_checked_raw/poecile_carolinensis.csv","BOW_evidence | effect_sp1_on_sp2 | effect_sp2_on_sp1 | entry_changes | entry_date | interaction | n_studies | nonbreedingseason | notesA | notesB | notesC | notesD | OLDsourceA | OLDsourceB | recorder | sourceAupdatedURL | sourceBupdatedURL | sourceCupdatedURL | sourceDupdatedURL | species1_common | species1_scientific | species2_common | species2_scientific | uncertain_interaction",24,TRUE,2022-12-07 17:56:33,"schema_2"
"C:/Users/kelly/OneDrive - Michigan State University/Research/MetaNetworksProject/MetaNetworksProject-Working/L0/taxa_checked_raw/Poecile_cinctus_EP_CR.csv","BOW_evidence | effect_sp1_on_sp2 | effect_sp2_on_sp1 | entry_changes | entry_date | interaction | n_studies | name_changes | nonbreedingseason | notesA | notesB | notesC | notesD | OLDsourceA | OLDsourceB | other_species1 | recorder | sourceAupdatedURL | sourceBupdatedURL | sourceCupdatedURL | sourceDupdatedURL | species1_common | species1_scientific | species2_common | species2_scientific | uncertain_interaction",26,TRUE,2025-09-10 16:47:43,"schema_1"
"C:/Users/kelly/OneDrive - Michigan State University/Research/MetaNetworksProject/MetaNetworksProject-Working/L0/taxa_checked_raw/poecile_gambeli.csv","BOW_evidence | effect_sp1_on_sp2 | effect_sp2_on_sp1 | entry_changes | entry_date | interaction | n_studies | nonbreedingseason | notesA | notesB | notesC | notesD | OLDsourceA | OLDsourceB | recorder | sourceAupdatedURL | sourceBupdatedURL | sourceCupdatedURL | sourceDupdatedURL | species1_common | species1_scientific | species2_common | species2_scientific | uncertain_interaction",24,TRUE,2022-12-07 17:56:33,"schema_2"
"C:/Users/kelly/OneDrive - Michigan State University/Research/MetaNetworksProject/MetaNetworksProject-Working/L0/taxa_checked_raw/poecile_hudsonicus.csv","BOW_evidence | effect_sp1_on_sp2 | effect_sp2_on_sp1 | entry_changes | entry_date | interaction | n_studies | nonbreedingseason | notesA | notesB | notesC | notesD | OLDsourceA | OLDsourceB | recorder | sourceAupdatedURL | sourceBupdatedURL | sourceCupdatedURL | sourceDupdatedURL | species1_common | species1_scientific | species2_common | species2_scientific | uncertain_interaction",24,TRUE,2022-12-07 17:56:33,"schema_2"
"C:/Users/kelly/OneDrive - Michigan State University/Research/MetaNetworksProject/MetaNetworksProject-Working/L0/taxa_checked_raw/poecile_rufescens.csv","BOW_evidence | effect_sp1_on_sp2 | effect_sp2_on_sp1 | entry_changes | entry_date | interaction | n_studies | nonbreedingseason | notesA | notesB | notesC | notesD | OLDsourceA | OLDsourceB | recorder | sourceAupdatedURL | sourceBupdatedURL | sourceCupdatedURL | sourceDupdatedURL | species1_common | species1_scientific | species2_common | species2_scientific | uncertain_interaction",24,TRUE,2022-12-07 17:56:33,"schema_2"
"C:/Users/kelly/OneDrive - Michigan State University/Research/MetaNetworksProject/MetaNetworksProject-Working/L0/taxa_checked_raw/poecile_sclateri.csv","BOW_evidence | effect_sp1_on_sp2 | effect_sp2_on_sp1 | entry_changes | entry_date | interaction | n_studies | nonbreedingseason | notesA | notesB | notesC | notesD | OLDsourceA | OLDsourceB | recorder | sourceAupdatedURL | sourceBupdatedURL | sourceCupdatedURL | sourceDupdatedURL | species1_common | species1_scientific | species2_common | species2_scientific | uncertain_interaction",24,TRUE,2022-12-07 17:56:33,"schema_2"
"C:/Users/kelly/OneDrive - Michigan State University/Research/MetaNetworksProject/MetaNetworksProject-Working/L0/taxa_checked_raw/Polioptila_albiloris_SEP_CR.csv","breeding_migration | DatabaseSearchURL | effect_sp1_on_sp2 | effect_sp2_on_sp1 | entry_changes | entry_date | interaction | interaction_strength | name_changes | other_species1 | recorder | source_citation | source_URL | species1_common | species1_lifestage | species1_scientific | species2_common | species2_lifestage | species2_scientific | text_excerpt | time_of_year | uncertain_interaction",22,TRUE,2025-10-27 15:44:43,"schema_3"
"C:/Users/kelly/OneDrive - Michigan State University/Research/MetaNetworksProject/MetaNetworksProject-Working/L0/taxa_checked_raw/polioptila_caerulea.csv","BOW_evidence | effect_sp1_on_sp2 | effect_sp2_on_sp1 | entry_changes | entry_date | interaction | n_studies | nonbreedingseason | notesA | notesB | notesC | notesD | OLDsourceA | OLDsourceB | recorder | sourceAupdatedURL | sourceBupdatedURL | sourceCupdatedURL | sourceDupdatedURL | species1_common | species1_scientific | species2_common | species2_scientific | uncertain_interaction",24,TRUE,2026-08-24 15:10:47,"schema_2"
"C:/Users/kelly/OneDrive - Michigan State University/Research/MetaNetworksProject/MetaNetworksProject-Working/L0/taxa_checked_raw/Polioptila_californica_IH_EP.csv","BOW_evidence | effect_sp1_on_sp2 | effect_sp2_on_sp1 | entry_changes | entry_date | interaction | n_studies | name_changes | nonbreedingseason | notesA | notesB | notesC | notesD | OLDsourceA | OLDsourceB | other_species1 | recorder | sourceAupdatedURL | sourceBupdatedURL | sourceCupdatedURL | sourceDupdatedURL | species1_common | species1_scientific | species2_common | species2_scientific | uncertain_interaction",26,TRUE,2026-08-24 15:10:47,"schema_1"
"C:/Users/kelly/OneDrive - Michigan State University/Research/MetaNetworksProject/MetaNetworksProject-Working/L0/taxa_checked_raw/Polioptila_melanura_IH_EP.csv","BOW_evidence | effect_sp1_on_sp2 | effect_sp2_on_sp1 | entry_changes | entry_date | interaction | n_studies | name_changes | nonbreedingseason | notesA | notesB | notesC | notesD | OLDsourceA | OLDsourceB | other_species1 | recorder | sourceAupdatedURL | sourceBupdatedURL | sourceCupdatedURL | sourceDupdatedURL | species1_common | species1_scientific | species2_common | species2_scientific | uncertain_interaction",26,TRUE,2026-08-24 15:10:47,"schema_1"
"C:/Users/kelly/OneDrive - Michigan State University/Research/MetaNetworksProject/MetaNetworksProject-Working/L0/taxa_checked_raw/Polysticta_stelleri_IH_EP.csv","BOW_evidence | effect_sp1_on_sp2 | effect_sp2_on_sp1 | entry_changes | entry_date | interaction | n_studies | name_changes | nonbreedingseason | notesA | notesB | notesC | notesD | OLDsourceA | OLDsourceB | other_species1 | recorder | sourceAupdatedURL | sourceBupdatedURL | sourceCupdatedURL | sourceDupdatedURL | species1_common | species1_scientific | species2_common | species2_scientific | uncertain_interaction",26,TRUE,2026-08-24 15:10:47,"schema_1"
"C:/Users/kelly/OneDrive - Michigan State University/Research/MetaNetworksProject/MetaNetworksProject-Working/L0/taxa_checked_raw/Pooecetes_gramineus_EP_IH.csv","BOW_evidence | effect_sp1_on_sp2 | effect_sp2_on_sp1 | entry_changes | entry_date | interaction | n_studies | name_changes | nonbreedingseason | notesA | notesB | notesC | notesD | OLDsourceA | OLDsourceB | other_species1 | recorder | sourceAupdatedURL | sourceBupdatedURL | sourceCupdatedURL | sourceDupdatedURL | species1_common | species1_scientific | species2_common | species2_scientific | uncertain_interaction",26,TRUE,2024-10-25 16:30:18,"schema_1"
"C:/Users/kelly/OneDrive - Michigan State University/Research/MetaNetworksProject/MetaNetworksProject-Working/L0/taxa_checked_raw/Porphyrio_martinica_GD_EP.csv","BOW_evidence | effect_sp1_on_sp2 | effect_sp2_on_sp1 | entry_changes | entry_date | interaction | n_studies | name_changes | nonbreedingseason | notesA | notesB | notesC | notesD | OLDsourceA | OLDsourceB | other_species1 | recorder | sourceAupdatedURL | sourceBupdatedURL | sourceCupdatedURL | sourceDupdatedURL | species1_common | species1_scientific | species2_common | species2_scientific | uncertain_interaction",26,TRUE,2026-08-24 15:10:47,"schema_1"
"C:/Users/kelly/OneDrive - Michigan State University/Research/MetaNetworksProject/MetaNetworksProject-Working/L0/taxa_checked_raw/Porphyrio_porphyrio_CR_EP_IH.csv","BOW_evidence | effect_sp1_on_sp2 | effect_sp2_on_sp1 | entry_changes | entry_date | interaction | n_studies | name_changes | nonbreedingseason | notesA | notesB | notesC | notesD | OLDsourceA | OLDsourceB | other_species1 | recorder | sourceAupdatedURL | sourceBupdatedURL | sourceCupdatedURL | sourceDupdatedURL | species1_common | species1_scientific | species2_common | species2_scientific | uncertain_interaction",26,TRUE,2024-08-08 15:36:55,"schema_1"
"C:/Users/kelly/OneDrive - Michigan State University/Research/MetaNetworksProject/MetaNetworksProject-Working/L0/taxa_checked_raw/Porzana_carolina_EP_IH.csv","BOW_evidence | effect_sp1_on_sp2 | effect_sp2_on_sp1 | entry_changes | entry_date | interaction | n_studies | name_changes | nonbreedingseason | notesA | notesB | notesC | notesD | OLDsourceA | OLDsourceB | other_species1 | recorder | sourceAupdatedURL | sourceBupdatedURL | sourceCupdatedURL | sourceDupdatedURL | species1_common | species1_scientific | species2_common | species2_scientific | uncertain_interaction",26,TRUE,2024-10-02 19:27:06,"schema_1"
"C:/Users/kelly/OneDrive - Michigan State University/Research/MetaNetworksProject/MetaNetworksProject-Working/L0/taxa_checked_raw/Prodotiscus_insignis_CR_EP.csv","BOW_evidence | effect_sp1_on_sp2 | effect_sp2_on_sp1 | entry_changes | entry_date | interaction | n_studies | name_changes | nonbreedingseason | notesA | notesB | notesC | notesD | OLDsourceA | OLDsourceB | other_species1 | recorder | sourceAupdatedURL | sourceBupdatedURL | sourceCupdatedURL | sourceDupdatedURL | species1_common | species1_scientific | species2_common | species2_scientific | uncertain_interaction",26,TRUE,2024-02-16 21:38:28,"schema_1"
"C:/Users/kelly/OneDrive - Michigan State University/Research/MetaNetworksProject/MetaNetworksProject-Working/L0/taxa_checked_raw/Prodotiscus_regulus_CR_EP.csv","BOW_evidence | effect_sp1_on_sp2 | effect_sp2_on_sp1 | entry_changes | entry_date | interaction | n_studies | name_changes | nonbreedingseason | notesA | notesB | notesC | notesD | OLDsourceA | OLDsourceB | other_species1 | recorder | sourceAupdatedURL | sourceBupdatedURL | sourceCupdatedURL | sourceDupdatedURL | species1_common | species1_scientific | species2_common | species2_scientific | uncertain_interaction",26,TRUE,2024-02-29 18:30:34,"schema_1"
"C:/Users/kelly/OneDrive - Michigan State University/Research/MetaNetworksProject/MetaNetworksProject-Working/L0/taxa_checked_raw/Prodotiscus_zambesiae_CR_EP.csv","BOW_evidence | effect_sp1_on_sp2 | effect_sp2_on_sp1 | entry_changes | entry_date | interaction | n_studies | name_changes | nonbreedingseason | notesA | notesB | notesC | notesD | OLDsourceA | OLDsourceB | other_species1 | recorder | sourceAupdatedURL | sourceBupdatedURL | sourceCupdatedURL | sourceDupdatedURL | species1_common | species1_scientific | species2_common | species2_scientific | uncertain_interaction",26,TRUE,2026-08-24 15:10:47,"schema_1"
"C:/Users/kelly/OneDrive - Michigan State University/Research/MetaNetworksProject/MetaNetworksProject-Working/L0/taxa_checked_raw/Progne_cryptoleuca_AF_IH.csv","BOW_evidence | effect_sp1_on_sp2 | effect_sp2_on_sp1 | entry_changes | entry_date | interaction | n_studies | name_changes | nonbreedingseason | notesA | notesB | notesC | notesD | OLDsourceA | OLDsourceB | other_species1 | recorder | sourceAupdatedURL | sourceBupdatedURL | sourceCupdatedURL | sourceDupdatedURL | species1_common | species1_scientific | species2_common | species2_scientific | uncertain_interaction",26,TRUE,2024-09-11 18:53:34,"schema_1"
"C:/Users/kelly/OneDrive - Michigan State University/Research/MetaNetworksProject/MetaNetworksProject-Working/L0/taxa_checked_raw/Progne_sinaloae_JNS_CR.csv","breeding_migration | DatabaseSearchURL | effect_sp1_on_sp2 | effect_sp2_on_sp1 | entry_changes | entry_date | interaction | interaction_strength | name_changes | other_species1 | recorder | source_citation | source_URL | species1_common | species1_lifestage | species1_scientific | species2_common | species2_lifestage | species2_scientific | text_excerpt | time_of_year | uncertain_interaction",22,TRUE,2025-11-03 15:49:46,"schema_3"
"C:/Users/kelly/OneDrive - Michigan State University/Research/MetaNetworksProject/MetaNetworksProject-Working/L0/taxa_checked_raw/progne_subis.csv","BOW_evidence | effect_sp1_on_sp2 | effect_sp2_on_sp1 | entry_changes | entry_date | interaction | n_studies | nonbreedingseason | notesA | notesB | notesC | notesD | OLDsourceA | OLDsourceB | recorder | sourceAupdatedURL | sourceBupdatedURL | sourceCupdatedURL | sourceDupdatedURL | species1_common | species1_scientific | species2_common | species2_scientific | uncertain_interaction",24,TRUE,2022-12-07 17:56:33,"schema_2"
"C:/Users/kelly/OneDrive - Michigan State University/Research/MetaNetworksProject/MetaNetworksProject-Working/L0/taxa_checked_raw/protonotaria_citrea.csv","BOW_evidence | effect_sp1_on_sp2 | effect_sp2_on_sp1 | entry_changes | entry_date | interaction | n_studies | nonbreedingseason | notesA | notesB | notesC | notesD | OLDsourceA | OLDsourceB | recorder | sourceAupdatedURL | sourceBupdatedURL | sourceCupdatedURL | sourceDupdatedURL | species1_common | species1_scientific | species2_common | species2_scientific | uncertain_interaction",24,TRUE,2022-12-07 17:56:33,"schema_2"
"C:/Users/kelly/OneDrive - Michigan State University/Research/MetaNetworksProject/MetaNetworksProject-Working/L0/taxa_checked_raw/psaltriparus_minimus.csv","BOW_evidence | effect_sp1_on_sp2 | effect_sp2_on_sp1 | entry_changes | entry_date | interaction | n_studies | nonbreedingseason | notesA | notesB | notesC | notesD | OLDsourceA | OLDsourceB | recorder | sourceAupdatedURL | sourceBupdatedURL | sourceCupdatedURL | sourceDupdatedURL | species1_common | species1_scientific | species2_common | species2_scientific | uncertain_interaction",24,TRUE,2022-12-07 17:56:33,"schema_2"
"C:/Users/kelly/OneDrive - Michigan State University/Research/MetaNetworksProject/MetaNetworksProject-Working/L0/taxa_checked_raw/Psiloscops_flammeolus_EP_PLZ.csv","BOW_evidence | effect_sp1_on_sp2 | effect_sp2_on_sp1 | entry_changes | entry_date | interaction | n_studies | nonbreedingseason | notesA | notesB | notesC | notesD | OLDsourceA | OLDsourceB | recorder | sourceAupdatedURL | sourceBupdatedURL | sourceCupdatedURL | sourceDupdatedURL | species1_common | species1_scientific | species2_common | species2_scientific | uncertain_interaction",24,TRUE,2026-08-24 15:10:47,"schema_2"
"C:/Users/kelly/OneDrive - Michigan State University/Research/MetaNetworksProject/MetaNetworksProject-Working/L0/taxa_checked_raw/Psittacara_holochlorus_CR_PLZ.csv","BOW_evidence | effect_sp1_on_sp2 | effect_sp2_on_sp1 | entry_changes | entry_date | interaction | n_studies | name_changes | nonbreedingseason | notesA | notesB | notesC | notesD | OLDsourceA | OLDsourceB | other_species1 | recorder | sourceAupdatedURL | sourceBupdatedURL | sourceCupdatedURL | sourceDupdatedURL | species1_common | species1_scientific | species2_common | species2_scientific | uncertain_interaction",26,TRUE,2026-08-24 15:10:47,"schema_1"
"C:/Users/kelly/OneDrive - Michigan State University/Research/MetaNetworksProject/MetaNetworksProject-Working/L0/taxa_checked_raw/Psittacula_krameri_GD_EP.csv","BOW_evidence | effect_sp1_on_sp2 | effect_sp2_on_sp1 | entry_changes | entry_date | interaction | n_studies | name_changes | nonbreedingseason | notesA | notesB | notesC | notesD | OLDsourceA | OLDsourceB | other_species1 | recorder | sourceAupdatedURL | sourceBupdatedURL | sourceCupdatedURL | sourceDupdatedURL | species1_common | species1_scientific | species2_common | species2_scientific | uncertain_interaction",26,TRUE,2026-08-24 15:10:47,"schema_1"
"C:/Users/kelly/OneDrive - Michigan State University/Research/MetaNetworksProject/MetaNetworksProject-Working/L0/taxa_checked_raw/Pternistis_erckelii_CR_EP.csv","BOW_evidence | effect_sp1_on_sp2 | effect_sp2_on_sp1 | entry_changes | entry_date | interaction | n_studies | name_changes | nonbreedingseason | notesA | notesB | notesC | notesD | OLDsourceA | OLDsourceB | other_species1 | recorder | sourceAupdatedURL | sourceBupdatedURL | sourceCupdatedURL | sourceDupdatedURL | species1_common | species1_scientific | species2_common | species2_scientific | uncertain_interaction",26,TRUE,2026-08-24 15:10:47,"schema_1"
"C:/Users/kelly/OneDrive - Michigan State University/Research/MetaNetworksProject/MetaNetworksProject-Working/L0/taxa_checked_raw/Pterocles_exustus_CR_EP.csv","BOW_evidence | effect_sp1_on_sp2 | effect_sp2_on_sp1 | entry_changes | entry_date | interaction | n_studies | name_changes | nonbreedingseason | notesA | notesB | notesC | notesD | OLDsourceA | OLDsourceB | other_species1 | recorder | sourceAupdatedURL | sourceBupdatedURL | sourceCupdatedURL | sourceDupdatedURL | species1_common | species1_scientific | species2_common | species2_scientific | uncertain_interaction",26,TRUE,2026-08-24 15:10:47,"schema_1"
"C:/Users/kelly/OneDrive - Michigan State University/Research/MetaNetworksProject/MetaNetworksProject-Working/L0/taxa_checked_raw/Ptychoramphus_aleuticus_IH_EP.csv","BOW_evidence | effect_sp1_on_sp2 | effect_sp2_on_sp1 | entry_changes | entry_date | interaction | n_studies | nonbreedingseason | notesA | notesB | notesC | notesD | OLDsourceA | OLDsourceB | recorder | sourceAupdatedURL | sourceBupdatedURL | sourceCupdatedURL | sourceDupdatedURL | species1_common | species1_scientific | species2_common | species2_scientific | uncertain_interaction",24,TRUE,2026-08-24 15:10:47,"schema_2"
"C:/Users/kelly/OneDrive - Michigan State University/Research/MetaNetworksProject/MetaNetworksProject-Working/L0/taxa_checked_raw/Puffinus_opisthomelas_GD_CR.csv","BOW_evidence | effect_sp1_on_sp2 | effect_sp2_on_sp1 | entry_changes | entry_date | interaction | n_studies | name_changes | nonbreedingseason | notesA | notesB | notesC | notesD | OLDsourceA | OLDsourceB | other_species1 | recorder | sourceAupdatedURL | sourceBupdatedURL | sourceCupdatedURL | sourceDupdatedURL | species1_common | species1_scientific | species2_common | species2_scientific | uncertain_interaction",26,TRUE,2025-08-27 16:42:07,"schema_1"
"C:/Users/kelly/OneDrive - Michigan State University/Research/MetaNetworksProject/MetaNetworksProject-Working/L0/taxa_checked_raw/Puffinus_puffinus_EP_IH.csv","BOW_evidence | effect_sp1_on_sp2 | effect_sp2_on_sp1 | entry_changes | entry_date | interaction | n_studies | name_changes | nonbreedingseason | notesA | notesB | notesC | notesD | OLDsourceA | OLDsourceB | other_species1 | recorder | sourceAupdatedURL | sourceBupdatedURL | sourceCupdatedURL | sourceDupdatedURL | species1_common | species1_scientific | species2_common | species2_scientific | uncertain_interaction",26,TRUE,2024-10-31 20:09:41,"schema_1"
"C:/Users/kelly/OneDrive - Michigan State University/Research/MetaNetworksProject/MetaNetworksProject-Working/L0/taxa_checked_raw/Pyrocephalus_rubinus_EP_IH.csv","BOW_evidence | effect_sp1_on_sp2 | effect_sp2_on_sp1 | entry_changes | entry_date | interaction | n_studies | name_changes | nonbreedingseason | notesA | notesB | notesC | notesD | OLDsourceA | OLDsourceB | other_species1 | recorder | sourceAupdatedURL | sourceBupdatedURL | sourceCupdatedURL | sourceDupdatedURL | species1_common | species1_scientific | species2_common | species2_scientific | uncertain_interaction",26,TRUE,2024-06-08 19:18:45,"schema_1"
"C:/Users/kelly/OneDrive - Michigan State University/Research/MetaNetworksProject/MetaNetworksProject-Working/L0/taxa_checked_raw/Quiscalus_major_IH_EP.csv","BOW_evidence | effect_sp1_on_sp2 | effect_sp2_on_sp1 | entry_changes | entry_date | interaction | n_studies | name_changes | nonbreedingseason | notesA | notesB | notesC | notesD | OLDsourceA | OLDsourceB | other_species1 | recorder | sourceAupdatedURL | sourceBupdatedURL | sourceCupdatedURL | sourceDupdatedURL | species1_common | species1_scientific | species2_common | species2_scientific | uncertain_interaction",26,TRUE,2026-08-24 15:10:47,"schema_1"
"C:/Users/kelly/OneDrive - Michigan State University/Research/MetaNetworksProject/MetaNetworksProject-Working/L0/taxa_checked_raw/Quiscalus_mexicanus_IH_EP.csv","BOW_evidence | effect_sp1_on_sp2 | effect_sp2_on_sp1 | entry_changes | entry_date | interaction | n_studies | name_changes | nonbreedingseason | notesA | notesB | notesC | notesD | OLDsourceA | OLDsourceB | other_species1 | recorder | sourceAupdatedURL | sourceBupdatedURL | sourceCupdatedURL | sourceDupdatedURL | species1_common | species1_scientific | species2_common | species2_scientific | uncertain_interaction",26,TRUE,2026-08-24 15:10:47,"schema_1"
"C:/Users/kelly/OneDrive - Michigan State University/Research/MetaNetworksProject/MetaNetworksProject-Working/L0/taxa_checked_raw/Quiscalus_quiscula_JZ_EP.csv","BOW_evidence | effect_sp1_on_sp2 | effect_sp2_on_sp1 | entry_changes | entry_date | interaction | n_studies | name_changes | nonbreedingseason | notesA | notesB | notesC | notesD | OLDsourceA | OLDsourceB | other_species1 | recorder | sourceAupdatedURL | sourceBupdatedURL | sourceCupdatedURL | sourceDupdatedURL | species1_common | species1_scientific | species2_common | species2_scientific | uncertain_interaction",26,TRUE,2026-08-24 15:10:47,"schema_1"
"C:/Users/kelly/OneDrive - Michigan State University/Research/MetaNetworksProject/MetaNetworksProject-Working/L0/taxa_checked_raw/Rallus_crepitans_EP_IH.csv","BOW_evidence | effect_sp1_on_sp2 | effect_sp2_on_sp1 | entry_changes | entry_date | interaction | n_studies | nonbreedingseason | notesA | notesB | notesC | notesD | OLDsourceA | OLDsourceB | recorder | sourceAupdatedURL | sourceBupdatedURL | sourceCupdatedURL | sourceDupdatedURL | species1_common | species1_scientific | species2_common | species2_scientific | uncertain_interaction",24,TRUE,2024-10-10 17:36:36,"schema_2"
"C:/Users/kelly/OneDrive - Michigan State University/Research/MetaNetworksProject/MetaNetworksProject-Working/L0/taxa_checked_raw/Rallus_elegans_GD_EP.csv","BOW_evidence | effect_sp1_on_sp2 | effect_sp2_on_sp1 | entry_changes | entry_date | interaction | n_studies | name_changes | nonbreedingseason | notesA | notesB | notesC | notesD | OLDsourceA | OLDsourceB | other_species1 | recorder | sourceAupdatedURL | sourceBupdatedURL | sourceCupdatedURL | sourceDupdatedURL | species1_common | species1_scientific | species2_common | species2_scientific | uncertain_interaction",26,TRUE,2026-08-24 15:10:47,"schema_1"
"C:/Users/kelly/OneDrive - Michigan State University/Research/MetaNetworksProject/MetaNetworksProject-Working/L0/taxa_checked_raw/Rallus_limicola_EP_IH.csv","BOW_evidence | effect_sp1_on_sp2 | effect_sp2_on_sp1 | entry_changes | entry_date | interaction | n_studies | name_changes | nonbreedingseason | notesA | notesB | notesC | notesD | OLDsourceA | OLDsourceB | other_species1 | recorder | sourceAupdatedURL | sourceBupdatedURL | sourceCupdatedURL | sourceDupdatedURL | species1_common | species1_scientific | species2_common | species2_scientific | uncertain_interaction",26,TRUE,2024-10-10 17:47:53,"schema_1"
"C:/Users/kelly/OneDrive - Michigan State University/Research/MetaNetworksProject/MetaNetworksProject-Working/L0/taxa_checked_raw/Rallus_obsoletus_GD_EP.csv","BOW_evidence | effect_sp1_on_sp2 | effect_sp2_on_sp1 | entry_changes | entry_date | interaction | n_studies | name_changes | nonbreedingseason | notesA | notesB | notesC | notesD | OLDsourceA | OLDsourceB | other_species1 | recorder | sourceAupdatedURL | sourceBupdatedURL | sourceCupdatedURL | sourceDupdatedURL | species1_common | species1_scientific | species2_common | species2_scientific | uncertain_interaction",26,TRUE,2026-08-24 15:10:47,"schema_1"
"C:/Users/kelly/OneDrive - Michigan State University/Research/MetaNetworksProject/MetaNetworksProject-Working/L0/taxa_checked_raw/Rallus_tenuirostris_GD_EP.csv","BOW_evidence | effect_sp1_on_sp2 | effect_sp2_on_sp1 | entry_changes | entry_date | interaction | n_studies | name_changes | nonbreedingseason | notesA | notesB | notesC | notesD | OLDsourceA | OLDsourceB | other_species1 | recorder | sourceAupdatedURL | sourceBupdatedURL | sourceCupdatedURL | sourceDupdatedURL | species1_common | species1_scientific | species2_common | species2_scientific | uncertain_interaction",26,TRUE,2026-08-24 15:10:47,"schema_1"
"C:/Users/kelly/OneDrive - Michigan State University/Research/MetaNetworksProject/MetaNetworksProject-Working/L0/taxa_checked_raw/Ramosomyia_violiceps_EP_IH.csv","BOW_evidence | effect_sp1_on_sp2 | effect_sp2_on_sp1 | entry_changes | entry_date | interaction | n_studies | name_changes | nonbreedingseason | notesA | notesB | notesC | notesD | OLDsourceA | OLDsourceB | other_species1 | recorder | sourceAupdatedURL | sourceBupdatedURL | sourceCupdatedURL | sourceDupdatedURL | species1_common | species1_scientific | species2_common | species2_scientific | uncertain_interaction",26,TRUE,2024-01-24 19:39:15,"schema_1"
"C:/Users/kelly/OneDrive - Michigan State University/Research/MetaNetworksProject/MetaNetworksProject-Working/L0/taxa_checked_raw/Ramphocaenus_melanurus_VS_CR.csv","breeding_migration | DatabaseSearchURL | effect_sp1_on_sp2 | effect_sp2_on_sp1 | entry_changes | entry_date | interaction | interaction_strength | name_changes | other_species1 | recorder | source_citation | source_URL | species1_common | species1_lifestage | species1_scientific | species2_common | species2_lifestage | species2_scientific | text_excerpt | time_of_year | uncertain_interaction",22,TRUE,2025-10-28 14:57:11,"schema_3"
"C:/Users/kelly/OneDrive - Michigan State University/Research/MetaNetworksProject/MetaNetworksProject-Working/L0/taxa_checked_raw/Recurvirostra_americana_EP_IH.csv","BOW_evidence | effect_sp1_on_sp2 | effect_sp2_on_sp1 | entry_changes | entry_date | interaction | n_studies | name_changes | nonbreedingseason | notesA | notesB | notesC | notesD | OLDsourceA | OLDsourceB | other_species1 | recorder | sourceAupdatedURL | sourceBupdatedURL | sourceCupdatedURL | sourceDupdatedURL | species1_common | species1_scientific | species2_common | species2_scientific | uncertain_interaction",26,TRUE,2024-11-01 16:03:00,"schema_1"
"C:/Users/kelly/OneDrive - Michigan State University/Research/MetaNetworksProject/MetaNetworksProject-Working/L0/taxa_checked_raw/Regulus_satrapa_EP_IH.csv","BOW_evidence | effect_sp1_on_sp2 | effect_sp2_on_sp1 | entry_changes | entry_date | interaction | n_studies | name_changes | nonbreedingseason | notesA | notesB | notesC | notesD | OLDsourceA | OLDsourceB | other_species1 | recorder | sourceAupdatedURL | sourceBupdatedURL | sourceCupdatedURL | sourceDupdatedURL | species1_common | species1_scientific | species2_common | species2_scientific | uncertain_interaction",26,TRUE,2025-01-24 17:55:25,"schema_1"
"C:/Users/kelly/OneDrive - Michigan State University/Research/MetaNetworksProject/MetaNetworksProject-Working/L0/taxa_checked_raw/Rhodostethia_rosea_IH_EP.csv","BOW_evidence | effect_sp1_on_sp2 | effect_sp2_on_sp1 | entry_changes | entry_date | interaction | n_studies | name_changes | nonbreedingseason | notesA | notesB | notesC | notesD | OLDsourceA | OLDsourceB | other_species1 | recorder | sourceAupdatedURL | sourceBupdatedURL | sourceCupdatedURL | sourceDupdatedURL | species1_common | species1_scientific | species2_common | species2_scientific | uncertain_interaction",26,TRUE,2026-08-24 15:10:47,"schema_1"
"C:/Users/kelly/OneDrive - Michigan State University/Research/MetaNetworksProject/MetaNetworksProject-Working/L0/taxa_checked_raw/Rhynchophanes_mccownii_CR_EP.csv","BOW_evidence | effect_sp1_on_sp2 | effect_sp2_on_sp1 | entry_changes | entry_date | interaction | n_studies | name_changes | nonbreedingseason | notesA | notesB | notesC | notesD | OLDsourceA | OLDsourceB | other_species1 | recorder | sourceAupdatedURL | sourceBupdatedURL | sourceCupdatedURL | sourceDupdatedURL | species1_common | species1_scientific | species2_common | species2_scientific | uncertain_interaction",26,TRUE,2026-08-24 15:10:47,"schema_1"
"C:/Users/kelly/OneDrive - Michigan State University/Research/MetaNetworksProject/MetaNetworksProject-Working/L0/taxa_checked_raw/riparia_riparia.csv","BOW_evidence | effect_sp1_on_sp2 | effect_sp2_on_sp1 | entry_changes | entry_date | interaction | n_studies | nonbreedingseason | notesA | notesB | notesC | notesD | OLDsourceA | OLDsourceB | recorder | sourceAupdatedURL | sourceBupdatedURL | sourceCupdatedURL | sourceDupdatedURL | species1_common | species1_scientific | species2_common | species2_scientific | uncertain_interaction",24,TRUE,2022-12-07 17:56:33,"schema_2"
"C:/Users/kelly/OneDrive - Michigan State University/Research/MetaNetworksProject/MetaNetworksProject-Working/L0/taxa_checked_raw/Rissa_brevirostris_CR_PLZ.csv","BOW_evidence | effect_sp1_on_sp2 | effect_sp2_on_sp1 | entry_changes | entry_date | interaction | n_studies | name_changes | nonbreedingseason | notesA | notesB | notesC | notesD | OLDsourceA | OLDsourceB | other_species1 | recorder | sourceAupdatedURL | sourceBupdatedURL | sourceCupdatedURL | sourceDupdatedURL | species1_common | species1_scientific | species2_common | species2_scientific | uncertain_interaction",26,TRUE,2026-08-24 15:10:47,"schema_1"
"C:/Users/kelly/OneDrive - Michigan State University/Research/MetaNetworksProject/MetaNetworksProject-Working/L0/taxa_checked_raw/Rissa_tridactyla_IH_EP.csv","BOW_evidence | effect_sp1_on_sp2 | effect_sp2_on_sp1 | entry_changes | entry_date | interaction | n_studies | nonbreedingseason | notesA | notesB | notesC | notesD | OLDsourceA | OLDsourceB | recorder | sourceAupdatedURL | sourceBupdatedURL | sourceCupdatedURL | sourceDupdatedURL | species1_common | species1_scientific | species2_common | species2_scientific | uncertain_interaction",24,TRUE,2026-08-24 15:10:47,"schema_2"
"C:/Users/kelly/OneDrive - Michigan State University/Research/MetaNetworksProject/MetaNetworksProject-Working/L0/taxa_checked_raw/Rostrhamus_sociabilis_JZ_EP.csv","BOW_evidence | effect_sp1_on_sp2 | effect_sp2_on_sp1 | entry_changes | entry_date | interaction | n_studies | name_changes | nonbreedingseason | notesA | notesB | notesC | notesD | OLDsourceA | OLDsourceB | other_species1 | recorder | sourceAupdatedURL | sourceBupdatedURL | sourceCupdatedURL | sourceDupdatedURL | species1_common | species1_scientific | species2_common | species2_scientific | uncertain_interaction",26,TRUE,2026-08-24 15:10:47,"schema_1"
"C:/Users/kelly/OneDrive - Michigan State University/Research/MetaNetworksProject/MetaNetworksProject-Working/L0/taxa_checked_raw/Rynchops_niger_EP_IH.csv","BOW_evidence | effect_sp1_on_sp2 | effect_sp2_on_sp1 | entry_changes | entry_date | interaction | n_studies | name_changes | nonbreedingseason | notesA | notesB | notesC | notesD | OLDsourceA | OLDsourceB | other_species1 | recorder | sourceAupdatedURL | sourceBupdatedURL | sourceCupdatedURL | sourceDupdatedURL | species1_common | species1_scientific | species2_common | species2_scientific | uncertain_interaction",26,TRUE,2024-11-01 16:00:13,"schema_1"
"C:/Users/kelly/OneDrive - Michigan State University/Research/MetaNetworksProject/MetaNetworksProject-Working/L0/taxa_checked_raw/Salpinctes_obsoletus_EP_IH.csv","BOW_evidence | effect_sp1_on_sp2 | effect_sp2_on_sp1 | entry_changes | entry_date | interaction | n_studies | name_changes | nonbreedingseason | notesA | notesB | notesC | notesD | OLDsourceA | OLDsourceB | other_species1 | recorder | sourceAupdatedURL | sourceBupdatedURL | sourceCupdatedURL | sourceDupdatedURL | species1_common | species1_scientific | species2_common | species2_scientific | uncertain_interaction",26,TRUE,2024-07-26 15:06:40,"schema_1"
"C:/Users/kelly/OneDrive - Michigan State University/Research/MetaNetworksProject/MetaNetworksProject-Working/L0/taxa_checked_raw/Saucerottia_beryllina_CR_EP.csv","BOW_evidence | effect_sp1_on_sp2 | effect_sp2_on_sp1 | entry_changes | entry_date | interaction | n_studies | name_changes | nonbreedingseason | notesA | notesB | notesC | notesD | OLDsourceA | OLDsourceB | other_species1 | recorder | sourceAupdatedURL | sourceBupdatedURL | sourceCupdatedURL | sourceDupdatedURL | species1_common | species1_scientific | species2_common | species2_scientific | uncertain_interaction",26,TRUE,2026-08-24 15:10:47,"schema_1"
"C:/Users/kelly/OneDrive - Michigan State University/Research/MetaNetworksProject/MetaNetworksProject-Working/L0/taxa_checked_raw/Sayornis_nigricans_EP_IH.csv","BOW_evidence | effect_sp1_on_sp2 | effect_sp2_on_sp1 | entry_changes | entry_date | interaction | n_studies | name_changes | nonbreedingseason | notesA | notesB | notesC | notesD | OLDsourceA | OLDsourceB | other_species1 | recorder | sourceAupdatedURL | sourceBupdatedURL | sourceCupdatedURL | sourceDupdatedURL | species1_common | species1_scientific | species2_common | species2_scientific | uncertain_interaction",26,TRUE,2024-10-10 19:09:22,"schema_1"
"C:/Users/kelly/OneDrive - Michigan State University/Research/MetaNetworksProject/MetaNetworksProject-Working/L0/taxa_checked_raw/sayornis_phoebe.csv","BOW_evidence | effect_sp1_on_sp2 | effect_sp2_on_sp1 | entry_changes | entry_date | interaction | n_studies | nonbreedingseason | notesA | notesB | notesC | notesD | OLDsourceA | OLDsourceB | recorder | sourceAupdatedURL | sourceBupdatedURL | sourceCupdatedURL | sourceDupdatedURL | species1_common | species1_scientific | species2_common | species2_scientific | uncertain_interaction",24,TRUE,2022-12-07 17:56:33,"schema_2"
"C:/Users/kelly/OneDrive - Michigan State University/Research/MetaNetworksProject/MetaNetworksProject-Working/L0/taxa_checked_raw/Sayornis_saya_EP_IH.csv","BOW_evidence | effect_sp1_on_sp2 | effect_sp2_on_sp1 | entry_changes | entry_date | interaction | n_studies | name_changes | nonbreedingseason | notesA | notesB | notesC | notesD | OLDsourceA | OLDsourceB | other_species1 | recorder | sourceAupdatedURL | sourceBupdatedURL | sourceCupdatedURL | sourceDupdatedURL | species1_common | species1_scientific | species2_common | species2_scientific | uncertain_interaction",26,TRUE,2024-11-14 17:49:11,"schema_1"
"C:/Users/kelly/OneDrive - Michigan State University/Research/MetaNetworksProject/MetaNetworksProject-Working/L0/taxa_checked_raw/Scolopax_minor_EP_IH.csv","BOW_evidence | effect_sp1_on_sp2 | effect_sp2_on_sp1 | entry_changes | entry_date | interaction | n_studies | name_changes | nonbreedingseason | notesA | notesB | notesC | notesD | OLDsourceA | OLDsourceB | other_species1 | recorder | sourceAupdatedURL | sourceBupdatedURL | sourceCupdatedURL | sourceDupdatedURL | species1_common | species1_scientific | species2_common | species2_scientific | uncertain_interaction",26,TRUE,2024-08-01 15:49:21,"schema_1"
"C:/Users/kelly/OneDrive - Michigan State University/Research/MetaNetworksProject/MetaNetworksProject-Working/L0/taxa_checked_raw/Scythrops_novaehollandiae_CR_EP.csv","BOW_evidence | effect_sp1_on_sp2 | effect_sp2_on_sp1 | entry_changes | entry_date | interaction | n_studies | name_changes | nonbreedingseason | notesA | notesB | notesC | notesD | OLDsourceA | OLDsourceB | other_species1 | recorder | sourceAupdatedURL | sourceBupdatedURL | sourceCupdatedURL | sourceDupdatedURL | species1_common | species1_scientific | species2_common | species2_scientific | uncertain_interaction",26,TRUE,2026-08-24 15:10:47,"schema_1"
"C:/Users/kelly/OneDrive - Michigan State University/Research/MetaNetworksProject/MetaNetworksProject-Working/L0/taxa_checked_raw/Seiurus_aurocapilla_JZ_EP.csv","BOW_evidence | effect_sp1_on_sp2 | effect_sp2_on_sp1 | entry_changes | entry_date | interaction | n_studies | name_changes | nonbreedingseason | notesA | notesB | notesC | notesD | OLDsourceA | OLDsourceB | other_species1 | recorder | sourceAupdatedURL | sourceBupdatedURL | sourceCupdatedURL | sourceDupdatedURL | species1_common | species1_scientific | species2_common | species2_scientific | uncertain_interaction",26,TRUE,2026-08-24 15:10:47,"schema_1"
"C:/Users/kelly/OneDrive - Michigan State University/Research/MetaNetworksProject/MetaNetworksProject-Working/L0/taxa_checked_raw/selasphorus_calliope.csv","BOW_evidence | effect_sp1_on_sp2 | effect_sp2_on_sp1 | entry_changes | entry_date | interaction | n_studies | nonbreedingseason | notesA | notesB | notesC | notesD | OLDsourceA | OLDsourceB | recorder | sourceAupdatedURL | sourceBupdatedURL | sourceCupdatedURL | sourceDupdatedURL | species1_common | species1_scientific | species2_common | species2_scientific | uncertain_interaction",24,TRUE,2022-12-07 17:56:33,"schema_2"
"C:/Users/kelly/OneDrive - Michigan State University/Research/MetaNetworksProject/MetaNetworksProject-Working/L0/taxa_checked_raw/selasphorus_platycercus.csv","BOW_evidence | effect_sp1_on_sp2 | effect_sp2_on_sp1 | entry_changes | entry_date | interaction | n_studies | nonbreedingseason | notesA | notesB | notesC | notesD | OLDsourceA | OLDsourceB | recorder | sourceAupdatedURL | sourceBupdatedURL | sourceCupdatedURL | sourceDupdatedURL | species1_common | species1_scientific | species2_common | species2_scientific | uncertain_interaction",24,TRUE,2022-12-07 17:56:33,"schema_2"
"C:/Users/kelly/OneDrive - Michigan State University/Research/MetaNetworksProject/MetaNetworksProject-Working/L0/taxa_checked_raw/selasphorus_rufus.csv","BOW_evidence | effect_sp1_on_sp2 | effect_sp2_on_sp1 | entry_changes | entry_date | interaction | n_studies | nonbreedingseason | notesA | notesB | notesC | notesD | OLDsourceA | OLDsourceB | recorder | sourceAupdatedURL | sourceBupdatedURL | sourceCupdatedURL | sourceDupdatedURL | species1_common | species1_scientific | species2_common | species2_scientific | uncertain_interaction",24,TRUE,2022-12-07 17:56:33,"schema_2"
"C:/Users/kelly/OneDrive - Michigan State University/Research/MetaNetworksProject/MetaNetworksProject-Working/L0/taxa_checked_raw/Selasphorus_sasin_EP_IH.csv","BOW_evidence | effect_sp1_on_sp2 | effect_sp2_on_sp1 | entry_changes | entry_date | interaction | n_studies | name_changes | nonbreedingseason | notesA | notesB | notesC | notesD | OLDsourceA | OLDsourceB | other_species1 | recorder | sourceAupdatedURL | sourceBupdatedURL | sourceCupdatedURL | sourceDupdatedURL | species1_common | species1_scientific | species2_common | species2_scientific | uncertain_interaction",26,TRUE,2024-06-14 20:18:56,"schema_1"
"C:/Users/kelly/OneDrive - Michigan State University/Research/MetaNetworksProject/MetaNetworksProject-Working/L0/taxa_checked_raw/Setophaga_americana_EP_IH.csv","BOW_evidence | effect_sp1_on_sp2 | effect_sp2_on_sp1 | entry_changes | entry_date | interaction | n_studies | name_changes | nonbreedingseason | notesA | notesB | notesC | notesD | OLDsourceA | OLDsourceB | other_species1 | recorder | sourceAupdatedURL | sourceBupdatedURL | sourceCupdatedURL | sourceDupdatedURL | species1_common | species1_scientific | species2_common | species2_scientific | uncertain_interaction",26,TRUE,2026-02-05 01:52:33,"schema_1"
"C:/Users/kelly/OneDrive - Michigan State University/Research/MetaNetworksProject/MetaNetworksProject-Working/L0/taxa_checked_raw/Setophaga_caerulescens_EP_IH.csv","BOW_evidence | effect_sp1_on_sp2 | effect_sp2_on_sp1 | entry_changes | entry_date | interaction | n_studies | name_changes | nonbreedingseason | notesA | notesB | notesC | notesD | OLDsourceA | OLDsourceB | other_species1 | recorder | sourceAupdatedURL | sourceBupdatedURL | sourceCupdatedURL | sourceDupdatedURL | species1_common | species1_scientific | species2_common | species2_scientific | uncertain_interaction",26,TRUE,2024-10-10 18:41:00,"schema_1"
"C:/Users/kelly/OneDrive - Michigan State University/Research/MetaNetworksProject/MetaNetworksProject-Working/L0/taxa_checked_raw/setophaga_cerulea.csv","BOW_evidence | effect_sp1_on_sp2 | effect_sp2_on_sp1 | entry_changes | entry_date | interaction | n_studies | nonbreedingseason | notesA | notesB | notesC | notesD | OLDsourceA | OLDsourceB | recorder | sourceAupdatedURL | sourceBupdatedURL | sourceCupdatedURL | sourceDupdatedURL | species1_common | species1_scientific | species2_common | species2_scientific | uncertain_interaction",24,TRUE,2022-12-07 17:56:33,"schema_2"
"C:/Users/kelly/OneDrive - Michigan State University/Research/MetaNetworksProject/MetaNetworksProject-Working/L0/taxa_checked_raw/Setophaga_chrysoparia_EP_IH.csv","BOW_evidence | effect_sp1_on_sp2 | effect_sp2_on_sp1 | entry_changes | entry_date | interaction | n_studies | name_changes | nonbreedingseason | notesA | notesB | notesC | notesD | OLDsourceA | OLDsourceB | other_species1 | recorder | sourceAupdatedURL | sourceBupdatedURL | sourceCupdatedURL | sourceDupdatedURL | species1_common | species1_scientific | species2_common | species2_scientific | uncertain_interaction",26,TRUE,2024-10-25 16:45:30,"schema_1"
"C:/Users/kelly/OneDrive - Michigan State University/Research/MetaNetworksProject/MetaNetworksProject-Working/L0/taxa_checked_raw/Setophaga_citrina_EP_IH.csv","BOW_evidence | effect_sp1_on_sp2 | effect_sp2_on_sp1 | entry_changes | entry_date | interaction | n_studies | name_changes | nonbreedingseason | notesA | notesB | notesC | notesD | OLDsourceA | OLDsourceB | other_species1 | recorder | sourceAupdatedURL | sourceBupdatedURL | sourceCupdatedURL | sourceDupdatedURL | species1_common | species1_scientific | species2_common | species2_scientific | uncertain_interaction",26,TRUE,2024-06-14 20:25:33,"schema_1"
"C:/Users/kelly/OneDrive - Michigan State University/Research/MetaNetworksProject/MetaNetworksProject-Working/L0/taxa_checked_raw/Setophaga_coronata_EP_IH.csv","BOW_evidence | effect_sp1_on_sp2 | effect_sp2_on_sp1 | entry_changes | entry_date | interaction | n_studies | name_changes | nonbreedingseason | notesA | notesB | notesC | notesD | OLDsourceA | OLDsourceB | other_species1 | recorder | sourceAupdatedURL | sourceBupdatedURL | sourceCupdatedURL | sourceDupdatedURL | species1_common | species1_scientific | species2_common | species2_scientific | uncertain_interaction",26,TRUE,2025-02-13 18:09:57,"schema_1"
"C:/Users/kelly/OneDrive - Michigan State University/Research/MetaNetworksProject/MetaNetworksProject-Working/L0/taxa_checked_raw/Setophaga_discolor_EP_IH.csv","BOW_evidence | effect_sp1_on_sp2 | effect_sp2_on_sp1 | entry_changes | entry_date | interaction | n_studies | name_changes | nonbreedingseason | notesA | notesB | notesC | notesD | OLDsourceA | OLDsourceB | other_species1 | recorder | sourceAupdatedURL | sourceBupdatedURL | sourceCupdatedURL | sourceDupdatedURL | species1_common | species1_scientific | species2_common | species2_scientific | uncertain_interaction",26,TRUE,2024-10-10 19:05:15,"schema_1"
"C:/Users/kelly/OneDrive - Michigan State University/Research/MetaNetworksProject/MetaNetworksProject-Working/L0/taxa_checked_raw/Setophaga_dominica_EP_IH.csv","BOW_evidence | effect_sp1_on_sp2 | effect_sp2_on_sp1 | entry_changes | entry_date | interaction | n_studies | name_changes | nonbreedingseason | notesA | notesB | notesC | notesD | OLDsourceA | OLDsourceB | other_species1 | recorder | sourceAupdatedURL | sourceBupdatedURL | sourceCupdatedURL | sourceDupdatedURL | species1_common | species1_scientific | species2_common | species2_scientific | uncertain_interaction",26,TRUE,2024-10-25 17:01:53,"schema_1"
"C:/Users/kelly/OneDrive - Michigan State University/Research/MetaNetworksProject/MetaNetworksProject-Working/L0/taxa_checked_raw/Setophaga_fusca_EP_IH.csv","BOW_evidence | effect_sp1_on_sp2 | effect_sp2_on_sp1 | entry_changes | entry_date | interaction | n_studies | name_changes | nonbreedingseason | notesA | notesB | notesC | notesD | OLDsourceA | OLDsourceB | other_species1 | recorder | sourceAupdatedURL | sourceBupdatedURL | sourceCupdatedURL | sourceDupdatedURL | species1_common | species1_scientific | species2_common | species2_scientific | uncertain_interaction",26,TRUE,2024-11-07 20:37:04,"schema_1"
"C:/Users/kelly/OneDrive - Michigan State University/Research/MetaNetworksProject/MetaNetworksProject-Working/L0/taxa_checked_raw/Setophaga_graciae_CR_EP.csv","BOW_evidence | effect_sp1_on_sp2 | effect_sp2_on_sp1 | entry_changes | entry_date | interaction | n_studies | name_changes | nonbreedingseason | notesA | notesB | notesC | notesD | OLDsourceA | OLDsourceB | other_species1 | recorder | sourceAupdatedURL | sourceBupdatedURL | sourceCupdatedURL | sourceDupdatedURL | species1_common | species1_scientific | species2_common | species2_scientific | uncertain_interaction",26,TRUE,2026-08-24 15:10:47,"schema_1"
"C:/Users/kelly/OneDrive - Michigan State University/Research/MetaNetworksProject/MetaNetworksProject-Working/L0/taxa_checked_raw/Setophaga_kirtlandii_EP_IH.csv","BOW_evidence | effect_sp1_on_sp2 | effect_sp2_on_sp1 | entry_changes | entry_date | interaction | n_studies | name_changes | nonbreedingseason | notesA | notesB | notesC | notesD | OLDsourceA | OLDsourceB | other_species1 | recorder | sourceAupdatedURL | sourceBupdatedURL | sourceCupdatedURL | sourceDupdatedURL | species1_common | species1_scientific | species2_common | species2_scientific | uncertain_interaction",26,TRUE,2024-06-14 20:33:46,"schema_1"
"C:/Users/kelly/OneDrive - Michigan State University/Research/MetaNetworksProject/MetaNetworksProject-Working/L0/taxa_checked_raw/Setophaga_magnolia_EP_IH.csv","BOW_evidence | effect_sp1_on_sp2 | effect_sp2_on_sp1 | entry_changes | entry_date | interaction | n_studies | name_changes | nonbreedingseason | notesA | notesB | notesC | notesD | OLDsourceA | OLDsourceB | other_species1 | recorder | sourceAupdatedURL | sourceBupdatedURL | sourceCupdatedURL | sourceDupdatedURL | species1_common | species1_scientific | species2_common | species2_scientific | uncertain_interaction",26,TRUE,2025-01-24 17:15:47,"schema_1"
"C:/Users/kelly/OneDrive - Michigan State University/Research/MetaNetworksProject/MetaNetworksProject-Working/L0/taxa_checked_raw/Setophaga_nigrescens_EP_IH.csv","BOW_evidence | effect_sp1_on_sp2 | effect_sp2_on_sp1 | entry_changes | entry_date | interaction | n_studies | name_changes | nonbreedingseason | notesA | notesB | notesC | notesD | OLDsourceA | OLDsourceB | other_species1 | recorder | sourceAupdatedURL | sourceBupdatedURL | sourceCupdatedURL | sourceDupdatedURL | species1_common | species1_scientific | species2_common | species2_scientific | uncertain_interaction",26,TRUE,2024-11-07 20:56:01,"schema_1"
"C:/Users/kelly/OneDrive - Michigan State University/Research/MetaNetworksProject/MetaNetworksProject-Working/L0/taxa_checked_raw/Setophaga_occidentalis_CR_EP.csv","BOW_evidence | effect_sp1_on_sp2 | effect_sp2_on_sp1 | entry_changes | entry_date | interaction | n_studies | name_changes | nonbreedingseason | notesA | notesB | notesC | notesD | OLDsourceA | OLDsourceB | other_species1 | recorder | sourceAupdatedURL | sourceBupdatedURL | sourceCupdatedURL | sourceDupdatedURL | species1_common | species1_scientific | species2_common | species2_scientific | uncertain_interaction",26,TRUE,2026-08-24 15:10:47,"schema_1"
"C:/Users/kelly/OneDrive - Michigan State University/Research/MetaNetworksProject/MetaNetworksProject-Working/L0/taxa_checked_raw/setophaga_palmarum.csv","BOW_evidence | effect_sp1_on_sp2 | effect_sp2_on_sp1 | entry_changes | entry_date | interaction | n_studies | nonbreedingseason | notesA | notesB | notesC | notesD | OLDsourceA | OLDsourceB | recorder | sourceAupdatedURL | sourceBupdatedURL | sourceCupdatedURL | sourceDupdatedURL | species1_common | species1_scientific | species2_common | species2_scientific | uncertain_interaction",24,TRUE,2026-02-25 03:37:11,"schema_2"
"C:/Users/kelly/OneDrive - Michigan State University/Research/MetaNetworksProject/MetaNetworksProject-Working/L0/taxa_checked_raw/Setophaga_pensylvanica_EP_IH.csv","BOW_evidence | effect_sp1_on_sp2 | effect_sp2_on_sp1 | entry_changes | entry_date | interaction | n_studies | name_changes | nonbreedingseason | notesA | notesB | notesC | notesD | OLDsourceA | OLDsourceB | other_species1 | recorder | sourceAupdatedURL | sourceBupdatedURL | sourceCupdatedURL | sourceDupdatedURL | species1_common | species1_scientific | species2_common | species2_scientific | uncertain_interaction",26,TRUE,2024-10-16 19:38:57,"schema_1"
"C:/Users/kelly/OneDrive - Michigan State University/Research/MetaNetworksProject/MetaNetworksProject-Working/L0/taxa_checked_raw/setophaga_petechia.csv","BOW_evidence | effect_sp1_on_sp2 | effect_sp2_on_sp1 | entry_changes | entry_date | interaction | n_studies | nonbreedingseason | notesA | notesB | notesC | notesD | OLDsourceA | OLDsourceB | recorder | sourceAupdatedURL | sourceBupdatedURL | sourceCupdatedURL | sourceDupdatedURL | species1_common | species1_scientific | species2_common | species2_scientific | uncertain_interaction",24,TRUE,2022-12-07 17:56:33,"schema_2"
"C:/Users/kelly/OneDrive - Michigan State University/Research/MetaNetworksProject/MetaNetworksProject-Working/L0/taxa_checked_raw/Setophaga_pinus_EP_IH.csv","BOW_evidence | effect_sp1_on_sp2 | effect_sp2_on_sp1 | entry_changes | entry_date | interaction | n_studies | name_changes | nonbreedingseason | notesA | notesB | notesC | notesD | OLDsourceA | OLDsourceB | other_species1 | recorder | sourceAupdatedURL | sourceBupdatedURL | sourceCupdatedURL | sourceDupdatedURL | species1_common | species1_scientific | species2_common | species2_scientific | uncertain_interaction",26,TRUE,2025-02-13 19:58:33,"schema_1"
"C:/Users/kelly/OneDrive - Michigan State University/Research/MetaNetworksProject/MetaNetworksProject-Working/L0/taxa_checked_raw/Setophaga_pitiayumi_EP_IH.csv","BOW_evidence | effect_sp1_on_sp2 | effect_sp2_on_sp1 | entry_changes | entry_date | interaction | n_studies | name_changes | nonbreedingseason | notesA | notesB | notesC | notesD | OLDsourceA | OLDsourceB | other_species1 | recorder | sourceAupdatedURL | sourceBupdatedURL | sourceCupdatedURL | sourceDupdatedURL | species1_common | species1_scientific | species2_common | species2_scientific | uncertain_interaction",26,TRUE,2025-01-23 23:08:41,"schema_1"
"C:/Users/kelly/OneDrive - Michigan State University/Research/MetaNetworksProject/MetaNetworksProject-Working/L0/taxa_checked_raw/setophaga_ruticilla.csv","BOW_evidence | effect_sp1_on_sp2 | effect_sp2_on_sp1 | entry_changes | entry_date | interaction | n_studies | nonbreedingseason | notesA | notesB | notesC | notesD | OLDsourceA | OLDsourceB | recorder | sourceAupdatedURL | sourceBupdatedURL | sourceCupdatedURL | sourceDupdatedURL | species1_common | species1_scientific | species2_common | species2_scientific | uncertain_interaction",24,TRUE,2022-12-07 17:56:33,"schema_2"
"C:/Users/kelly/OneDrive - Michigan State University/Research/MetaNetworksProject/MetaNetworksProject-Working/L0/taxa_checked_raw/Setophaga_striata_EP_IH.csv","BOW_evidence | effect_sp1_on_sp2 | effect_sp2_on_sp1 | entry_changes | entry_date | interaction | n_studies | name_changes | nonbreedingseason | notesA | notesB | notesC | notesD | OLDsourceA | OLDsourceB | other_species1 | recorder | sourceAupdatedURL | sourceBupdatedURL | sourceCupdatedURL | sourceDupdatedURL | species1_common | species1_scientific | species2_common | species2_scientific | uncertain_interaction",26,TRUE,2026-02-05 01:52:33,"schema_1"
"C:/Users/kelly/OneDrive - Michigan State University/Research/MetaNetworksProject/MetaNetworksProject-Working/L0/taxa_checked_raw/Setophaga_tigrina_EP_IH.csv","BOW_evidence | effect_sp1_on_sp2 | effect_sp2_on_sp1 | entry_changes | entry_date | interaction | n_studies | name_changes | nonbreedingseason | notesA | notesB | notesC | notesD | OLDsourceA | OLDsourceB | other_species1 | recorder | sourceAupdatedURL | sourceBupdatedURL | sourceCupdatedURL | sourceDupdatedURL | species1_common | species1_scientific | species2_common | species2_scientific | uncertain_interaction",26,TRUE,2024-06-15 15:38:48,"schema_1"
"C:/Users/kelly/OneDrive - Michigan State University/Research/MetaNetworksProject/MetaNetworksProject-Working/L0/taxa_checked_raw/Setophaga_townsendi_JZ_EP.csv","BOW_evidence | effect_sp1_on_sp2 | effect_sp2_on_sp1 | entry_changes | entry_date | interaction | n_studies | name_changes | nonbreedingseason | notesA | notesB | notesC | notesD | OLDsourceA | OLDsourceB | other_species1 | recorder | sourceAupdatedURL | sourceBupdatedURL | sourceCupdatedURL | sourceDupdatedURL | species1_common | species1_scientific | species2_common | species2_scientific | uncertain_interaction",26,TRUE,2026-08-24 15:10:47,"schema_1"
"C:/Users/kelly/OneDrive - Michigan State University/Research/MetaNetworksProject/MetaNetworksProject-Working/L0/taxa_checked_raw/setophaga_virens.csv","BOW_evidence | effect_sp1_on_sp2 | effect_sp2_on_sp1 | entry_changes | entry_date | interaction | n_studies | nonbreedingseason | notesA | notesB | notesC | notesD | OLDsourceA | OLDsourceB | recorder | sourceAupdatedURL | sourceBupdatedURL | sourceCupdatedURL | sourceDupdatedURL | species1_common | species1_scientific | species2_common | species2_scientific | uncertain_interaction",24,TRUE,2022-12-07 17:56:33,"schema_2"
"C:/Users/kelly/OneDrive - Michigan State University/Research/MetaNetworksProject/MetaNetworksProject-Working/L0/taxa_checked_raw/sialia_currucoides.csv","BOW_evidence | effect_sp1_on_sp2 | effect_sp2_on_sp1 | entry_changes | entry_date | interaction | n_studies | nonbreedingseason | notesA | notesB | notesC | notesD | OLDsourceA | OLDsourceB | recorder | sourceAupdatedURL | sourceBupdatedURL | sourceCupdatedURL | sourceDupdatedURL | species1_common | species1_scientific | species2_common | species2_scientific | uncertain_interaction",24,TRUE,2022-12-07 17:56:33,"schema_2"
"C:/Users/kelly/OneDrive - Michigan State University/Research/MetaNetworksProject/MetaNetworksProject-Working/L0/taxa_checked_raw/sialia_mexicana.csv","BOW_evidence | effect_sp1_on_sp2 | effect_sp2_on_sp1 | entry_changes | entry_date | interaction | n_studies | nonbreedingseason | notesA | notesB | notesC | notesD | OLDsourceA | OLDsourceB | recorder | sourceAupdatedURL | sourceBupdatedURL | sourceCupdatedURL | sourceDupdatedURL | species1_common | species1_scientific | species2_common | species2_scientific | uncertain_interaction",24,TRUE,2022-12-07 17:56:33,"schema_2"
"C:/Users/kelly/OneDrive - Michigan State University/Research/MetaNetworksProject/MetaNetworksProject-Working/L0/taxa_checked_raw/sialia_sialis.csv","BOW_evidence | effect_sp1_on_sp2 | effect_sp2_on_sp1 | entry_changes | entry_date | interaction | n_studies | nonbreedingseason | notesA | notesB | notesC | notesD | OLDsourceA | OLDsourceB | recorder | sourceAupdatedURL | sourceBupdatedURL | sourceCupdatedURL | sourceDupdatedURL | species1_common | species1_scientific | species2_common | species2_scientific | uncertain_interaction",24,TRUE,2023-12-18 20:03:08,"schema_2"
"C:/Users/kelly/OneDrive - Michigan State University/Research/MetaNetworksProject/MetaNetworksProject-Working/L0/taxa_checked_raw/Sibirionetta_formosa_GD_EP.csv","BOW_evidence | effect_sp1_on_sp2 | effect_sp2_on_sp1 | entry_changes | entry_date | interaction | n_studies | name_changes | nonbreedingseason | notesA | notesB | notesC | notesD | OLDsourceA | OLDsourceB | other_species1 | recorder | sourceAupdatedURL | sourceBupdatedURL | sourceCupdatedURL | sourceDupdatedURL | species1_common | species1_scientific | species2_common | species2_scientific | uncertain_interaction",26,TRUE,2026-08-24 15:10:47,"schema_1"
"C:/Users/kelly/OneDrive - Michigan State University/Research/MetaNetworksProject/MetaNetworksProject-Working/L0/taxa_checked_raw/sitta_canadensis.csv","BOW_evidence | effect_sp1_on_sp2 | effect_sp2_on_sp1 | entry_changes | entry_date | interaction | n_studies | nonbreedingseason | notesA | notesB | notesC | notesD | OLDsourceA | OLDsourceB | recorder | sourceAupdatedURL | sourceBupdatedURL | sourceCupdatedURL | sourceDupdatedURL | species1_common | species1_scientific | species2_common | species2_scientific | uncertain_interaction",24,TRUE,2022-12-07 17:56:33,"schema_2"
"C:/Users/kelly/OneDrive - Michigan State University/Research/MetaNetworksProject/MetaNetworksProject-Working/L0/taxa_checked_raw/sitta_carolinensis.csv","BOW_evidence | effect_sp1_on_sp2 | effect_sp2_on_sp1 | entry_changes | entry_date | interaction | n_studies | nonbreedingseason | notesA | notesB | notesC | notesD | OLDsourceA | OLDsourceB | recorder | sourceAupdatedURL | sourceBupdatedURL | sourceCupdatedURL | sourceDupdatedURL | species1_common | species1_scientific | species2_common | species2_scientific | uncertain_interaction",24,TRUE,2022-12-07 17:56:33,"schema_2"
"C:/Users/kelly/OneDrive - Michigan State University/Research/MetaNetworksProject/MetaNetworksProject-Working/L0/taxa_checked_raw/sitta_pusilla.csv","BOW_evidence | effect_sp1_on_sp2 | effect_sp2_on_sp1 | entry_changes | entry_date | interaction | n_studies | nonbreedingseason | notesA | notesB | notesC | notesD | OLDsourceA | OLDsourceB | recorder | sourceAupdatedURL | sourceBupdatedURL | sourceCupdatedURL | sourceDupdatedURL | species1_common | species1_scientific | species2_common | species2_scientific | uncertain_interaction",24,TRUE,2022-12-07 17:56:33,"schema_2"
"C:/Users/kelly/OneDrive - Michigan State University/Research/MetaNetworksProject/MetaNetworksProject-Working/L0/taxa_checked_raw/sitta_pygmaea.csv","BOW_evidence | effect_sp1_on_sp2 | effect_sp2_on_sp1 | entry_changes | entry_date | interaction | n_studies | nonbreedingseason | notesA | notesB | notesC | notesD | OLDsourceA | OLDsourceB | recorder | sourceAupdatedURL | sourceBupdatedURL | sourceCupdatedURL | sourceDupdatedURL | species1_common | species1_scientific | species2_common | species2_scientific | uncertain_interaction",24,TRUE,2022-12-07 17:56:33,"schema_2"
"C:/Users/kelly/OneDrive - Michigan State University/Research/MetaNetworksProject/MetaNetworksProject-Working/L0/taxa_checked_raw/Somateria_fischeri_IH_EP.csv","BOW_evidence | effect_sp1_on_sp2 | effect_sp2_on_sp1 | entry_changes | entry_date | interaction | n_studies | name_changes | nonbreedingseason | notesA | notesB | notesC | notesD | OLDsourceA | OLDsourceB | other_species1 | recorder | sourceAupdatedURL | sourceBupdatedURL | sourceCupdatedURL | sourceDupdatedURL | species1_common | species1_scientific | species2_common | species2_scientific | uncertain_interaction",26,TRUE,2026-08-24 15:10:47,"schema_1"
"C:/Users/kelly/OneDrive - Michigan State University/Research/MetaNetworksProject/MetaNetworksProject-Working/L0/taxa_checked_raw/Somateria_mollissima_JZ_EP.csv","BOW_evidence | effect_sp1_on_sp2 | effect_sp2_on_sp1 | entry_changes | entry_date | interaction | n_studies | nonbreedingseason | notesA | notesB | notesC | notesD | OLDsourceA | OLDsourceB | recorder | sourceAupdatedURL | sourceBupdatedURL | sourceCupdatedURL | sourceDupdatedURL | species1_common | species1_scientific | species2_common | species2_scientific | uncertain_interaction",24,TRUE,2026-08-24 15:10:47,"schema_2"
"C:/Users/kelly/OneDrive - Michigan State University/Research/MetaNetworksProject/MetaNetworksProject-Working/L0/taxa_checked_raw/Somateria_spectabilis_GD_EP.csv","BOW_evidence | effect_sp1_on_sp2 | effect_sp2_on_sp1 | entry_changes | entry_date | interaction | n_studies | name_changes | nonbreedingseason | notesA | notesB | notesC | notesD | OLDsourceA | OLDsourceB | other_species1 | recorder | sourceAupdatedURL | sourceBupdatedURL | sourceCupdatedURL | sourceDupdatedURL | species1_common | species1_scientific | species2_common | species2_scientific | uncertain_interaction",26,TRUE,2026-08-24 15:10:47,"schema_1"
"C:/Users/kelly/OneDrive - Michigan State University/Research/MetaNetworksProject/MetaNetworksProject-Working/L0/taxa_checked_raw/Spatula_clypeata_GD_EP.csv","BOW_evidence | effect_sp1_on_sp2 | effect_sp2_on_sp1 | entry_changes | entry_date | interaction | n_studies | name_changes | nonbreedingseason | notesA | notesB | notesC | notesD | OLDsourceA | OLDsourceB | other_species1 | recorder | sourceAupdatedURL | sourceBupdatedURL | sourceCupdatedURL | sourceDupdatedURL | species1_common | species1_scientific | species2_common | species2_scientific | uncertain_interaction",26,TRUE,2026-08-24 15:10:47,"schema_1"
"C:/Users/kelly/OneDrive - Michigan State University/Research/MetaNetworksProject/MetaNetworksProject-Working/L0/taxa_checked_raw/Spatula_cyanoptera_EP.csv","BOW_evidence | effect_sp1_on_sp2 | effect_sp2_on_sp1 | entry_changes | entry_date | interaction | n_studies | name_changes | nonbreedingseason | notesA | notesB | notesC | notesD | OLDsourceA | OLDsourceB | other_species1 | recorder | sourceAupdatedURL | sourceBupdatedURL | sourceCupdatedURL | sourceDupdatedURL | species1_common | species1_scientific | species2_common | species2_scientific | uncertain_interaction",26,TRUE,2026-08-24 15:10:47,"schema_1"
"C:/Users/kelly/OneDrive - Michigan State University/Research/MetaNetworksProject/MetaNetworksProject-Working/L0/taxa_checked_raw/Spatula_discors_EP.csv","BOW_evidence | effect_sp1_on_sp2 | effect_sp2_on_sp1 | entry_changes | entry_date | interaction | n_studies | name_changes | nonbreedingseason | notesA | notesB | notesC | notesD | OLDsourceA | OLDsourceB | other_species1 | recorder | sourceAupdatedURL | sourceBupdatedURL | sourceCupdatedURL | sourceDupdatedURL | species1_common | species1_scientific | species2_common | species2_scientific | uncertain_interaction",26,TRUE,2026-08-24 15:10:47,"schema_1"
"C:/Users/kelly/OneDrive - Michigan State University/Research/MetaNetworksProject/MetaNetworksProject-Working/L0/taxa_checked_raw/Spatula_querquedula_CR_EP.csv","BOW_evidence | effect_sp1_on_sp2 | effect_sp2_on_sp1 | entry_changes | entry_date | interaction | n_studies | name_changes | nonbreedingseason | notesA | notesB | notesC | notesD | OLDsourceA | OLDsourceB | other_species1 | recorder | sourceAupdatedURL | sourceBupdatedURL | sourceCupdatedURL | sourceDupdatedURL | species1_common | species1_scientific | species2_common | species2_scientific | uncertain_interaction",26,TRUE,2026-08-24 15:10:47,"schema_1"
"C:/Users/kelly/OneDrive - Michigan State University/Research/MetaNetworksProject/MetaNetworksProject-Working/L0/taxa_checked_raw/sphyrapicus_nuchalis_IH_EP.csv","BOW_evidence | effect_sp1_on_sp2 | effect_sp2_on_sp1 | entry_changes | entry_date | interaction | n_studies | name_changes | nonbreedingseason | notesA | notesB | notesC | notesD | OLDsourceA | OLDsourceB | other_species1 | recorder | sourceAupdatedURL | sourceBupdatedURL | sourceCupdatedURL | sourceDupdatedURL | species1_common | species1_scientific | species2_common | species2_scientific | uncertain_interaction",26,TRUE,2026-08-24 15:10:47,"schema_1"
"C:/Users/kelly/OneDrive - Michigan State University/Research/MetaNetworksProject/MetaNetworksProject-Working/L0/taxa_checked_raw/sphyrapicus_ruber_IH_EP.csv","BOW_evidence | effect_sp1_on_sp2 | effect_sp2_on_sp1 | entry_changes | entry_date | interaction | n_studies | name_changes | nonbreedingseason | notesA | notesB | notesC | notesD | OLDsourceA | OLDsourceB | other_species1 | recorder | sourceAupdatedURL | sourceBupdatedURL | sourceCupdatedURL | sourceDupdatedURL | species1_common | species1_scientific | species2_common | species2_scientific | uncertain_interaction",26,TRUE,2026-08-24 15:10:47,"schema_1"
"C:/Users/kelly/OneDrive - Michigan State University/Research/MetaNetworksProject/MetaNetworksProject-Working/L0/taxa_checked_raw/sphyrapicus_thyroideus_IH_EP.csv","BOW_evidence | effect_sp1_on_sp2 | effect_sp2_on_sp1 | entry_changes | entry_date | interaction | n_studies | name_changes | nonbreedingseason | notesA | notesB | notesC | notesD | OLDsourceA | OLDsourceB | other_species1 | recorder | sourceAupdatedURL | sourceBupdatedURL | sourceCupdatedURL | sourceDupdatedURL | species1_common | species1_scientific | species2_common | species2_scientific | uncertain_interaction",26,TRUE,2026-08-24 15:10:47,"schema_1"
"C:/Users/kelly/OneDrive - Michigan State University/Research/MetaNetworksProject/MetaNetworksProject-Working/L0/taxa_checked_raw/sphyrapicus_varius_IH_EP.csv","BOW_evidence | effect_sp1_on_sp2 | effect_sp2_on_sp1 | entry_changes | entry_date | interaction | n_studies | name_changes | nonbreedingseason | notesA | notesB | notesC | notesD | OLDsourceA | OLDsourceB | other_species1 | recorder | sourceAupdatedURL | sourceBupdatedURL | sourceCupdatedURL | sourceDupdatedURL | species1_common | species1_scientific | species2_common | species2_scientific | uncertain_interaction",26,TRUE,2026-08-24 15:10:47,"schema_1"
"C:/Users/kelly/OneDrive - Michigan State University/Research/MetaNetworksProject/MetaNetworksProject-Working/L0/taxa_checked_raw/Spilopelia_chinensis_EP_IH.csv","BOW_evidence | effect_sp1_on_sp2 | effect_sp2_on_sp1 | entry_changes | entry_date | interaction | n_studies | name_changes | nonbreedingseason | notesA | notesB | notesC | notesD | OLDsourceA | OLDsourceB | other_species1 | recorder | sourceAupdatedURL | sourceBupdatedURL | sourceCupdatedURL | sourceDupdatedURL | species1_common | species1_scientific | species2_common | species2_scientific | uncertain_interaction",26,TRUE,2024-08-01 14:54:23,"schema_1"
"C:/Users/kelly/OneDrive - Michigan State University/Research/MetaNetworksProject/MetaNetworksProject-Working/L0/taxa_checked_raw/Spinus_atriceps_SEP_LM.csv","breeding_migration | DatabaseSearchURL | effect_sp1_on_sp2 | effect_sp2_on_sp1 | entry_changes | entry_date | interaction | interaction_strength | name_changes | other_species1 | recorder | source_citation | source_URL | species1_common | species1_lifestage | species1_scientific | species2_common | species2_lifestage | species2_scientific | text_excerpt | time_of_year | uncertain_interaction",22,TRUE,2026-08-24 15:10:47,"schema_3"
"C:/Users/kelly/OneDrive - Michigan State University/Research/MetaNetworksProject/MetaNetworksProject-Working/L0/taxa_checked_raw/Spinus_lawrencei_EP_IH.csv","BOW_evidence | effect_sp1_on_sp2 | effect_sp2_on_sp1 | entry_changes | entry_date | interaction | n_studies | name_changes | nonbreedingseason | notesA | notesB | notesC | notesD | OLDsourceA | OLDsourceB | other_species1 | recorder | sourceAupdatedURL | sourceBupdatedURL | sourceCupdatedURL | sourceDupdatedURL | species1_common | species1_scientific | species2_common | species2_scientific | uncertain_interaction",26,TRUE,2025-01-24 16:59:44,"schema_1"
"C:/Users/kelly/OneDrive - Michigan State University/Research/MetaNetworksProject/MetaNetworksProject-Working/L0/taxa_checked_raw/Spinus_pinus_EP_IH.csv","BOW_evidence | effect_sp1_on_sp2 | effect_sp2_on_sp1 | entry_changes | entry_date | interaction | n_studies | name_changes | nonbreedingseason | notesA | notesB | notesC | notesD | OLDsourceA | OLDsourceB | other_species1 | recorder | sourceAupdatedURL | sourceBupdatedURL | sourceCupdatedURL | sourceDupdatedURL | species1_common | species1_scientific | species2_common | species2_scientific | uncertain_interaction",26,TRUE,2026-02-05 01:52:33,"schema_1"
"C:/Users/kelly/OneDrive - Michigan State University/Research/MetaNetworksProject/MetaNetworksProject-Working/L0/taxa_checked_raw/Spinus_psaltria_EP_IH.csv","BOW_evidence | effect_sp1_on_sp2 | effect_sp2_on_sp1 | entry_changes | entry_date | interaction | n_studies | name_changes | nonbreedingseason | notesA | notesB | notesC | notesD | OLDsourceA | OLDsourceB | other_species1 | recorder | sourceAupdatedURL | sourceBupdatedURL | sourceCupdatedURL | sourceDupdatedURL | species1_common | species1_scientific | species2_common | species2_scientific | uncertain_interaction",26,TRUE,2025-01-31 15:12:58,"schema_1"
"C:/Users/kelly/OneDrive - Michigan State University/Research/MetaNetworksProject/MetaNetworksProject-Working/L0/taxa_checked_raw/Spinus_tristis_JZ_EP.csv","BOW_evidence | effect_sp1_on_sp2 | effect_sp2_on_sp1 | entry_changes | entry_date | interaction | n_studies | name_changes | nonbreedingseason | notesA | notesB | notesC | notesD | OLDsourceA | OLDsourceB | other_species1 | recorder | sourceAupdatedURL | sourceBupdatedURL | sourceCupdatedURL | sourceDupdatedURL | species1_common | species1_scientific | species2_common | species2_scientific | uncertain_interaction",26,TRUE,2026-08-24 15:10:47,"schema_1"
"C:/Users/kelly/OneDrive - Michigan State University/Research/MetaNetworksProject/MetaNetworksProject-Working/L0/taxa_checked_raw/Spiza_americana_CR_EP.csv","BOW_evidence | effect_sp1_on_sp2 | effect_sp2_on_sp1 | entry_changes | entry_date | interaction | n_studies | name_changes | nonbreedingseason | notesA | notesB | notesC | notesD | OLDsourceA | OLDsourceB | other_species1 | recorder | sourceAupdatedURL | sourceBupdatedURL | sourceCupdatedURL | sourceDupdatedURL | species1_common | species1_scientific | species2_common | species2_scientific | uncertain_interaction",26,TRUE,2026-08-24 15:10:47,"schema_1"
"C:/Users/kelly/OneDrive - Michigan State University/Research/MetaNetworksProject/MetaNetworksProject-Working/L0/taxa_checked_raw/Spizella_atrogularis_AH_EP.csv","BOW_evidence | effect_sp1_on_sp2 | effect_sp2_on_sp1 | entry_changes | entry_date | interaction | n_studies | name_changes | nonbreedingseason | notesA | notesB | notesC | notesD | OLDsourceA | OLDsourceB | other_species1 | recorder | sourceAupdatedURL | sourceBupdatedURL | sourceCupdatedURL | sourceDupdatedURL | species1_common | species1_scientific | species2_common | species2_scientific | uncertain_interaction",26,TRUE,2026-08-24 15:10:47,"schema_1"
"C:/Users/kelly/OneDrive - Michigan State University/Research/MetaNetworksProject/MetaNetworksProject-Working/L0/taxa_checked_raw/Spizella_breweri_EP_IH.csv","BOW_evidence | effect_sp1_on_sp2 | effect_sp2_on_sp1 | entry_changes | entry_date | interaction | n_studies | name_changes | nonbreedingseason | notesA | notesB | notesC | notesD | OLDsourceA | OLDsourceB | other_species1 | recorder | sourceAupdatedURL | sourceBupdatedURL | sourceCupdatedURL | sourceDupdatedURL | species1_common | species1_scientific | species2_common | species2_scientific | uncertain_interaction",26,TRUE,2024-10-11 16:21:09,"schema_1"
"C:/Users/kelly/OneDrive - Michigan State University/Research/MetaNetworksProject/MetaNetworksProject-Working/L0/taxa_checked_raw/Spizella_pallida_AH_EP.csv","BOW_evidence | effect_sp1_on_sp2 | effect_sp2_on_sp1 | entry_changes | entry_date | interaction | n_studies | name_changes | nonbreedingseason | notesA | notesB | notesC | notesD | OLDsourceA | OLDsourceB | other_species1 | recorder | sourceAupdatedURL | sourceBupdatedURL | sourceCupdatedURL | sourceDupdatedURL | species1_common | species1_scientific | species2_common | species2_scientific | uncertain_interaction",26,TRUE,2026-08-24 15:10:47,"schema_1"
"C:/Users/kelly/OneDrive - Michigan State University/Research/MetaNetworksProject/MetaNetworksProject-Working/L0/taxa_checked_raw/Spizella_passerina_EP_IH.csv","BOW_evidence | effect_sp1_on_sp2 | effect_sp2_on_sp1 | entry_changes | entry_date | interaction | n_studies | name_changes | nonbreedingseason | notesA | notesB | notesC | notesD | OLDsourceA | OLDsourceB | other_species1 | recorder | sourceAupdatedURL | sourceBupdatedURL | sourceCupdatedURL | sourceDupdatedURL | species1_common | species1_scientific | species2_common | species2_scientific | uncertain_interaction",26,TRUE,2025-01-31 15:11:02,"schema_1"
"C:/Users/kelly/OneDrive - Michigan State University/Research/MetaNetworksProject/MetaNetworksProject-Working/L0/taxa_checked_raw/Spizella_pusilla_EP_IH.csv","BOW_evidence | effect_sp1_on_sp2 | effect_sp2_on_sp1 | entry_changes | entry_date | interaction | n_studies | name_changes | nonbreedingseason | notesA | notesB | notesC | notesD | OLDsourceA | OLDsourceB | other_species1 | recorder | sourceAupdatedURL | sourceBupdatedURL | sourceCupdatedURL | sourceDupdatedURL | species1_common | species1_scientific | species2_common | species2_scientific | uncertain_interaction",26,TRUE,2024-07-26 15:22:40,"schema_1"
"C:/Users/kelly/OneDrive - Michigan State University/Research/MetaNetworksProject/MetaNetworksProject-Working/L0/taxa_checked_raw/Spizelloides_arborea_EP_IH.csv","BOW_evidence | effect_sp1_on_sp2 | effect_sp2_on_sp1 | entry_changes | entry_date | interaction | n_studies | name_changes | nonbreedingseason | notesA | notesB | notesC | notesD | OLDsourceA | OLDsourceB | other_species1 | recorder | sourceAupdatedURL | sourceBupdatedURL | sourceCupdatedURL | sourceDupdatedURL | species1_common | species1_scientific | species2_common | species2_scientific | uncertain_interaction",26,TRUE,2024-08-01 18:12:05,"schema_1"
"C:/Users/kelly/OneDrive - Michigan State University/Research/MetaNetworksProject/MetaNetworksProject-Working/L0/taxa_checked_raw/Sporophila_morelleti_AJ_EP.csv","BOW_evidence | effect_sp1_on_sp2 | effect_sp2_on_sp1 | entry_changes | entry_date | interaction | n_studies | name_changes | nonbreedingseason | notesA | notesB | notesC | notesD | OLDsourceA | OLDsourceB | other_species1 | recorder | sourceAupdatedURL | sourceBupdatedURL | sourceCupdatedURL | sourceDupdatedURL | species1_common | species1_scientific | species2_common | species2_scientific | uncertain_interaction",26,TRUE,2026-08-24 15:10:47,"schema_1"
"C:/Users/kelly/OneDrive - Michigan State University/Research/MetaNetworksProject/MetaNetworksProject-Working/L0/taxa_checked_raw/Stelgidopteryx_serripennis_EP_IH.csv","BOW_evidence | effect_sp1_on_sp2 | effect_sp2_on_sp1 | entry_changes | entry_date | interaction | n_studies | name_changes | nonbreedingseason | notesA | notesB | notesC | notesD | OLDsourceA | OLDsourceB | other_species1 | recorder | sourceAupdatedURL | sourceBupdatedURL | sourceCupdatedURL | sourceDupdatedURL | species1_common | species1_scientific | species2_common | species2_scientific | uncertain_interaction",26,TRUE,2024-06-15 16:37:04,"schema_1"
"C:/Users/kelly/OneDrive - Michigan State University/Research/MetaNetworksProject/MetaNetworksProject-Working/L0/taxa_checked_raw/Stercorarius_longicaudus_EP_IH.csv","BOW_evidence | effect_sp1_on_sp2 | effect_sp2_on_sp1 | entry_changes | entry_date | interaction | n_studies | name_changes | nonbreedingseason | notesA | notesB | notesC | notesD | OLDsourceA | OLDsourceB | other_species1 | recorder | sourceAupdatedURL | sourceBupdatedURL | sourceCupdatedURL | sourceDupdatedURL | species1_common | species1_scientific | species2_common | species2_scientific | uncertain_interaction",26,TRUE,2025-02-28 16:16:17,"schema_1"
"C:/Users/kelly/OneDrive - Michigan State University/Research/MetaNetworksProject/MetaNetworksProject-Working/L0/taxa_checked_raw/Stercorarius_parasiticus_EP_IH.csv","BOW_evidence | effect_sp1_on_sp2 | effect_sp2_on_sp1 | entry_changes | entry_date | interaction | n_studies | name_changes | nonbreedingseason | notesA | notesB | notesC | notesD | OLDsourceA | OLDsourceB | other_species1 | recorder | sourceAupdatedURL | sourceBupdatedURL | sourceCupdatedURL | sourceDupdatedURL | species1_common | species1_scientific | species2_common | species2_scientific | uncertain_interaction",26,TRUE,2025-04-16 20:42:29,"schema_1"
"C:/Users/kelly/OneDrive - Michigan State University/Research/MetaNetworksProject/MetaNetworksProject-Working/L0/taxa_checked_raw/Stercorarius_pomarinus_CR_EP.csv","BOW_evidence | effect_sp1_on_sp2 | effect_sp2_on_sp1 | entry_changes | entry_date | interaction | n_studies | name_changes | nonbreedingseason | notesA | notesB | notesC | notesD | OLDsourceA | OLDsourceB | other_species1 | recorder | sourceAupdatedURL | sourceBupdatedURL | sourceCupdatedURL | sourceDupdatedURL | species1_common | species1_scientific | species2_common | species2_scientific | uncertain_interaction",26,TRUE,2026-08-24 15:10:47,"schema_1"
"C:/Users/kelly/OneDrive - Michigan State University/Research/MetaNetworksProject/MetaNetworksProject-Working/L0/taxa_checked_raw/Sterna_dougallii_EP_IH.csv","BOW_evidence | effect_sp1_on_sp2 | effect_sp2_on_sp1 | entry_changes | entry_date | interaction | n_studies | name_changes | nonbreedingseason | notesA | notesB | notesC | notesD | OLDsourceA | OLDsourceB | other_species1 | recorder | sourceAupdatedURL | sourceBupdatedURL | sourceCupdatedURL | sourceDupdatedURL | species1_common | species1_scientific | species2_common | species2_scientific | uncertain_interaction",26,TRUE,2025-01-31 18:50:31,"schema_1"
"C:/Users/kelly/OneDrive - Michigan State University/Research/MetaNetworksProject/MetaNetworksProject-Working/L0/taxa_checked_raw/Sterna_forsteri_CR_EP.csv","BOW_evidence | effect_sp1_on_sp2 | effect_sp2_on_sp1 | entry_changes | entry_date | interaction | n_studies | name_changes | nonbreedingseason | notesA | notesB | notesC | notesD | OLDsourceA | OLDsourceB | other_species1 | recorder | sourceAupdatedURL | sourceBupdatedURL | sourceCupdatedURL | sourceDupdatedURL | species1_common | species1_scientific | species2_common | species2_scientific | uncertain_interaction",26,TRUE,2026-08-24 15:10:47,"schema_1"
"C:/Users/kelly/OneDrive - Michigan State University/Research/MetaNetworksProject/MetaNetworksProject-Working/L0/taxa_checked_raw/Sterna_hirundo_EP_IH.csv","BOW_evidence | effect_sp1_on_sp2 | effect_sp2_on_sp1 | entry_changes | entry_date | interaction | n_studies | name_changes | nonbreedingseason | notesA | notesB | notesC | notesD | OLDsourceA | OLDsourceB | other_species1 | recorder | sourceAupdatedURL | sourceBupdatedURL | sourceCupdatedURL | sourceDupdatedURL | species1_common | species1_scientific | species2_common | species2_scientific | uncertain_interaction",26,TRUE,2026-08-24 15:10:47,"schema_1"
"C:/Users/kelly/OneDrive - Michigan State University/Research/MetaNetworksProject/MetaNetworksProject-Working/L0/taxa_checked_raw/Sterna_paradisaea_JZ_EP.csv","BOW_evidence | effect_sp1_on_sp2 | effect_sp2_on_sp1 | entry_changes | entry_date | interaction | n_studies | name_changes | nonbreedingseason | notesA | notesB | notesC | notesD | OLDsourceA | OLDsourceB | recorder | sourceAupdatedURL | sourceBupdatedURL | sourceCupdatedURL | sourceDupdatedURL | species1_common | species1_scientific | species2_common | species2_scientific | uncertain_interaction",25,TRUE,2026-08-24 15:10:47,"schema_5"
"C:/Users/kelly/OneDrive - Michigan State University/Research/MetaNetworksProject/MetaNetworksProject-Working/L0/taxa_checked_raw/Sternula_antillarum_EP_IH.csv","BOW_evidence | effect_sp1_on_sp2 | effect_sp2_on_sp1 | entry_changes | entry_date | interaction | n_studies | name_changes | nonbreedingseason | notesA | notesB | notesC | notesD | OLDsourceA | OLDsourceB | other_species1 | recorder | sourceAupdatedURL | sourceBupdatedURL | sourceCupdatedURL | sourceDupdatedURL | species1_common | species1_scientific | species2_common | species2_scientific | uncertain_interaction",26,TRUE,2024-10-30 17:54:39,"schema_1"
"C:/Users/kelly/OneDrive - Michigan State University/Research/MetaNetworksProject/MetaNetworksProject-Working/L0/taxa_checked_raw/Streptopelia_decaocto_EP_IH.csv","BOW_evidence | effect_sp1_on_sp2 | effect_sp2_on_sp1 | entry_changes | entry_date | interaction | n_studies | name_changes | nonbreedingseason | notesA | notesB | notesC | notesD | OLDsourceA | OLDsourceB | other_species1 | recorder | sourceAupdatedURL | sourceBupdatedURL | sourceCupdatedURL | sourceDupdatedURL | species1_common | species1_scientific | species2_common | species2_scientific | uncertain_interaction",26,TRUE,2024-10-30 18:25:39,"schema_1"
"C:/Users/kelly/OneDrive - Michigan State University/Research/MetaNetworksProject/MetaNetworksProject-Working/L0/taxa_checked_raw/Streptopelia_orientalis_CR_EP.csv","BOW_evidence | effect_sp1_on_sp2 | effect_sp2_on_sp1 | entry_changes | entry_date | interaction | n_studies | name_changes | nonbreedingseason | notesA | notesB | notesC | notesD | OLDsourceA | OLDsourceB | other_species1 | recorder | sourceAupdatedURL | sourceBupdatedURL | sourceCupdatedURL | sourceDupdatedURL | species1_common | species1_scientific | species2_common | species2_scientific | uncertain_interaction",26,TRUE,2026-08-24 15:10:47,"schema_1"
"C:/Users/kelly/OneDrive - Michigan State University/Research/MetaNetworksProject/MetaNetworksProject-Working/L0/taxa_checked_raw/Streptopelia_roseogrisea_IH_EP.csv","BOW_evidence | effect_sp1_on_sp2 | effect_sp2_on_sp1 | entry_changes | entry_date | interaction | n_studies | name_changes | nonbreedingseason | notesA | notesB | notesC | notesD | OLDsourceA | OLDsourceB | other_species1 | recorder | sourceAupdatedURL | sourceBupdatedURL | sourceCupdatedURL | sourceDupdatedURL | species1_common | species1_scientific | species2_common | species2_scientific | uncertain_interaction",26,TRUE,2026-08-24 15:10:47,"schema_1"
"C:/Users/kelly/OneDrive - Michigan State University/Research/MetaNetworksProject/MetaNetworksProject-Working/L0/taxa_checked_raw/Streptopelia_turtur_CR_EP.csv","BOW_evidence | effect_sp1_on_sp2 | effect_sp2_on_sp1 | entry_changes | entry_date | interaction | n_studies | name_changes | nonbreedingseason | notesA | notesB | notesC | notesD | OLDsourceA | OLDsourceB | other_species1 | recorder | sourceAupdatedURL | sourceBupdatedURL | sourceCupdatedURL | sourceDupdatedURL | species1_common | species1_scientific | species2_common | species2_scientific | uncertain_interaction",26,TRUE,2026-08-24 15:10:47,"schema_1"
"C:/Users/kelly/OneDrive - Michigan State University/Research/MetaNetworksProject/MetaNetworksProject-Working/L0/taxa_checked_raw/Strix_nebulosa_EP_IH.csv","BOW_evidence | effect_sp1_on_sp2 | effect_sp2_on_sp1 | entry_changes | entry_date | interaction | n_studies | name_changes | nonbreedingseason | notesA | notesB | notesC | notesD | OLDsourceA | OLDsourceB | other_species1 | recorder | sourceAupdatedURL | sourceBupdatedURL | sourceCupdatedURL | sourceDupdatedURL | species1_common | species1_scientific | species2_common | species2_scientific | uncertain_interaction",26,TRUE,2025-01-31 16:04:08,"schema_1"
"C:/Users/kelly/OneDrive - Michigan State University/Research/MetaNetworksProject/MetaNetworksProject-Working/L0/taxa_checked_raw/strix_occidentalis.csv","BOW_evidence | effect_sp1_on_sp2 | effect_sp2_on_sp1 | entry_changes | entry_date | interaction | n_studies | nonbreedingseason | notesA | notesB | notesC | notesD | OLDsourceA | OLDsourceB | recorder | sourceAupdatedURL | sourceBupdatedURL | sourceCupdatedURL | sourceDupdatedURL | species1_common | species1_scientific | species2_common | species2_scientific | uncertain_interaction",24,TRUE,2022-12-07 17:56:33,"schema_2"
"C:/Users/kelly/OneDrive - Michigan State University/Research/MetaNetworksProject/MetaNetworksProject-Working/L0/taxa_checked_raw/Strix_sartorii_CR_EP.csv","BOW_evidence | effect_sp1_on_sp2 | effect_sp2_on_sp1 | entry_changes | entry_date | interaction | n_studies | name_changes | nonbreedingseason | notesA | notesB | notesC | notesD | OLDsourceA | OLDsourceB | other_species1 | recorder | sourceAupdatedURL | sourceBupdatedURL | sourceCupdatedURL | sourceDupdatedURL | species1_common | species1_scientific | species2_common | species2_scientific | uncertain_interaction",26,TRUE,2026-08-24 15:10:47,"schema_1"
"C:/Users/kelly/OneDrive - Michigan State University/Research/MetaNetworksProject/MetaNetworksProject-Working/L0/taxa_checked_raw/strix_varia.csv","BOW_evidence | effect_sp1_on_sp2 | effect_sp2_on_sp1 | entry_changes | entry_date | interaction | n_studies | nonbreedingseason | notesA | notesB | notesC | notesD | OLDsourceA | OLDsourceB | recorder | sourceAupdatedURL | sourceBupdatedURL | sourceCupdatedURL | sourceDupdatedURL | species1_common | species1_scientific | species2_common | species2_scientific | uncertain_interaction",24,TRUE,2022-12-07 17:56:33,"schema_2"
"C:/Users/kelly/OneDrive - Michigan State University/Research/MetaNetworksProject/MetaNetworksProject-Working/L0/taxa_checked_raw/Sturnella_lilianae_AF_EP.csv","BOW_evidence | effect_sp1_on_sp2 | effect_sp2_on_sp1 | entry_changes | entry_date | interaction | n_studies | name_changes | nonbreedingseason | notesA | notesB | notesC | notesD | OLDsourceA | OLDsourceB | other_species1 | recorder | sourceAupdatedURL | sourceBupdatedURL | sourceCupdatedURL | sourceDupdatedURL | species1_common | species1_scientific | species2_common | species2_scientific | uncertain_interaction",26,TRUE,2026-08-24 15:10:47,"schema_1"
"C:/Users/kelly/OneDrive - Michigan State University/Research/MetaNetworksProject/MetaNetworksProject-Working/L0/taxa_checked_raw/sturnella_magna.csv","BOW_evidence | effect_sp1_on_sp2 | effect_sp2_on_sp1 | entry_changes | entry_date | interaction | n_studies | nonbreedingseason | notesA | notesB | notesC | notesD | OLDsourceA | OLDsourceB | recorder | sourceAupdatedURL | sourceBupdatedURL | sourceCupdatedURL | sourceDupdatedURL | species1_common | species1_scientific | species2_common | species2_scientific | uncertain_interaction",24,TRUE,2022-12-07 17:56:33,"schema_2"
"C:/Users/kelly/OneDrive - Michigan State University/Research/MetaNetworksProject/MetaNetworksProject-Working/L0/taxa_checked_raw/sturnella_neglecta.csv","BOW_evidence | effect_sp1_on_sp2 | effect_sp2_on_sp1 | entry_changes | entry_date | interaction | n_studies | nonbreedingseason | notesA | notesB | notesC | notesD | OLDsourceA | OLDsourceB | recorder | sourceAupdatedURL | sourceBupdatedURL | sourceCupdatedURL | sourceDupdatedURL | species1_common | species1_scientific | species2_common | species2_scientific | uncertain_interaction",24,TRUE,2022-12-07 17:56:33,"schema_2"
"C:/Users/kelly/OneDrive - Michigan State University/Research/MetaNetworksProject/MetaNetworksProject-Working/L0/taxa_checked_raw/sturnus_vulgaris.csv","BOW_evidence | effect_sp1_on_sp2 | effect_sp2_on_sp1 | entry_changes | entry_date | interaction | n_studies | nonbreedingseason | notesA | notesB | notesC | notesD | OLDsourceA | OLDsourceB | recorder | sourceAupdatedURL | sourceBupdatedURL | sourceCupdatedURL | sourceDupdatedURL | species1_common | species1_scientific | species2_common | species2_scientific | uncertain_interaction",24,TRUE,2022-12-07 17:56:33,"schema_2"
"C:/Users/kelly/OneDrive - Michigan State University/Research/MetaNetworksProject/MetaNetworksProject-Working/L0/taxa_checked_raw/Sula_dactylatra_AH_EP.csv","BOW_evidence | effect_sp1_on_sp2 | effect_sp2_on_sp1 | entry_changes | entry_date | interaction | n_studies | name_changes | nonbreedingseason | notesA | notesB | notesC | notesD | OLDsourceA | OLDsourceB | other_species1 | recorder | sourceAupdatedURL | sourceBupdatedURL | sourceCupdatedURL | sourceDupdatedURL | species1_common | species1_scientific | species2_common | species2_scientific | uncertain_interaction",26,TRUE,2026-08-24 15:10:47,"schema_1"
"C:/Users/kelly/OneDrive - Michigan State University/Research/MetaNetworksProject/MetaNetworksProject-Working/L0/taxa_checked_raw/Sula_leucogaster_EP_IH.csv","BOW_evidence | effect_sp1_on_sp2 | effect_sp2_on_sp1 | entry_changes | entry_date | interaction | n_studies | name_changes | nonbreedingseason | notesA | notesB | notesC | notesD | OLDsourceA | OLDsourceB | other_species1 | recorder | sourceAupdatedURL | sourceBupdatedURL | sourceCupdatedURL | sourceDupdatedURL | species1_common | species1_scientific | species2_common | species2_scientific | uncertain_interaction",26,TRUE,2024-10-30 18:45:23,"schema_1"
"C:/Users/kelly/OneDrive - Michigan State University/Research/MetaNetworksProject/MetaNetworksProject-Working/L0/taxa_checked_raw/Sula_nebouxii_GD_EP.csv","BOW_evidence | effect_sp1_on_sp2 | effect_sp2_on_sp1 | entry_changes | entry_date | interaction | n_studies | name_changes | nonbreedingseason | notesA | notesB | notesC | notesD | OLDsourceA | OLDsourceB | other_species1 | recorder | sourceAupdatedURL | sourceBupdatedURL | sourceCupdatedURL | sourceDupdatedURL | species1_common | species1_scientific | species2_common | species2_scientific | uncertain_interaction",26,TRUE,2026-08-24 15:10:47,"schema_1"
"C:/Users/kelly/OneDrive - Michigan State University/Research/MetaNetworksProject/MetaNetworksProject-Working/L0/taxa_checked_raw/surnia_ulula.csv","BOW_evidence | effect_sp1_on_sp2 | effect_sp2_on_sp1 | entry_changes | entry_date | interaction | n_studies | nonbreedingseason | notesA | notesB | notesC | notesD | OLDsourceA | OLDsourceB | recorder | sourceAupdatedURL | sourceBupdatedURL | sourceCupdatedURL | sourceDupdatedURL | species1_common | species1_scientific | species2_common | species2_scientific | uncertain_interaction",24,TRUE,2026-02-05 01:52:33,"schema_2"
"C:/Users/kelly/OneDrive - Michigan State University/Research/MetaNetworksProject/MetaNetworksProject-Working/L0/taxa_checked_raw/Surniculus_dicruroides_CR_EP.csv","BOW_evidence | effect_sp1_on_sp2 | effect_sp2_on_sp1 | entry_changes | entry_date | interaction | n_studies | name_changes | nonbreedingseason | notesA | notesB | notesC | notesD | OLDsourceA | OLDsourceB | other_species1 | recorder | sourceAupdatedURL | sourceBupdatedURL | sourceCupdatedURL | sourceDupdatedURL | species1_common | species1_scientific | species2_common | species2_scientific | uncertain_interaction",26,TRUE,2026-08-24 15:10:47,"schema_1"
"C:/Users/kelly/OneDrive - Michigan State University/Research/MetaNetworksProject/MetaNetworksProject-Working/L0/taxa_checked_raw/Surniculus_lugubris_GD_EP.csv","BOW_evidence | effect_sp1_on_sp2 | effect_sp2_on_sp1 | entry_changes | entry_date | interaction | n_studies | name_changes | nonbreedingseason | notesA | notesB | notesC | notesD | OLDsourceA | OLDsourceB | other_species1 | recorder | sourceAupdatedURL | sourceBupdatedURL | sourceCupdatedURL | sourceDupdatedURL | species1_common | species1_scientific | species2_common | species2_scientific | uncertain_interaction",26,TRUE,2026-08-24 15:10:47,"schema_1"
"C:/Users/kelly/OneDrive - Michigan State University/Research/MetaNetworksProject/MetaNetworksProject-Working/L0/taxa_checked_raw/Surniculus_musschenbroeki_GD_EP.csv","BOW_evidence | effect_sp1_on_sp2 | effect_sp2_on_sp1 | entry_changes | entry_date | interaction | n_studies | name_changes | nonbreedingseason | notesA | notesB | notesC | notesD | OLDsourceA | OLDsourceB | other_species1 | recorder | sourceAupdatedURL | sourceBupdatedURL | sourceCupdatedURL | sourceDupdatedURL | species1_common | species1_scientific | species2_common | species2_scientific | uncertain_interaction",26,TRUE,2026-08-24 15:10:47,"schema_1"
"C:/Users/kelly/OneDrive - Michigan State University/Research/MetaNetworksProject/MetaNetworksProject-Working/L0/taxa_checked_raw/Synthliboramphus_antiquus_JZ_EP.csv","BOW_evidence | effect_sp1_on_sp2 | effect_sp2_on_sp1 | entry_changes | entry_date | interaction | n_studies | nonbreedingseason | notesA | notesB | notesC | notesD | OLDsourceA | OLDsourceB | recorder | sourceAupdatedURL | sourceBupdatedURL | sourceCupdatedURL | sourceDupdatedURL | species1_common | species1_scientific | species2_common | species2_scientific | uncertain_interaction",24,TRUE,2026-08-24 15:10:47,"schema_2"
"C:/Users/kelly/OneDrive - Michigan State University/Research/MetaNetworksProject/MetaNetworksProject-Working/L0/taxa_checked_raw/Synthliboramphus_craveri_AJ_IH.csv","BOW_evidence | effect_sp1_on_sp2 | effect_sp2_on_sp1 | entry_changes | entry_date | interaction | n_studies | name_changes | nonbreedingseason | notesA | notesB | notesC | notesD | OLDsourceA | OLDsourceB | other_species1 | recorder | sourceAupdatedURL | sourceBupdatedURL | sourceCupdatedURL | sourceDupdatedURL | species1_common | species1_scientific | species2_common | species2_scientific | uncertain_interaction",26,TRUE,2024-10-25 20:38:28,"schema_1"
"C:/Users/kelly/OneDrive - Michigan State University/Research/MetaNetworksProject/MetaNetworksProject-Working/L0/taxa_checked_raw/Synthliboramphus_hypoleucus_CR_PLZ.csv","BOW_evidence | effect_sp1_on_sp2 | effect_sp2_on_sp1 | entry_changes | entry_date | interaction | n_studies | name_changes | nonbreedingseason | notesA | notesB | notesC | notesD | OLDsourceA | OLDsourceB | other_species1 | recorder | sourceAupdatedURL | sourceBupdatedURL | sourceCupdatedURL | sourceDupdatedURL | species1_common | species1_scientific | species2_common | species2_scientific | uncertain_interaction",26,TRUE,2026-08-24 15:10:47,"schema_1"
"C:/Users/kelly/OneDrive - Michigan State University/Research/MetaNetworksProject/MetaNetworksProject-Working/L0/taxa_checked_raw/Synthliboramphus_scrippsi_CR_PLZ.csv","BOW_evidence | effect_sp1_on_sp2 | effect_sp2_on_sp1 | entry_changes | entry_date | interaction | n_studies | name_changes | nonbreedingseason | notesA | notesB | notesC | notesD | OLDsourceA | OLDsourceB | other_species1 | recorder | sourceAupdatedURL | sourceBupdatedURL | sourceCupdatedURL | sourceDupdatedURL | species1_common | species1_scientific | species2_common | species2_scientific | uncertain_interaction",26,TRUE,2026-08-24 15:10:47,"schema_1"
"C:/Users/kelly/OneDrive - Michigan State University/Research/MetaNetworksProject/MetaNetworksProject-Working/L0/taxa_checked_raw/Tachybaptus_dominicus_IH_EP.csv","BOW_evidence | effect_sp1_on_sp2 | effect_sp2_on_sp1 | entry_changes | entry_date | interaction | n_studies | name_changes | nonbreedingseason | notesA | notesB | notesC | notesD | OLDsourceA | OLDsourceB | other_species1 | recorder | sourceAupdatedURL | sourceBupdatedURL | sourceCupdatedURL | sourceDupdatedURL | species1_common | species1_scientific | species2_common | species2_scientific | uncertain_interaction",26,TRUE,2025-12-12 21:27:10,"schema_1"
"C:/Users/kelly/OneDrive - Michigan State University/Research/MetaNetworksProject/MetaNetworksProject-Working/L0/taxa_checked_raw/tachycineta_bicolor.csv","BOW_evidence | effect_sp1_on_sp2 | effect_sp2_on_sp1 | entry_changes | entry_date | interaction | n_studies | nonbreedingseason | notesA | notesB | notesC | notesD | OLDsourceA | OLDsourceB | recorder | sourceAupdatedURL | sourceBupdatedURL | sourceCupdatedURL | sourceDupdatedURL | species1_common | species1_scientific | species2_common | species2_scientific | uncertain_interaction",24,TRUE,2026-08-24 15:10:47,"schema_2"
"C:/Users/kelly/OneDrive - Michigan State University/Research/MetaNetworksProject/MetaNetworksProject-Working/L0/taxa_checked_raw/tachycineta_thalassina.csv","BOW_evidence | effect_sp1_on_sp2 | effect_sp2_on_sp1 | entry_changes | entry_date | interaction | n_studies | nonbreedingseason | notesA | notesB | notesC | notesD | OLDsourceA | OLDsourceB | recorder | sourceAupdatedURL | sourceBupdatedURL | sourceCupdatedURL | sourceDupdatedURL | species1_common | species1_scientific | species2_common | species2_scientific | uncertain_interaction",24,TRUE,2022-12-07 17:56:33,"schema_2"
"C:/Users/kelly/OneDrive - Michigan State University/Research/MetaNetworksProject/MetaNetworksProject-Working/L0/taxa_checked_raw/Tadorna_tadorna_CR_EP.csv","BOW_evidence | effect_sp1_on_sp2 | effect_sp2_on_sp1 | entry_changes | entry_date | interaction | n_studies | name_changes | nonbreedingseason | notesA | notesB | notesC | notesD | OLDsourceA | OLDsourceB | other_species1 | recorder | sourceAupdatedURL | sourceBupdatedURL | sourceCupdatedURL | sourceDupdatedURL | species1_common | species1_scientific | species2_common | species2_scientific | uncertain_interaction",26,TRUE,2026-08-24 15:10:47,"schema_1"
"C:/Users/kelly/OneDrive - Michigan State University/Research/MetaNetworksProject/MetaNetworksProject-Working/L0/taxa_checked_raw/Tapera_naevia_CR_EP.csv","BOW_evidence | effect_sp1_on_sp2 | effect_sp2_on_sp1 | entry_changes | entry_date | interaction | n_studies | name_changes | nonbreedingseason | notesA | notesB | notesC | notesD | OLDsourceA | OLDsourceB | other_species1 | recorder | sourceAupdatedURL | sourceBupdatedURL | sourceCupdatedURL | sourceDupdatedURL | species1_common | species1_scientific | species2_common | species2_scientific | uncertain_interaction",26,TRUE,2024-03-01 22:35:55,"schema_1"
"C:/Users/kelly/OneDrive - Michigan State University/Research/MetaNetworksProject/MetaNetworksProject-Working/L0/taxa_checked_raw/Tetraogallus_himalayensis_GD_EP.csv","BOW_evidence | effect_sp1_on_sp2 | effect_sp2_on_sp1 | entry_changes | entry_date | interaction | n_studies | name_changes | nonbreedingseason | notesA | notesB | notesC | notesD | OLDsourceA | OLDsourceB | other_species1 | recorder | sourceAupdatedURL | sourceBupdatedURL | sourceCupdatedURL | sourceDupdatedURL | species1_common | species1_scientific | species2_common | species2_scientific | uncertain_interaction",26,TRUE,2026-08-24 15:10:47,"schema_1"
"C:/Users/kelly/OneDrive - Michigan State University/Research/MetaNetworksProject/MetaNetworksProject-Working/L0/taxa_checked_raw/Thalasseus_elegans_GD_EP.csv","BOW_evidence | effect_sp1_on_sp2 | effect_sp2_on_sp1 | entry_changes | entry_date | interaction | n_studies | name_changes | nonbreedingseason | notesA | notesB | notesC | notesD | OLDsourceA | OLDsourceB | other_species1 | recorder | sourceAupdatedURL | sourceBupdatedURL | sourceCupdatedURL | sourceDupdatedURL | species1_common | species1_scientific | species2_common | species2_scientific | uncertain_interaction",26,TRUE,2026-08-24 15:10:47,"schema_1"
"C:/Users/kelly/OneDrive - Michigan State University/Research/MetaNetworksProject/MetaNetworksProject-Working/L0/taxa_checked_raw/Thalasseus_maximus_IH_EP.csv","BOW_evidence | effect_sp1_on_sp2 | effect_sp2_on_sp1 | entry_changes | entry_date | interaction | n_studies | name_changes | nonbreedingseason | notesA | notesB | notesC | notesD | OLDsourceA | OLDsourceB | recorder | sourceAupdatedURL | sourceBupdatedURL | sourceCupdatedURL | sourceDupdatedURL | species1_common | species1_scientific | species2_common | species2_scientific | uncertain_interaction",25,TRUE,2026-08-24 15:10:47,"schema_5"
"C:/Users/kelly/OneDrive - Michigan State University/Research/MetaNetworksProject/MetaNetworksProject-Working/L0/taxa_checked_raw/Thalasseus_sandvicensis_GD_EP.csv","BOW_evidence | effect_sp1_on_sp2 | effect_sp2_on_sp1 | entry_changes | entry_date | interaction | n_studies | name_changes | nonbreedingseason | notesA | notesB | notesC | notesD | OLDsourceA | OLDsourceB | other_species1 | recorder | sourceAupdatedURL | sourceBupdatedURL | sourceCupdatedURL | sourceDupdatedURL | species1_common | species1_scientific | species2_common | species2_scientific | uncertain_interaction",26,TRUE,2026-08-24 15:10:47,"schema_1"
"C:/Users/kelly/OneDrive - Michigan State University/Research/MetaNetworksProject/MetaNetworksProject-Working/L0/taxa_checked_raw/Thryomanes_bewickii_EP_IH.csv","BOW_evidence | effect_sp1_on_sp2 | effect_sp2_on_sp1 | entry_changes | entry_date | interaction | n_studies | name_changes | nonbreedingseason | notesA | notesB | notesC | notesD | OLDsourceA | OLDsourceB | other_species1 | recorder | sourceAupdatedURL | sourceBupdatedURL | sourceCupdatedURL | sourceDupdatedURL | species1_common | species1_scientific | species2_common | species2_scientific | uncertain_interaction",26,TRUE,2024-11-01 17:58:38,"schema_1"
"C:/Users/kelly/OneDrive - Michigan State University/Research/MetaNetworksProject/MetaNetworksProject-Working/L0/taxa_checked_raw/Thryophilus_pleurostictus_AH_CR.csv","breeding_migration | DatabaseSearchURL | effect_sp1_on_sp2 | effect_sp2_on_sp1 | entry_changes | entry_date | interaction | interaction_strength | name_changes | other_species1 | recorder | source_citation | source_URL | species1_common | species1_lifestage | species1_scientific | species2_common | species2_lifestage | species2_scientific | text_excerpt | time_of_year | uncertain_interaction",22,TRUE,2025-11-24 17:32:58,"schema_3"
"C:/Users/kelly/OneDrive - Michigan State University/Research/MetaNetworksProject/MetaNetworksProject-Working/L0/taxa_checked_raw/Thryophilus_rufalbus_VS_CR.csv","breeding_migration | DatabaseSearchURL | effect_sp1_on_sp2 | effect_sp2_on_sp1 | entry_changes | entry_date | interaction | interaction_strength | name_changes | other_species1 | recorder | source_citation | source_URL | species1_common | species1_lifestage | species1_scientific | species2_common | species2_lifestage | species2_scientific | text_excerpt | time_of_year | uncertain_interaction",22,TRUE,2025-11-03 16:48:36,"schema_3"
"C:/Users/kelly/OneDrive - Michigan State University/Research/MetaNetworksProject/MetaNetworksProject-Working/L0/taxa_checked_raw/Thryophilus_sinaloa_AH_EP.csv","BOW_evidence | effect_sp1_on_sp2 | effect_sp2_on_sp1 | entry_changes | entry_date | interaction | n_studies | name_changes | nonbreedingseason | notesA | notesB | notesC | notesD | OLDsourceA | OLDsourceB | other_species1 | recorder | sourceAupdatedURL | sourceBupdatedURL | sourceCupdatedURL | sourceDupdatedURL | species1_common | species1_scientific | species2_common | species2_scientific | uncertain_interaction",26,TRUE,2026-08-24 15:10:47,"schema_1"
"C:/Users/kelly/OneDrive - Michigan State University/Research/MetaNetworksProject/MetaNetworksProject-Working/L0/taxa_checked_raw/Thryothorus_ludovicianus_EP_IH.csv","BOW_evidence | effect_sp1_on_sp2 | effect_sp2_on_sp1 | entry_changes | entry_date | interaction | n_studies | name_changes | nonbreedingseason | notesA | notesB | notesC | notesD | OLDsourceA | OLDsourceB | other_species1 | recorder | sourceAupdatedURL | sourceBupdatedURL | sourceCupdatedURL | sourceDupdatedURL | species1_common | species1_scientific | species2_common | species2_scientific | uncertain_interaction",26,TRUE,2024-07-27 15:19:51,"schema_1"
"C:/Users/kelly/OneDrive - Michigan State University/Research/MetaNetworksProject/MetaNetworksProject-Working/L0/taxa_checked_raw/Tinamus_major_CR_LB.csv","BOW_evidence | effect_sp1_on_sp2 | effect_sp2_on_sp1 | entry_changes | entry_date | interaction | n_studies | name_changes | nonbreedingseason | notesA | notesB | notesC | notesD | OLDsourceA | OLDsourceB | other_species1 | recorder | sourceAupdatedURL | sourceBupdatedURL | sourceCupdatedURL | sourceDupdatedURL | species1_common | species1_scientific | species2_common | species2_scientific | uncertain_interaction",26,TRUE,2026-08-24 15:10:47,"schema_1"
"C:/Users/kelly/OneDrive - Michigan State University/Research/MetaNetworksProject/MetaNetworksProject-Working/L0/taxa_checked_raw/Tityra_semifasciata_CR_EP.csv","BOW_evidence | effect_sp1_on_sp2 | effect_sp2_on_sp1 | entry_changes | entry_date | interaction | n_studies | name_changes | nonbreedingseason | notesA | notesB | notesC | notesD | OLDsourceA | OLDsourceB | other_species1 | recorder | sourceAupdatedURL | sourceBupdatedURL | sourceCupdatedURL | sourceDupdatedURL | species1_common | species1_scientific | species2_common | species2_scientific | uncertain_interaction",26,TRUE,2026-08-24 15:10:47,"schema_1"
"C:/Users/kelly/OneDrive - Michigan State University/Research/MetaNetworksProject/MetaNetworksProject-Working/L0/taxa_checked_raw/Tolmomyias_flaviventris_GD_EP.csv","BOW_evidence | effect_sp1_on_sp2 | effect_sp2_on_sp1 | entry_changes | entry_date | interaction | n_studies | name_changes | nonbreedingseason | notesA | notesB | notesC | notesD | OLDsourceA | OLDsourceB | other_species1 | recorder | sourceAupdatedURL | sourceBupdatedURL | sourceCupdatedURL | sourceDupdatedURL | species1_common | species1_scientific | species2_common | species2_scientific | uncertain_interaction",26,TRUE,2026-08-24 15:10:47,"schema_1"
"C:/Users/kelly/OneDrive - Michigan State University/Research/MetaNetworksProject/MetaNetworksProject-Working/L0/taxa_checked_raw/toxostoma_bendirei.csv","BOW_evidence | effect_sp1_on_sp2 | effect_sp2_on_sp1 | entry_changes | entry_date | interaction | n_studies | nonbreedingseason | notesA | notesB | notesC | notesD | OLDsourceA | OLDsourceB | recorder | sourceAupdatedURL | sourceBupdatedURL | sourceCupdatedURL | sourceDupdatedURL | species1_common | species1_scientific | species2_common | species2_scientific | uncertain_interaction",24,TRUE,2022-12-07 17:56:33,"schema_2"
"C:/Users/kelly/OneDrive - Michigan State University/Research/MetaNetworksProject/MetaNetworksProject-Working/L0/taxa_checked_raw/Toxostoma_crissale_EP_IH.csv","BOW_evidence | effect_sp1_on_sp2 | effect_sp2_on_sp1 | entry_changes | entry_date | interaction | n_studies | name_changes | nonbreedingseason | notesA | notesB | notesC | notesD | OLDsourceA | OLDsourceB | other_species1 | recorder | sourceAupdatedURL | sourceBupdatedURL | sourceCupdatedURL | sourceDupdatedURL | species1_common | species1_scientific | species2_common | species2_scientific | uncertain_interaction",26,TRUE,2024-11-14 19:24:31,"schema_1"
"C:/Users/kelly/OneDrive - Michigan State University/Research/MetaNetworksProject/MetaNetworksProject-Working/L0/taxa_checked_raw/toxostoma_curvirostre.csv","BOW_evidence | effect_sp1_on_sp2 | effect_sp2_on_sp1 | entry_changes | entry_date | interaction | n_studies | nonbreedingseason | notesA | notesB | notesC | notesD | OLDsourceA | OLDsourceB | recorder | sourceAupdatedURL | sourceBupdatedURL | sourceCupdatedURL | sourceDupdatedURL | species1_common | species1_scientific | species2_common | species2_scientific | uncertain_interaction",24,TRUE,2022-12-07 17:56:33,"schema_2"
"C:/Users/kelly/OneDrive - Michigan State University/Research/MetaNetworksProject/MetaNetworksProject-Working/L0/taxa_checked_raw/Toxostoma_guttatum_VS_CR.csv","breeding_migration | DatabaseSearchURL | effect_sp1_on_sp2 | effect_sp2_on_sp1 | entry_changes | entry_date | interaction | interaction_strength | name_changes | other_species1 | recorder | source_citation | source_URL | species1_common | species1_lifestage | species1_scientific | species2_common | species2_lifestage | species2_scientific | text_excerpt | time_of_year | uncertain_interaction",22,TRUE,2026-02-12 17:10:22,"schema_3"
"C:/Users/kelly/OneDrive - Michigan State University/Research/MetaNetworksProject/MetaNetworksProject-Working/L0/taxa_checked_raw/Toxostoma_lecontei_IH_EP.csv","BOW_evidence | effect_sp1_on_sp2 | effect_sp2_on_sp1 | entry_changes | entry_date | interaction | n_studies | name_changes | nonbreedingseason | notesA | notesB | notesC | notesD | OLDsourceA | OLDsourceB | other_species1 | recorder | sourceAupdatedURL | sourceBupdatedURL | sourceCupdatedURL | sourceDupdatedURL | species1_common | species1_scientific | species2_common | species2_scientific | uncertain_interaction",26,TRUE,2026-08-24 15:10:47,"schema_1"
"C:/Users/kelly/OneDrive - Michigan State University/Research/MetaNetworksProject/MetaNetworksProject-Working/L0/taxa_checked_raw/toxostoma_longirostre.csv","BOW_evidence | effect_sp1_on_sp2 | effect_sp2_on_sp1 | entry_changes | entry_date | interaction | n_studies | nonbreedingseason | notesA | notesB | notesC | notesD | OLDsourceA | OLDsourceB | recorder | sourceAupdatedURL | sourceBupdatedURL | sourceCupdatedURL | sourceDupdatedURL | species1_common | species1_scientific | species2_common | species2_scientific | uncertain_interaction",24,TRUE,2022-12-07 17:56:33,"schema_2"
"C:/Users/kelly/OneDrive - Michigan State University/Research/MetaNetworksProject/MetaNetworksProject-Working/L0/taxa_checked_raw/Toxostoma_ocellatum_VS_CR.csv","breeding_migration | DatabaseSearchURL | effect_sp1_on_sp2 | effect_sp2_on_sp1 | entry_changes | entry_date | interaction | interaction_strength | name_changes | other_species1 | recorder | source_citation | source_URL | species1_common | species1_lifestage | species1_scientific | species2_common | species2_lifestage | species2_scientific | text_excerpt | time_of_year | uncertain_interaction",22,TRUE,2026-02-04 17:52:19,"schema_3"
"C:/Users/kelly/OneDrive - Michigan State University/Research/MetaNetworksProject/MetaNetworksProject-Working/L0/taxa_checked_raw/toxostoma_redivivum.csv","BOW_evidence | effect_sp1_on_sp2 | effect_sp2_on_sp1 | entry_changes | entry_date | interaction | n_studies | nonbreedingseason | notesA | notesB | notesC | notesD | OLDsourceA | OLDsourceB | recorder | sourceAupdatedURL | sourceBupdatedURL | sourceCupdatedURL | sourceDupdatedURL | species1_common | species1_scientific | species2_common | species2_scientific | uncertain_interaction",24,TRUE,2022-12-07 17:56:33,"schema_2"
"C:/Users/kelly/OneDrive - Michigan State University/Research/MetaNetworksProject/MetaNetworksProject-Working/L0/taxa_checked_raw/toxostoma_rufum.csv","BOW_evidence | effect_sp1_on_sp2 | effect_sp2_on_sp1 | entry_changes | entry_date | interaction | n_studies | nonbreedingseason | notesA | notesB | notesC | notesD | OLDsourceA | OLDsourceB | recorder | sourceAupdatedURL | sourceBupdatedURL | sourceCupdatedURL | sourceDupdatedURL | species1_common | species1_scientific | species2_common | species2_scientific | uncertain_interaction",24,TRUE,2022-12-07 17:56:33,"schema_2"
"C:/Users/kelly/OneDrive - Michigan State University/Research/MetaNetworksProject/MetaNetworksProject-Working/L0/taxa_checked_raw/Tringa_flavipes_EP_IH.csv","BOW_evidence | effect_sp1_on_sp2 | effect_sp2_on_sp1 | entry_changes | entry_date | interaction | n_studies | name_changes | nonbreedingseason | notesA | notesB | notesC | notesD | OLDsourceA | OLDsourceB | other_species1 | recorder | sourceAupdatedURL | sourceBupdatedURL | sourceCupdatedURL | sourceDupdatedURL | species1_common | species1_scientific | species2_common | species2_scientific | uncertain_interaction",26,TRUE,2025-01-31 17:33:36,"schema_1"
"C:/Users/kelly/OneDrive - Michigan State University/Research/MetaNetworksProject/MetaNetworksProject-Working/L0/taxa_checked_raw/Tringa_incana_CR_EP.csv","BOW_evidence | effect_sp1_on_sp2 | effect_sp2_on_sp1 | entry_changes | entry_date | interaction | n_studies | name_changes | nonbreedingseason | notesA | notesB | notesC | notesD | OLDsourceA | OLDsourceB | other_species1 | recorder | sourceAupdatedURL | sourceBupdatedURL | sourceCupdatedURL | sourceDupdatedURL | species1_common | species1_scientific | species2_common | species2_scientific | uncertain_interaction",26,TRUE,2026-08-24 15:10:47,"schema_1"
"C:/Users/kelly/OneDrive - Michigan State University/Research/MetaNetworksProject/MetaNetworksProject-Working/L0/taxa_checked_raw/Tringa_melanoleuca_EP_IH.csv","BOW_evidence | effect_sp1_on_sp2 | effect_sp2_on_sp1 | entry_changes | entry_date | interaction | n_studies | name_changes | nonbreedingseason | notesA | notesB | notesC | notesD | OLDsourceA | OLDsourceB | other_species1 | recorder | sourceAupdatedURL | sourceBupdatedURL | sourceCupdatedURL | sourceDupdatedURL | species1_common | species1_scientific | species2_common | species2_scientific | uncertain_interaction",26,TRUE,2024-10-11 16:41:52,"schema_1"
"C:/Users/kelly/OneDrive - Michigan State University/Research/MetaNetworksProject/MetaNetworksProject-Working/L0/taxa_checked_raw/Tringa_nebularia_CR_EP.csv","BOW_evidence | effect_sp1_on_sp2 | effect_sp2_on_sp1 | entry_changes | entry_date | interaction | n_studies | name_changes | nonbreedingseason | notesA | notesB | notesC | notesD | OLDsourceA | OLDsourceB | other_species1 | recorder | sourceAupdatedURL | sourceBupdatedURL | sourceCupdatedURL | sourceDupdatedURL | species1_common | species1_scientific | species2_common | species2_scientific | uncertain_interaction",26,TRUE,2026-08-24 15:10:47,"schema_1"
"C:/Users/kelly/OneDrive - Michigan State University/Research/MetaNetworksProject/MetaNetworksProject-Working/L0/taxa_checked_raw/Tringa_semipalmata_EP_IH.csv","BOW_evidence | effect_sp1_on_sp2 | effect_sp2_on_sp1 | entry_changes | entry_date | interaction | n_studies | name_changes | nonbreedingseason | notesA | notesB | notesC | notesD | OLDsourceA | OLDsourceB | other_species1 | recorder | sourceAupdatedURL | sourceBupdatedURL | sourceCupdatedURL | sourceDupdatedURL | species1_common | species1_scientific | species2_common | species2_scientific | uncertain_interaction",26,TRUE,2026-06-05 19:58:03,"schema_1"
"C:/Users/kelly/OneDrive - Michigan State University/Research/MetaNetworksProject/MetaNetworksProject-Working/L0/taxa_checked_raw/Tringa_solitaria_EP_IH.csv","BOW_evidence | effect_sp1_on_sp2 | effect_sp2_on_sp1 | entry_changes | entry_date | interaction | n_studies | name_changes | nonbreedingseason | notesA | notesB | notesC | notesD | OLDsourceA | OLDsourceB | other_species1 | recorder | sourceAupdatedURL | sourceBupdatedURL | sourceCupdatedURL | sourceDupdatedURL | species1_common | species1_scientific | species2_common | species2_scientific | uncertain_interaction",26,TRUE,2024-07-27 15:46:41,"schema_1"
"C:/Users/kelly/OneDrive - Michigan State University/Research/MetaNetworksProject/MetaNetworksProject-Working/L0/taxa_checked_raw/Tringa_totanus_GD_EP.csv","BOW_evidence | effect_sp1_on_sp2 | effect_sp2_on_sp1 | entry_changes | entry_date | interaction | n_studies | name_changes | nonbreedingseason | notesA | notesB | notesC | notesD | OLDsourceA | OLDsourceB | other_species1 | recorder | sourceAupdatedURL | sourceBupdatedURL | sourceCupdatedURL | sourceDupdatedURL | species1_common | species1_scientific | species2_common | species2_scientific | uncertain_interaction",26,TRUE,2026-08-24 15:10:47,"schema_1"
"C:/Users/kelly/OneDrive - Michigan State University/Research/MetaNetworksProject/MetaNetworksProject-Working/L0/taxa_checked_raw/troglodytes_aedon.csv","BOW_evidence | effect_sp1_on_sp2 | effect_sp2_on_sp1 | entry_changes | entry_date | interaction | n_studies | nonbreedingseason | notesA | notesB | notesC | notesD | OLDsourceA | OLDsourceB | recorder | sourceAupdatedURL | sourceBupdatedURL | sourceCupdatedURL | sourceDupdatedURL | species1_common | species1_scientific | species2_common | species2_scientific | uncertain_interaction",24,TRUE,2023-12-18 20:01:58,"schema_2"
"C:/Users/kelly/OneDrive - Michigan State University/Research/MetaNetworksProject/MetaNetworksProject-Working/L0/taxa_checked_raw/Troglodytes_hiemalis_EP_IH.csv","BOW_evidence | effect_sp1_on_sp2 | effect_sp2_on_sp1 | entry_changes | entry_date | interaction | n_studies | name_changes | nonbreedingseason | notesA | notesB | notesC | notesD | OLDsourceA | OLDsourceB | other_species1 | recorder | sourceAupdatedURL | sourceBupdatedURL | sourceCupdatedURL | sourceDupdatedURL | species1_common | species1_scientific | species2_common | species2_scientific | uncertain_interaction",26,TRUE,2024-08-01 15:17:51,"schema_1"
"C:/Users/kelly/OneDrive - Michigan State University/Research/MetaNetworksProject/MetaNetworksProject-Working/L0/taxa_checked_raw/Troglodytes_pacificus_EP_IH.csv","BOW_evidence | effect_sp1_on_sp2 | effect_sp2_on_sp1 | entry_changes | entry_date | interaction | n_studies | name_changes | nonbreedingseason | notesA | notesB | notesC | notesD | OLDsourceA | OLDsourceB | other_species1 | recorder | sourceAupdatedURL | sourceBupdatedURL | sourceCupdatedURL | sourceDupdatedURL | species1_common | species1_scientific | species2_common | species2_scientific | uncertain_interaction",26,TRUE,2024-08-08 15:37:39,"schema_1"
"C:/Users/kelly/OneDrive - Michigan State University/Research/MetaNetworksProject/MetaNetworksProject-Working/L0/taxa_checked_raw/Troglodytes_rufociliatus_OG_CR.csv","breeding_migration | DatabaseSearchURL | effect_sp1_on_sp2 | effect_sp2_on_sp1 | entry_changes | entry_date | interaction | interaction_strength | name_changes | other_species1 | recorder | source_citation | source_URL | species1_common | species1_lifestage | species1_scientific | species2_common | species2_lifestage | species2_scientific | text_excerpt | time_of_year | uncertain_interaction",22,TRUE,2026-02-26 15:40:13,"schema_3"
"C:/Users/kelly/OneDrive - Michigan State University/Research/MetaNetworksProject/MetaNetworksProject-Working/L0/taxa_checked_raw/Troglodytes_sissonii_JNS_CR.csv","breeding_migration | DatabaseSearchURL | effect_sp1_on_sp2 | effect_sp2_on_sp1 | entry_changes | entry_date | interaction | interaction_strength | name_changes | other_species1 | recorder | source_citation | source_URL | species1_common | species1_lifestage | species1_scientific | species2_common | species2_lifestage | species2_scientific | text_excerpt | time_of_year | uncertain_interaction",22,TRUE,2025-11-17 18:08:17,"schema_3"
"C:/Users/kelly/OneDrive - Michigan State University/Research/MetaNetworksProject/MetaNetworksProject-Working/L0/taxa_checked_raw/Troglodytes_tanneri_OG_CR.csv","breeding_migration | DatabaseSearchURL | effect_sp1_on_sp2 | effect_sp2_on_sp1 | entry_changes | entry_date | interaction | interaction_strength | name_changes | other_species1 | recorder | source_citation | source_URL | species1_common | species1_lifestage | species1_scientific | species2_common | species2_lifestage | species2_scientific | text_excerpt | time_of_year | uncertain_interaction",22,TRUE,2026-03-12 15:30:04,"schema_3"
"C:/Users/kelly/OneDrive - Michigan State University/Research/MetaNetworksProject/MetaNetworksProject-Working/L0/taxa_checked_raw/trogon_elegans.csv","BOW_evidence | effect_sp1_on_sp2 | effect_sp2_on_sp1 | entry_changes | entry_date | interaction | n_studies | nonbreedingseason | notesA | notesB | notesC | notesD | OLDsourceA | OLDsourceB | recorder | sourceAupdatedURL | sourceBupdatedURL | sourceCupdatedURL | sourceDupdatedURL | species1_common | species1_scientific | species2_common | species2_scientific | uncertain_interaction",24,TRUE,2022-12-07 17:56:33,"schema_2"
"C:/Users/kelly/OneDrive - Michigan State University/Research/MetaNetworksProject/MetaNetworksProject-Working/L0/taxa_checked_raw/Turdus_grayi_EP_IH.csv","BOW_evidence | effect_sp1_on_sp2 | effect_sp2_on_sp1 | entry_changes | entry_date | interaction | n_studies | name_changes | nonbreedingseason | notesA | notesB | notesC | notesD | OLDsourceA | OLDsourceB | other_species1 | recorder | sourceAupdatedURL | sourceBupdatedURL | sourceCupdatedURL | sourceDupdatedURL | species1_common | species1_scientific | species2_common | species2_scientific | uncertain_interaction",26,TRUE,2024-06-15 16:55:59,"schema_1"
"C:/Users/kelly/OneDrive - Michigan State University/Research/MetaNetworksProject/MetaNetworksProject-Working/L0/taxa_checked_raw/Turdus_infuscatus_VS_CR.csv","breeding_migration | DatabaseSearchURL | effect_sp1_on_sp2 | effect_sp2_on_sp1 | entry_changes | entry_date | interaction | interaction_strength | name_changes | other_species1 | recorder | source_citation | source_URL | species1_common | species1_lifestage | species1_scientific | species2_common | species2_lifestage | species2_scientific | text_excerpt | time_of_year | uncertain_interaction",22,TRUE,2026-02-12 16:44:47,"schema_3"
"C:/Users/kelly/OneDrive - Michigan State University/Research/MetaNetworksProject/MetaNetworksProject-Working/L0/taxa_checked_raw/Turdus_migratorius_EP_IH.csv","BOW_evidence | effect_sp1_on_sp2 | effect_sp2_on_sp1 | entry_changes | entry_date | interaction | n_studies | name_changes | nonbreedingseason | notesA | notesB | notesC | notesD | OLDsourceA | OLDsourceB | other_species1 | recorder | sourceAupdatedURL | sourceBupdatedURL | sourceCupdatedURL | sourceDupdatedURL | species1_common | species1_scientific | species2_common | species2_scientific | uncertain_interaction",26,TRUE,2024-11-07 22:02:54,"schema_1"
"C:/Users/kelly/OneDrive - Michigan State University/Research/MetaNetworksProject/MetaNetworksProject-Working/L0/taxa_checked_raw/Turdus_pilaris_IH_EP.csv","BOW_evidence | effect_sp1_on_sp2 | effect_sp2_on_sp1 | entry_changes | entry_date | interaction | n_studies | name_changes | nonbreedingseason | notesA | notesB | notesC | notesD | OLDsourceA | OLDsourceB | other_species1 | recorder | sourceAupdatedURL | sourceBupdatedURL | sourceCupdatedURL | sourceDupdatedURL | species1_common | species1_scientific | species2_common | species2_scientific | uncertain_interaction",26,TRUE,2026-08-24 15:10:47,"schema_1"
"C:/Users/kelly/OneDrive - Michigan State University/Research/MetaNetworksProject/MetaNetworksProject-Working/L0/taxa_checked_raw/Turdus_plebejus_AH_CR.csv","breeding_migration | DatabaseSearchURL | effect_sp1_on_sp2 | effect_sp2_on_sp1 | entry_changes | entry_date | interaction | interaction_strength | name_changes | other_species1 | recorder | source_citation | source_URL | species1_common | species1_lifestage | species1_scientific | species2_common | species2_lifestage | species2_scientific | text_excerpt | time_of_year | uncertain_interaction",22,TRUE,2026-02-18 18:08:59,"schema_3"
"C:/Users/kelly/OneDrive - Michigan State University/Research/MetaNetworksProject/MetaNetworksProject-Working/L0/taxa_checked_raw/Tympanuchus_cupido_EP_IH.csv","BOW_evidence | effect_sp1_on_sp2 | effect_sp2_on_sp1 | entry_changes | entry_date | interaction | n_studies | name_changes | nonbreedingseason | notesA | notesB | notesC | notesD | OLDsourceA | OLDsourceB | other_species1 | recorder | sourceAupdatedURL | sourceBupdatedURL | sourceCupdatedURL | sourceDupdatedURL | species1_common | species1_scientific | species2_common | species2_scientific | uncertain_interaction",26,TRUE,2024-10-17 17:49:29,"schema_1"
"C:/Users/kelly/OneDrive - Michigan State University/Research/MetaNetworksProject/MetaNetworksProject-Working/L0/taxa_checked_raw/Tympanuchus_pallidicinctus_EP_IH.csv","BOW_evidence | effect_sp1_on_sp2 | effect_sp2_on_sp1 | entry_changes | entry_date | interaction | n_studies | name_changes | nonbreedingseason | notesA | notesB | notesC | notesD | OLDsourceA | OLDsourceB | other_species1 | recorder | sourceAupdatedURL | sourceBupdatedURL | sourceCupdatedURL | sourceDupdatedURL | species1_common | species1_scientific | species2_common | species2_scientific | uncertain_interaction",26,TRUE,2024-08-01 15:08:13,"schema_1"
"C:/Users/kelly/OneDrive - Michigan State University/Research/MetaNetworksProject/MetaNetworksProject-Working/L0/taxa_checked_raw/Tympanuchus_phasianellus_EP_IH.csv","BOW_evidence | effect_sp1_on_sp2 | effect_sp2_on_sp1 | entry_changes | entry_date | interaction | n_studies | name_changes | nonbreedingseason | notesA | notesB | notesC | notesD | OLDsourceA | OLDsourceB | other_species1 | recorder | sourceAupdatedURL | sourceBupdatedURL | sourceCupdatedURL | sourceDupdatedURL | species1_common | species1_scientific | species2_common | species2_scientific | uncertain_interaction",26,TRUE,2024-08-01 19:06:23,"schema_1"
"C:/Users/kelly/OneDrive - Michigan State University/Research/MetaNetworksProject/MetaNetworksProject-Working/L0/taxa_checked_raw/Tyrannus_couchii_EP_IH.csv","BOW_evidence | effect_sp1_on_sp2 | effect_sp2_on_sp1 | entry_changes | entry_date | interaction | n_studies | name_changes | nonbreedingseason | notesA | notesB | notesC | notesD | OLDsourceA | OLDsourceB | other_species1 | recorder | sourceAupdatedURL | sourceBupdatedURL | sourceCupdatedURL | sourceDupdatedURL | species1_common | species1_scientific | species2_common | species2_scientific | uncertain_interaction",26,TRUE,2025-02-13 20:21:03,"schema_1"
"C:/Users/kelly/OneDrive - Michigan State University/Research/MetaNetworksProject/MetaNetworksProject-Working/L0/taxa_checked_raw/Tyrannus_crassirostris_EP_IH.csv","BOW_evidence | effect_sp1_on_sp2 | effect_sp2_on_sp1 | entry_changes | entry_date | interaction | n_studies | name_changes | nonbreedingseason | notesA | notesB | notesC | notesD | OLDsourceA | OLDsourceB | other_species1 | recorder | sourceAupdatedURL | sourceBupdatedURL | sourceCupdatedURL | sourceDupdatedURL | species1_common | species1_scientific | species2_common | species2_scientific | uncertain_interaction",26,TRUE,2024-10-17 17:57:12,"schema_1"
"C:/Users/kelly/OneDrive - Michigan State University/Research/MetaNetworksProject/MetaNetworksProject-Working/L0/taxa_checked_raw/Tyrannus_dominicensis_IH_EP.csv","BOW_evidence | effect_sp1_on_sp2 | effect_sp2_on_sp1 | entry_changes | entry_date | interaction | n_studies | name_changes | nonbreedingseason | notesA | notesB | notesC | notesD | OLDsourceA | OLDsourceB | other_species1 | recorder | sourceAupdatedURL | sourceBupdatedURL | sourceCupdatedURL | sourceDupdatedURL | species1_common | species1_scientific | species2_common | species2_scientific | uncertain_interaction",26,TRUE,2026-08-24 15:10:47,"schema_1"
"C:/Users/kelly/OneDrive - Michigan State University/Research/MetaNetworksProject/MetaNetworksProject-Working/L0/taxa_checked_raw/tyrannus_forficatus.csv","BOW_evidence | effect_sp1_on_sp2 | effect_sp2_on_sp1 | entry_changes | entry_date | interaction | n_studies | nonbreedingseason | notesA | notesB | notesC | notesD | OLDsourceA | OLDsourceB | recorder | sourceAupdatedURL | sourceBupdatedURL | sourceCupdatedURL | sourceDupdatedURL | species1_common | species1_scientific | species2_common | species2_scientific | uncertain_interaction",24,TRUE,2022-12-07 17:56:33,"schema_2"
"C:/Users/kelly/OneDrive - Michigan State University/Research/MetaNetworksProject/MetaNetworksProject-Working/L0/taxa_checked_raw/Tyrannus_melancholicus_IH_EP.csv","BOW_evidence | effect_sp1_on_sp2 | effect_sp2_on_sp1 | entry_changes | entry_date | interaction | n_studies | name_changes | nonbreedingseason | notesA | notesB | notesC | notesD | OLDsourceA | OLDsourceB | other_species1 | recorder | sourceAupdatedURL | sourceBupdatedURL | sourceCupdatedURL | sourceDupdatedURL | species1_common | species1_scientific | species2_common | species2_scientific | uncertain_interaction",26,TRUE,2026-08-24 15:10:47,"schema_1"
"C:/Users/kelly/OneDrive - Michigan State University/Research/MetaNetworksProject/MetaNetworksProject-Working/L0/taxa_checked_raw/Tyrannus_savana_IH_EP.csv","BOW_evidence | effect_sp1_on_sp2 | effect_sp2_on_sp1 | entry_changes | entry_date | interaction | n_studies | name_changes | nonbreedingseason | notesA | notesB | notesC | notesD | OLDsourceA | OLDsourceB | other_species1 | recorder | sourceAupdatedURL | sourceBupdatedURL | sourceCupdatedURL | sourceDupdatedURL | species1_common | species1_scientific | species2_common | species2_scientific | uncertain_interaction",26,TRUE,2026-08-24 15:10:47,"schema_1"
"C:/Users/kelly/OneDrive - Michigan State University/Research/MetaNetworksProject/MetaNetworksProject-Working/L0/taxa_checked_raw/tyrannus_tyrannus.csv","BOW_evidence | effect_sp1_on_sp2 | effect_sp2_on_sp1 | entry_changes | entry_date | interaction | n_studies | nonbreedingseason | notesA | notesB | notesC | notesD | OLDsourceA | OLDsourceB | recorder | sourceAupdatedURL | sourceBupdatedURL | sourceCupdatedURL | sourceDupdatedURL | species1_common | species1_scientific | species2_common | species2_scientific | uncertain_interaction",24,TRUE,2022-12-07 17:56:33,"schema_2"
"C:/Users/kelly/OneDrive - Michigan State University/Research/MetaNetworksProject/MetaNetworksProject-Working/L0/taxa_checked_raw/Tyrannus_verticalis_EP_IH.csv","BOW_evidence | effect_sp1_on_sp2 | effect_sp2_on_sp1 | entry_changes | entry_date | interaction | n_studies | name_changes | nonbreedingseason | notesA | notesB | notesC | notesD | OLDsourceA | OLDsourceB | other_species1 | recorder | sourceAupdatedURL | sourceBupdatedURL | sourceCupdatedURL | sourceDupdatedURL | species1_common | species1_scientific | species2_common | species2_scientific | uncertain_interaction",26,TRUE,2025-02-21 18:24:19,"schema_1"
"C:/Users/kelly/OneDrive - Michigan State University/Research/MetaNetworksProject/MetaNetworksProject-Working/L0/taxa_checked_raw/Tyrannus_vociferans_EP_IH.csv","BOW_evidence | effect_sp1_on_sp2 | effect_sp2_on_sp1 | entry_changes | entry_date | interaction | n_studies | name_changes | nonbreedingseason | notesA | notesB | notesC | notesD | OLDsourceA | OLDsourceB | other_species1 | recorder | sourceAupdatedURL | sourceBupdatedURL | sourceCupdatedURL | sourceDupdatedURL | species1_common | species1_scientific | species2_common | species2_scientific | uncertain_interaction",26,TRUE,2024-11-14 19:38:09,"schema_1"
"C:/Users/kelly/OneDrive - Michigan State University/Research/MetaNetworksProject/MetaNetworksProject-Working/L0/taxa_checked_raw/tyto_alba.csv","BOW_evidence | effect_sp1_on_sp2 | effect_sp2_on_sp1 | entry_changes | entry_date | interaction | n_studies | nonbreedingseason | notesA | notesB | notesC | notesD | OLDsourceA | OLDsourceB | recorder | sourceAupdatedURL | sourceBupdatedURL | sourceCupdatedURL | sourceDupdatedURL | species1_common | species1_scientific | species2_common | species2_scientific | uncertain_interaction",24,TRUE,2022-12-07 17:56:33,"schema_2"
"C:/Users/kelly/OneDrive - Michigan State University/Research/MetaNetworksProject/MetaNetworksProject-Working/L0/taxa_checked_raw/Uria_aalge_EP_IH.csv","BOW_evidence | effect_sp1_on_sp2 | effect_sp2_on_sp1 | entry_changes | entry_date | interaction | n_studies | name_changes | nonbreedingseason | notesA | notesB | notesC | notesD | OLDsourceA | OLDsourceB | other_species1 | recorder | sourceAupdatedURL | sourceBupdatedURL | sourceCupdatedURL | sourceDupdatedURL | species1_common | species1_scientific | species2_common | species2_scientific | uncertain_interaction",26,TRUE,2025-02-27 19:50:50,"schema_1"
"C:/Users/kelly/OneDrive - Michigan State University/Research/MetaNetworksProject/MetaNetworksProject-Working/L0/taxa_checked_raw/Uria_lomvia_EP_IH.csv","BOW_evidence | effect_sp1_on_sp2 | effect_sp2_on_sp1 | entry_changes | entry_date | interaction | n_studies | name_changes | nonbreedingseason | notesA | notesB | notesC | notesD | OLDsourceA | OLDsourceB | other_species1 | recorder | sourceAupdatedURL | sourceBupdatedURL | sourceCupdatedURL | sourceDupdatedURL | species1_common | species1_scientific | species2_common | species2_scientific | uncertain_interaction",26,TRUE,2024-10-17 18:18:47,"schema_1"
"C:/Users/kelly/OneDrive - Michigan State University/Research/MetaNetworksProject/MetaNetworksProject-Working/L0/taxa_checked_raw/Urile_pelagicus_EP_IH.csv","BOW_evidence | effect_sp1_on_sp2 | effect_sp2_on_sp1 | entry_changes | entry_date | interaction | n_studies | name_changes | nonbreedingseason | notesA | notesB | notesC | notesD | OLDsourceA | OLDsourceB | other_species1 | recorder | sourceAupdatedURL | sourceBupdatedURL | sourceCupdatedURL | sourceDupdatedURL | species1_common | species1_scientific | species2_common | species2_scientific | uncertain_interaction",26,TRUE,2024-10-24 18:56:20,"schema_1"
"C:/Users/kelly/OneDrive - Michigan State University/Research/MetaNetworksProject/MetaNetworksProject-Working/L0/taxa_checked_raw/Urile_penicillatus_EP_IH.csv","BOW_evidence | effect_sp1_on_sp2 | effect_sp2_on_sp1 | entry_changes | entry_date | interaction | n_studies | name_changes | nonbreedingseason | notesA | notesB | notesC | notesD | OLDsourceA | OLDsourceB | other_species1 | recorder | sourceAupdatedURL | sourceBupdatedURL | sourceCupdatedURL | sourceDupdatedURL | species1_common | species1_scientific | species2_common | species2_scientific | uncertain_interaction",26,TRUE,2024-12-05 18:58:25,"schema_1"
"C:/Users/kelly/OneDrive - Michigan State University/Research/MetaNetworksProject/MetaNetworksProject-Working/L0/taxa_checked_raw/Urile_urile_MA_CR.csv","BOW_evidence | effect_sp1_on_sp2 | effect_sp2_on_sp1 | entry_changes | entry_date | interaction | n_studies | name_changes | nonbreedingseason | notesA | notesB | notesC | notesD | OLDsourceA | OLDsourceB | other_species1 | recorder | sourceAupdatedURL | sourceBupdatedURL | sourceCupdatedURL | sourceDupdatedURL | species1_common | species1_scientific | species2_common | species2_scientific | uncertain_interaction",26,TRUE,2025-09-11 15:54:58,"schema_1"
"C:/Users/kelly/OneDrive - Michigan State University/Research/MetaNetworksProject/MetaNetworksProject-Working/L0/taxa_checked_raw/Urodynamis_taitensis_CR_EP.csv","BOW_evidence | effect_sp1_on_sp2 | effect_sp2_on_sp1 | entry_changes | entry_date | interaction | n_studies | name_changes | nonbreedingseason | notesA | notesB | notesC | notesD | OLDsourceA | OLDsourceB | other_species1 | recorder | sourceAupdatedURL | sourceBupdatedURL | sourceCupdatedURL | sourceDupdatedURL | species1_common | species1_scientific | species2_common | species2_scientific | uncertain_interaction",26,TRUE,2026-08-24 15:10:47,"schema_1"
"C:/Users/kelly/OneDrive - Michigan State University/Research/MetaNetworksProject/MetaNetworksProject-Working/L0/taxa_checked_raw/Uropsila_leucogastra_VS_CR.csv","breeding_migration | DatabaseSearchURL | effect_sp1_on_sp2 | effect_sp2_on_sp1 | entry_changes | entry_date | interaction | interaction_strength | name_changes | other_species1 | recorder | source_citation | source_URL | species1_common | species1_lifestage | species1_scientific | species2_common | species2_lifestage | species2_scientific | text_excerpt | time_of_year | uncertain_interaction",22,TRUE,2025-10-28 15:26:10,"schema_3"
"C:/Users/kelly/OneDrive - Michigan State University/Research/MetaNetworksProject/MetaNetworksProject-Working/L0/taxa_checked_raw/Vermivora_bachmanii_MA_IH.csv","BOW_evidence | effect_sp1_on_sp2 | effect_sp2_on_sp1 | entry_changes | entry_date | interaction | n_studies | name_changes | nonbreedingseason | notesA | notesB | notesC | notesD | OLDsourceA | OLDsourceB | other_species1 | recorder | sourceAupdatedURL | sourceBupdatedURL | sourceCupdatedURL | sourceDupdatedURL | species1_common | species1_scientific | species2_common | species2_scientific | uncertain_interaction",26,TRUE,2024-09-11 18:10:38,"schema_1"
"C:/Users/kelly/OneDrive - Michigan State University/Research/MetaNetworksProject/MetaNetworksProject-Working/L0/taxa_checked_raw/Vermivora_chrysoptera_EP_IH.csv","BOW_evidence | effect_sp1_on_sp2 | effect_sp2_on_sp1 | entry_changes | entry_date | interaction | n_studies | name_changes | nonbreedingseason | notesA | notesB | notesC | notesD | OLDsourceA | OLDsourceB | other_species1 | recorder | sourceAupdatedURL | sourceBupdatedURL | sourceCupdatedURL | sourceDupdatedURL | species1_common | species1_scientific | species2_common | species2_scientific | uncertain_interaction",26,TRUE,2024-07-12 20:42:09,"schema_1"
"C:/Users/kelly/OneDrive - Michigan State University/Research/MetaNetworksProject/MetaNetworksProject-Working/L0/taxa_checked_raw/Vermivora_cyanoptera_EP_IH.csv","BOW_evidence | effect_sp1_on_sp2 | effect_sp2_on_sp1 | entry_changes | entry_date | interaction | n_studies | name_changes | nonbreedingseason | notesA | notesB | notesC | notesD | OLDsourceA | OLDsourceB | other_species1 | recorder | sourceAupdatedURL | sourceBupdatedURL | sourceCupdatedURL | sourceDupdatedURL | species1_common | species1_scientific | species2_common | species2_scientific | uncertain_interaction",26,TRUE,2024-08-03 16:37:14,"schema_1"
"C:/Users/kelly/OneDrive - Michigan State University/Research/MetaNetworksProject/MetaNetworksProject-Working/L0/taxa_checked_raw/Vidua_camerunensis_GD_EP.csv","BOW_evidence | effect_sp1_on_sp2 | effect_sp2_on_sp1 | entry_changes | entry_date | interaction | n_studies | name_changes | nonbreedingseason | notesA | notesB | notesC | notesD | OLDsourceA | OLDsourceB | other_species1 | recorder | sourceAupdatedURL | sourceBupdatedURL | sourceCupdatedURL | sourceDupdatedURL | species1_common | species1_scientific | species2_common | species2_scientific | uncertain_interaction",26,TRUE,2026-08-24 15:10:47,"schema_1"
"C:/Users/kelly/OneDrive - Michigan State University/Research/MetaNetworksProject/MetaNetworksProject-Working/L0/taxa_checked_raw/Vidua_chalybeata_GD_EP.csv","BOW_evidence | effect_sp1_on_sp2 | effect_sp2_on_sp1 | entry_changes | entry_date | interaction | n_studies | name_changes | nonbreedingseason | notesA | notesB | notesC | notesD | OLDsourceA | OLDsourceB | other_species1 | recorder | sourceAupdatedURL | sourceBupdatedURL | sourceCupdatedURL | sourceDupdatedURL | species1_common | species1_scientific | species2_common | species2_scientific | uncertain_interaction",26,TRUE,2026-08-24 15:10:47,"schema_1"
"C:/Users/kelly/OneDrive - Michigan State University/Research/MetaNetworksProject/MetaNetworksProject-Working/L0/taxa_checked_raw/Vidua_codringtoni_CR_EP.csv","BOW_evidence | effect_sp1_on_sp2 | effect_sp2_on_sp1 | entry_changes | entry_date | interaction | n_studies | name_changes | nonbreedingseason | notesA | notesB | notesC | notesD | OLDsourceA | OLDsourceB | other_species1 | recorder | sourceAupdatedURL | sourceBupdatedURL | sourceCupdatedURL | sourceDupdatedURL | species1_common | species1_scientific | species2_common | species2_scientific | uncertain_interaction",26,TRUE,2026-08-24 15:10:47,"schema_1"
"C:/Users/kelly/OneDrive - Michigan State University/Research/MetaNetworksProject/MetaNetworksProject-Working/L0/taxa_checked_raw/Vidua_fischeri_GD_EP.csv","BOW_evidence | effect_sp1_on_sp2 | effect_sp2_on_sp1 | entry_changes | entry_date | interaction | n_studies | name_changes | nonbreedingseason | notesA | notesB | notesC | notesD | OLDsourceA | OLDsourceB | other_species1 | recorder | sourceAupdatedURL | sourceBupdatedURL | sourceCupdatedURL | sourceDupdatedURL | species1_common | species1_scientific | species2_common | species2_scientific | uncertain_interaction",26,TRUE,2026-08-24 15:10:47,"schema_1"
"C:/Users/kelly/OneDrive - Michigan State University/Research/MetaNetworksProject/MetaNetworksProject-Working/L0/taxa_checked_raw/Vidua_funerea_GD_EP.csv","BOW_evidence | effect_sp1_on_sp2 | effect_sp2_on_sp1 | entry_changes | entry_date | interaction | n_studies | name_changes | nonbreedingseason | notesA | notesB | notesC | notesD | OLDsourceA | OLDsourceB | other_species1 | recorder | sourceAupdatedURL | sourceBupdatedURL | sourceCupdatedURL | sourceDupdatedURL | species1_common | species1_scientific | species2_common | species2_scientific | uncertain_interaction",26,TRUE,2026-08-24 15:10:47,"schema_1"
"C:/Users/kelly/OneDrive - Michigan State University/Research/MetaNetworksProject/MetaNetworksProject-Working/L0/taxa_checked_raw/Vidua_hypocherina_GD_EP.csv","BOW_evidence | effect_sp1_on_sp2 | effect_sp2_on_sp1 | entry_changes | entry_date | interaction | n_studies | name_changes | nonbreedingseason | notesA | notesB | notesC | notesD | OLDsourceA | OLDsourceB | other_species1 | recorder | sourceAupdatedURL | sourceBupdatedURL | sourceCupdatedURL | sourceDupdatedURL | species1_common | species1_scientific | species2_common | species2_scientific | uncertain_interaction",26,TRUE,2026-08-24 15:10:47,"schema_1"
"C:/Users/kelly/OneDrive - Michigan State University/Research/MetaNetworksProject/MetaNetworksProject-Working/L0/taxa_checked_raw/Vidua_interjecta_CR_EP.csv","BOW_evidence | effect_sp1_on_sp2 | effect_sp2_on_sp1 | entry_changes | entry_date | interaction | n_studies | name_changes | nonbreedingseason | notesA | notesB | notesC | notesD | OLDsourceA | OLDsourceB | other_species1 | recorder | sourceAupdatedURL | sourceBupdatedURL | sourceCupdatedURL | sourceDupdatedURL | species1_common | species1_scientific | species2_common | species2_scientific | uncertain_interaction",26,TRUE,2026-08-24 15:10:47,"schema_1"
"C:/Users/kelly/OneDrive - Michigan State University/Research/MetaNetworksProject/MetaNetworksProject-Working/L0/taxa_checked_raw/Vidua_larvaticola_GD_EP.csv","BOW_evidence | effect_sp1_on_sp2 | effect_sp2_on_sp1 | entry_changes | entry_date | interaction | n_studies | name_changes | nonbreedingseason | notesA | notesB | notesC | notesD | OLDsourceA | OLDsourceB | other_species1 | recorder | sourceAupdatedURL | sourceBupdatedURL | sourceCupdatedURL | sourceDupdatedURL | species1_common | species1_scientific | species2_common | species2_scientific | uncertain_interaction",26,TRUE,2026-08-24 15:10:47,"schema_1"
"C:/Users/kelly/OneDrive - Michigan State University/Research/MetaNetworksProject/MetaNetworksProject-Working/L0/taxa_checked_raw/Vidua_macroura_IH_CR_EP.csv","BOW_evidence | effect_sp1_on_sp2 | effect_sp2_on_sp1 | entry_changes | entry_date | interaction | n_studies | name_changes | nonbreedingseason | notesA | notesB | notesC | notesD | OLDsourceA | OLDsourceB | other_species1 | recorder | sourceAupdatedURL | sourceBupdatedURL | sourceCupdatedURL | sourceDupdatedURL | species1_common | species1_scientific | species2_common | species2_scientific | uncertain_interaction",26,TRUE,2026-08-24 15:10:47,"schema_1"
"C:/Users/kelly/OneDrive - Michigan State University/Research/MetaNetworksProject/MetaNetworksProject-Working/L0/taxa_checked_raw/Vidua_maryae_GD_EP.csv","BOW_evidence | effect_sp1_on_sp2 | effect_sp2_on_sp1 | entry_changes | entry_date | interaction | n_studies | name_changes | nonbreedingseason | notesA | notesB | notesC | notesD | OLDsourceA | OLDsourceB | other_species1 | recorder | sourceAupdatedURL | sourceBupdatedURL | sourceCupdatedURL | sourceDupdatedURL | species1_common | species1_scientific | species2_common | species2_scientific | uncertain_interaction",26,TRUE,2026-08-24 15:10:47,"schema_1"
"C:/Users/kelly/OneDrive - Michigan State University/Research/MetaNetworksProject/MetaNetworksProject-Working/L0/taxa_checked_raw/Vidua_nigeriae_GD_EP.csv","BOW_evidence | effect_sp1_on_sp2 | effect_sp2_on_sp1 | entry_changes | entry_date | interaction | n_studies | name_changes | nonbreedingseason | notesA | notesB | notesC | notesD | OLDsourceA | OLDsourceB | other_species1 | recorder | sourceAupdatedURL | sourceBupdatedURL | sourceCupdatedURL | sourceDupdatedURL | species1_common | species1_scientific | species2_common | species2_scientific | uncertain_interaction",26,TRUE,2026-08-24 15:10:47,"schema_1"
"C:/Users/kelly/OneDrive - Michigan State University/Research/MetaNetworksProject/MetaNetworksProject-Working/L0/taxa_checked_raw/Vidua_obtusa_CR_EP.csv","BOW_evidence | effect_sp1_on_sp2 | effect_sp2_on_sp1 | entry_changes | entry_date | interaction | n_studies | name_changes | nonbreedingseason | notesA | notesB | notesC | notesD | OLDsourceA | OLDsourceB | other_species1 | recorder | sourceAupdatedURL | sourceBupdatedURL | sourceCupdatedURL | sourceDupdatedURL | species1_common | species1_scientific | species2_common | species2_scientific | uncertain_interaction",26,TRUE,2026-08-24 15:10:47,"schema_1"
"C:/Users/kelly/OneDrive - Michigan State University/Research/MetaNetworksProject/MetaNetworksProject-Working/L0/taxa_checked_raw/Vidua_orientalis_CR_EP.csv","BOW_evidence | effect_sp1_on_sp2 | effect_sp2_on_sp1 | entry_changes | entry_date | interaction | n_studies | name_changes | nonbreedingseason | notesA | notesB | notesC | notesD | OLDsourceA | OLDsourceB | other_species1 | recorder | sourceAupdatedURL | sourceBupdatedURL | sourceCupdatedURL | sourceDupdatedURL | species1_common | species1_scientific | species2_common | species2_scientific | uncertain_interaction",26,TRUE,2026-08-24 15:10:47,"schema_1"
"C:/Users/kelly/OneDrive - Michigan State University/Research/MetaNetworksProject/MetaNetworksProject-Working/L0/taxa_checked_raw/Vidua_paradisaea_GD_EP.csv","BOW_evidence | effect_sp1_on_sp2 | effect_sp2_on_sp1 | entry_changes | entry_date | interaction | n_studies | name_changes | nonbreedingseason | notesA | notesB | notesC | notesD | OLDsourceA | OLDsourceB | other_species1 | recorder | sourceAupdatedURL | sourceBupdatedURL | sourceCupdatedURL | sourceDupdatedURL | species1_common | species1_scientific | species2_common | species2_scientific | uncertain_interaction",26,TRUE,2026-08-24 15:10:47,"schema_1"
"C:/Users/kelly/OneDrive - Michigan State University/Research/MetaNetworksProject/MetaNetworksProject-Working/L0/taxa_checked_raw/Vidua_purpurascens_GD_EP.csv","BOW_evidence | effect_sp1_on_sp2 | effect_sp2_on_sp1 | entry_changes | entry_date | interaction | n_studies | name_changes | nonbreedingseason | notesA | notesB | notesC | notesD | OLDsourceA | OLDsourceB | other_species1 | recorder | sourceAupdatedURL | sourceBupdatedURL | sourceCupdatedURL | sourceDupdatedURL | species1_common | species1_scientific | species2_common | species2_scientific | uncertain_interaction",26,TRUE,2026-08-24 15:10:47,"schema_1"
"C:/Users/kelly/OneDrive - Michigan State University/Research/MetaNetworksProject/MetaNetworksProject-Working/L0/taxa_checked_raw/Vidua_raricola_GD_EP.csv","BOW_evidence | effect_sp1_on_sp2 | effect_sp2_on_sp1 | entry_changes | entry_date | interaction | n_studies | name_changes | nonbreedingseason | notesA | notesB | notesC | notesD | OLDsourceA | OLDsourceB | other_species1 | recorder | sourceAupdatedURL | sourceBupdatedURL | sourceCupdatedURL | sourceDupdatedURL | species1_common | species1_scientific | species2_common | species2_scientific | uncertain_interaction",26,TRUE,2026-08-24 15:10:47,"schema_1"
"C:/Users/kelly/OneDrive - Michigan State University/Research/MetaNetworksProject/MetaNetworksProject-Working/L0/taxa_checked_raw/Vidua_regia_GD_EP.csv","BOW_evidence | effect_sp1_on_sp2 | effect_sp2_on_sp1 | entry_changes | entry_date | interaction | n_studies | name_changes | nonbreedingseason | notesA | notesB | notesC | notesD | OLDsourceA | OLDsourceB | other_species1 | recorder | sourceAupdatedURL | sourceBupdatedURL | sourceCupdatedURL | sourceDupdatedURL | species1_common | species1_scientific | species2_common | species2_scientific | uncertain_interaction",26,TRUE,2026-08-24 15:10:47,"schema_1"
"C:/Users/kelly/OneDrive - Michigan State University/Research/MetaNetworksProject/MetaNetworksProject-Working/L0/taxa_checked_raw/Vidua_togoensis_CR_EP.csv","BOW_evidence | effect_sp1_on_sp2 | effect_sp2_on_sp1 | entry_changes | entry_date | interaction | n_studies | name_changes | nonbreedingseason | notesA | notesB | notesC | notesD | OLDsourceA | OLDsourceB | other_species1 | recorder | sourceAupdatedURL | sourceBupdatedURL | sourceCupdatedURL | sourceDupdatedURL | species1_common | species1_scientific | species2_common | species2_scientific | uncertain_interaction",26,TRUE,2026-08-24 15:10:47,"schema_1"
"C:/Users/kelly/OneDrive - Michigan State University/Research/MetaNetworksProject/MetaNetworksProject-Working/L0/taxa_checked_raw/Vidua_wilsoni_GD_EP.csv","BOW_evidence | effect_sp1_on_sp2 | effect_sp2_on_sp1 | entry_changes | entry_date | interaction | n_studies | name_changes | nonbreedingseason | notesA | notesB | notesC | notesD | OLDsourceA | OLDsourceB | other_species1 | recorder | sourceAupdatedURL | sourceBupdatedURL | sourceCupdatedURL | sourceDupdatedURL | species1_common | species1_scientific | species2_common | species2_scientific | uncertain_interaction",26,TRUE,2026-08-24 15:10:47,"schema_1"
"C:/Users/kelly/OneDrive - Michigan State University/Research/MetaNetworksProject/MetaNetworksProject-Working/L0/taxa_checked_raw/Vireo_altiloquus_EP_IH.csv","BOW_evidence | effect_sp1_on_sp2 | effect_sp2_on_sp1 | entry_changes | entry_date | interaction | n_studies | name_changes | nonbreedingseason | notesA | notesB | notesC | notesD | OLDsourceA | OLDsourceB | other_species1 | recorder | sourceAupdatedURL | sourceBupdatedURL | sourceCupdatedURL | sourceDupdatedURL | species1_common | species1_scientific | species2_common | species2_scientific | uncertain_interaction",26,TRUE,2024-10-17 18:38:12,"schema_1"
"C:/Users/kelly/OneDrive - Michigan State University/Research/MetaNetworksProject/MetaNetworksProject-Working/L0/taxa_checked_raw/vireo_atricapilla.csv","BOW_evidence | effect_sp1_on_sp2 | effect_sp2_on_sp1 | entry_changes | entry_date | interaction | n_studies | nonbreedingseason | notesA | notesB | notesC | notesD | OLDsourceA | OLDsourceB | recorder | sourceAupdatedURL | sourceBupdatedURL | sourceCupdatedURL | sourceDupdatedURL | species1_common | species1_scientific | species2_common | species2_scientific | uncertain_interaction",24,TRUE,2026-08-24 15:10:47,"schema_2"
"C:/Users/kelly/OneDrive - Michigan State University/Research/MetaNetworksProject/MetaNetworksProject-Working/L0/taxa_checked_raw/vireo_bellii.csv","BOW_evidence | effect_sp1_on_sp2 | effect_sp2_on_sp1 | entry_changes | entry_date | interaction | n_studies | nonbreedingseason | notesA | notesB | notesC | notesD | OLDsourceA | OLDsourceB | recorder | sourceAupdatedURL | sourceBupdatedURL | sourceCupdatedURL | sourceDupdatedURL | species1_common | species1_scientific | species2_common | species2_scientific | uncertain_interaction",24,TRUE,2022-12-07 17:56:33,"schema_2"
"C:/Users/kelly/OneDrive - Michigan State University/Research/MetaNetworksProject/MetaNetworksProject-Working/L0/taxa_checked_raw/Vireo_cassinii_CR_EP.csv","BOW_evidence | effect_sp1_on_sp2 | effect_sp2_on_sp1 | entry_changes | entry_date | interaction | n_studies | name_changes | nonbreedingseason | notesA | notesB | notesC | notesD | OLDsourceA | OLDsourceB | other_species1 | recorder | sourceAupdatedURL | sourceBupdatedURL | sourceCupdatedURL | sourceDupdatedURL | species1_common | species1_scientific | species2_common | species2_scientific | uncertain_interaction",26,TRUE,2026-08-24 15:10:47,"schema_1"
"C:/Users/kelly/OneDrive - Michigan State University/Research/MetaNetworksProject/MetaNetworksProject-Working/L0/taxa_checked_raw/Vireo_flavifrons_EP_IH.csv","BOW_evidence | effect_sp1_on_sp2 | effect_sp2_on_sp1 | entry_changes | entry_date | interaction | n_studies | name_changes | nonbreedingseason | notesA | notesB | notesC | notesD | OLDsourceA | OLDsourceB | other_species1 | recorder | sourceAupdatedURL | sourceBupdatedURL | sourceCupdatedURL | sourceDupdatedURL | species1_common | species1_scientific | species2_common | species2_scientific | uncertain_interaction",26,TRUE,2024-08-01 19:31:36,"schema_1"
"C:/Users/kelly/OneDrive - Michigan State University/Research/MetaNetworksProject/MetaNetworksProject-Working/L0/taxa_checked_raw/Vireo_flavoviridis_CR_PLZ.csv","BOW_evidence | effect_sp1_on_sp2 | effect_sp2_on_sp1 | entry_changes | entry_date | interaction | n_studies | name_changes | nonbreedingseason | notesA | notesB | notesC | notesD | OLDsourceA | OLDsourceB | other_species1 | recorder | sourceAupdatedURL | sourceBupdatedURL | sourceCupdatedURL | sourceDupdatedURL | species1_common | species1_scientific | species2_common | species2_scientific | uncertain_interaction",26,TRUE,2026-08-24 15:10:47,"schema_1"
"C:/Users/kelly/OneDrive - Michigan State University/Research/MetaNetworksProject/MetaNetworksProject-Working/L0/taxa_checked_raw/Vireo_gilvus_EP_IH.csv","BOW_evidence | effect_sp1_on_sp2 | effect_sp2_on_sp1 | entry_changes | entry_date | interaction | n_studies | name_changes | nonbreedingseason | notesA | notesB | notesC | notesD | OLDsourceA | OLDsourceB | other_species1 | recorder | sourceAupdatedURL | sourceBupdatedURL | sourceCupdatedURL | sourceDupdatedURL | species1_common | species1_scientific | species2_common | species2_scientific | uncertain_interaction",26,TRUE,2024-10-17 18:08:46,"schema_1"
"C:/Users/kelly/OneDrive - Michigan State University/Research/MetaNetworksProject/MetaNetworksProject-Working/L0/taxa_checked_raw/vireo_griseus.csv","BOW_evidence | effect_sp1_on_sp2 | effect_sp2_on_sp1 | entry_changes | entry_date | interaction | n_studies | nonbreedingseason | notesA | notesB | notesC | notesD | OLDsourceA | OLDsourceB | recorder | sourceAupdatedURL | sourceBupdatedURL | sourceCupdatedURL | sourceDupdatedURL | species1_common | species1_scientific | species2_common | species2_scientific | uncertain_interaction",24,TRUE,2022-12-07 17:56:33,"schema_2"
"C:/Users/kelly/OneDrive - Michigan State University/Research/MetaNetworksProject/MetaNetworksProject-Working/L0/taxa_checked_raw/vireo_huttoni.csv","BOW_evidence | effect_sp1_on_sp2 | effect_sp2_on_sp1 | entry_changes | entry_date | interaction | n_studies | nonbreedingseason | notesA | notesB | notesC | notesD | OLDsourceA | OLDsourceB | recorder | sourceAupdatedURL | sourceBupdatedURL | sourceCupdatedURL | sourceDupdatedURL | species1_common | species1_scientific | species2_common | species2_scientific | uncertain_interaction",24,TRUE,2022-12-07 17:56:33,"schema_2"
"C:/Users/kelly/OneDrive - Michigan State University/Research/MetaNetworksProject/MetaNetworksProject-Working/L0/taxa_checked_raw/Vireo_olivaceus_EP_IH.csv","BOW_evidence | effect_sp1_on_sp2 | effect_sp2_on_sp1 | entry_changes | entry_date | interaction | n_studies | name_changes | nonbreedingseason | notesA | notesB | notesC | notesD | OLDsourceA | OLDsourceB | other_species1 | recorder | sourceAupdatedURL | sourceBupdatedURL | sourceCupdatedURL | sourceDupdatedURL | species1_common | species1_scientific | species2_common | species2_scientific | uncertain_interaction",26,TRUE,2024-10-30 18:55:09,"schema_1"
"C:/Users/kelly/OneDrive - Michigan State University/Research/MetaNetworksProject/MetaNetworksProject-Working/L0/taxa_checked_raw/Vireo_philadelphicus_EP_IH.csv","BOW_evidence | effect_sp1_on_sp2 | effect_sp2_on_sp1 | entry_changes | entry_date | interaction | n_studies | name_changes | nonbreedingseason | notesA | notesB | notesC | notesD | OLDsourceA | OLDsourceB | other_species1 | recorder | sourceAupdatedURL | sourceBupdatedURL | sourceCupdatedURL | sourceDupdatedURL | species1_common | species1_scientific | species2_common | species2_scientific | uncertain_interaction",26,TRUE,2024-08-03 16:56:44,"schema_1"
"C:/Users/kelly/OneDrive - Michigan State University/Research/MetaNetworksProject/MetaNetworksProject-Working/L0/taxa_checked_raw/Vireo_plumbeus_EP_IH.csv","BOW_evidence | effect_sp1_on_sp2 | effect_sp2_on_sp1 | entry_changes | entry_date | interaction | n_studies | name_changes | nonbreedingseason | notesA | notesB | notesC | notesD | OLDsourceA | OLDsourceB | other_species1 | recorder | sourceAupdatedURL | sourceBupdatedURL | sourceCupdatedURL | sourceDupdatedURL | species1_common | species1_scientific | species2_common | species2_scientific | uncertain_interaction",26,TRUE,2024-10-31 16:26:13,"schema_1"
"C:/Users/kelly/OneDrive - Michigan State University/Research/MetaNetworksProject/MetaNetworksProject-Working/L0/taxa_checked_raw/Vireo_solitarius_EP_IH.csv","BOW_evidence | effect_sp1_on_sp2 | effect_sp2_on_sp1 | entry_changes | entry_date | interaction | n_studies | name_changes | nonbreedingseason | notesA | notesB | notesC | notesD | OLDsourceA | OLDsourceB | other_species1 | recorder | sourceAupdatedURL | sourceBupdatedURL | sourceCupdatedURL | sourceDupdatedURL | species1_common | species1_scientific | species2_common | species2_scientific | uncertain_interaction",26,TRUE,2026-02-05 01:52:33,"schema_1"
"C:/Users/kelly/OneDrive - Michigan State University/Research/MetaNetworksProject/MetaNetworksProject-Working/L0/taxa_checked_raw/Vireo_vicinior_EP_IH.csv","BOW_evidence | effect_sp1_on_sp2 | effect_sp2_on_sp1 | entry_changes | entry_date | interaction | n_studies | name_changes | nonbreedingseason | notesA | notesB | notesC | notesD | OLDsourceA | OLDsourceB | other_species1 | recorder | sourceAupdatedURL | sourceBupdatedURL | sourceCupdatedURL | sourceDupdatedURL | species1_common | species1_scientific | species2_common | species2_scientific | uncertain_interaction",26,TRUE,2025-02-21 17:08:41,"schema_1"
"C:/Users/kelly/OneDrive - Michigan State University/Research/MetaNetworksProject/MetaNetworksProject-Working/L0/taxa_checked_raw/Xanthocephalus_xanthocephalus_EP_IH.csv","BOW_evidence | effect_sp1_on_sp2 | effect_sp2_on_sp1 | entry_changes | entry_date | interaction | n_studies | name_changes | nonbreedingseason | notesA | notesB | notesC | notesD | OLDsourceA | OLDsourceB | other_species1 | recorder | sourceAupdatedURL | sourceBupdatedURL | sourceCupdatedURL | sourceDupdatedURL | species1_common | species1_scientific | species2_common | species2_scientific | uncertain_interaction",26,TRUE,2025-01-24 17:34:47,"schema_1"
"C:/Users/kelly/OneDrive - Michigan State University/Research/MetaNetworksProject/MetaNetworksProject-Working/L0/taxa_checked_raw/Xema_sabini_EP_IH.csv","BOW_evidence | effect_sp1_on_sp2 | effect_sp2_on_sp1 | entry_changes | entry_date | interaction | n_studies | name_changes | nonbreedingseason | notesA | notesB | notesC | notesD | OLDsourceA | OLDsourceB | other_species1 | recorder | sourceAupdatedURL | sourceBupdatedURL | sourceCupdatedURL | sourceDupdatedURL | species1_common | species1_scientific | species2_common | species2_scientific | uncertain_interaction",26,TRUE,2026-06-05 19:58:03,"schema_1"
"C:/Users/kelly/OneDrive - Michigan State University/Research/MetaNetworksProject/MetaNetworksProject-Working/L0/taxa_checked_raw/Xiphorhynchus_ flavigaster_AJ_IH.csv","BOW_evidence | effect_sp1_on_sp2 | effect_sp2_on_sp1 | entry_changes | entry_date | interaction | n_studies | name_changes | nonbreedingseason | notesA | notesB | notesC | notesD | OLDsourceA | OLDsourceB | other_species1 | recorder | sourceAupdatedURL | sourceBupdatedURL | sourceCupdatedURL | sourceDupdatedURL | species1_common | species1_scientific | species2_common | species2_scientific | uncertain_interaction",26,FALSE,2024-10-28 19:05:38,"schema_1"
"C:/Users/kelly/OneDrive - Michigan State University/Research/MetaNetworksProject/MetaNetworksProject-Working/L0/taxa_checked_raw/zenaida_asiatica.csv","BOW_evidence | effect_sp1_on_sp2 | effect_sp2_on_sp1 | entry_changes | entry_date | interaction | n_studies | nonbreedingseason | notesA | notesB | notesC | notesD | OLDsourceA | OLDsourceB | recorder | sourceAupdatedURL | sourceBupdatedURL | sourceCupdatedURL | sourceDupdatedURL | species1_common | species1_scientific | species2_common | species2_scientific | uncertain_interaction",24,TRUE,2022-12-07 17:56:33,"schema_2"
"C:/Users/kelly/OneDrive - Michigan State University/Research/MetaNetworksProject/MetaNetworksProject-Working/L0/taxa_checked_raw/zenaida_macroura.csv","BOW_evidence | effect_sp1_on_sp2 | effect_sp2_on_sp1 | entry_changes | entry_date | interaction | n_studies | nonbreedingseason | notesA | notesB | notesC | notesD | OLDsourceA | OLDsourceB | recorder | sourceAupdatedURL | sourceBupdatedURL | sourceCupdatedURL | sourceDupdatedURL | species1_common | species1_scientific | species2_common | species2_scientific | uncertain_interaction",24,TRUE,2022-12-07 17:56:33,"schema_2"
"C:/Users/kelly/OneDrive - Michigan State University/Research/MetaNetworksProject/MetaNetworksProject-Working/L0/taxa_checked_raw/Zonotrichia_albicollis_EP_PLZ.csv","BOW_evidence | effect_sp1_on_sp2 | effect_sp2_on_sp1 | entry_changes | entry_date | interaction | n_studies | name_changes | nonbreedingseason | notesA | notesB | notesC | notesD | OLDsourceA | OLDsourceB | other_species1 | recorder | sourceAupdatedURL | sourceBupdatedURL | sourceCupdatedURL | sourceDupdatedURL | species1_common | species1_scientific | species2_common | species2_scientific | uncertain_interaction",26,TRUE,2026-08-24 15:10:47,"schema_1"
"C:/Users/kelly/OneDrive - Michigan State University/Research/MetaNetworksProject/MetaNetworksProject-Working/L0/taxa_checked_raw/Zonotrichia_atricapilla_EP_PLZ.csv","BOW_evidence | effect_sp1_on_sp2 | effect_sp2_on_sp1 | entry_changes | entry_date | interaction | n_studies | name_changes | nonbreedingseason | notesA | notesB | notesC | notesD | OLDsourceA | OLDsourceB | other_species1 | recorder | sourceAupdatedURL | sourceBupdatedURL | sourceCupdatedURL | sourceDupdatedURL | species1_common | species1_scientific | species2_common | species2_scientific | uncertain_interaction",26,TRUE,2026-08-24 15:10:47,"schema_1"
"C:/Users/kelly/OneDrive - Michigan State University/Research/MetaNetworksProject/MetaNetworksProject-Working/L0/taxa_checked_raw/zonotrichia_leucophrys.csv","BOW_evidence | effect_sp1_on_sp2 | effect_sp2_on_sp1 | entry_changes | entry_date | interaction | n_studies | nonbreedingseason | notesA | notesB | notesC | notesD | OLDsourceA | OLDsourceB | recorder | sourceAupdatedURL | sourceBupdatedURL | sourceCupdatedURL | sourceDupdatedURL | species1_common | species1_scientific | species2_common | species2_scientific | uncertain_interaction",24,TRUE,2022-12-07 17:56:33,"schema_2"
"C:/Users/kelly/OneDrive - Michigan State University/Research/MetaNetworksProject/MetaNetworksProject-Working/L0/taxa_checked_raw/Zonotrichia_querula_EP_IH.csv","BOW_evidence | effect_sp1_on_sp2 | effect_sp2_on_sp1 | entry_changes | entry_date | interaction | n_studies | name_changes | nonbreedingseason | notesA | notesB | notesC | notesD | OLDsourceA | OLDsourceB | other_species1 | recorder | sourceAupdatedURL | sourceBupdatedURL | sourceCupdatedURL | sourceDupdatedURL | species1_common | species1_scientific | species2_common | species2_scientific | uncertain_interaction",26,TRUE,2024-08-03 17:12:45,"schema_1"
"C:/Users/kelly/OneDrive - Michigan State University/Research/MetaNetworksProject/MetaNetworksProject-Working/L0/taxa_checked_raw/Zosterops_simplex_CR_EP.csv","BOW_evidence | effect_sp1_on_sp2 | effect_sp2_on_sp1 | entry_changes | entry_date | interaction | n_studies | name_changes | nonbreedingseason | notesA | notesB | notesC | notesD | OLDsourceA | OLDsourceB | other_species1 | recorder | sourceAupdatedURL | sourceBupdatedURL | sourceCupdatedURL | sourceDupdatedURL | species1_common | species1_scientific | species2_common | species2_scientific | uncertain_interaction",26,TRUE,2026-08-24 15:10:47,"schema_1"
"C:/Users/kelly/OneDrive - Michigan State University/Research/MetaNetworksProject/MetaNetworksProject-Working/L0/taxa_to_check/Abeillia_abeillei_AJ.csv","BOW_evidence | effect_sp1_on_sp2 | effect_sp2_on_sp1 | entry_changes | entry_date | interaction | n_studies | name_changes | nonbreedingseason | notesA | notesB | notesC | notesD | OLDsourceA | OLDsourceB | other_species1 | recorder | sourceAupdatedURL | sourceBupdatedURL | sourceCupdatedURL | sourceDupdatedURL | species1_common | species1_scientific | species2_common | species2_scientific | uncertain_interaction",26,TRUE,2026-08-24 15:10:47,"schema_1"
"C:/Users/kelly/OneDrive - Michigan State University/Research/MetaNetworksProject/MetaNetworksProject-Working/L0/taxa_to_check/accipiter_atricapillus_CR.csv","BOW_evidence | effect_sp1_on_sp2 | effect_sp2_on_sp1 | entry_changes | entry_date | interaction | n_studies | name_changes | nonbreedingseason | notesA | notesB | notesC | notesD | OLDsourceA | OLDsourceB | other_species1 | recorder | sourceAupdatedURL | sourceBupdatedURL | sourceCupdatedURL | sourceDupdatedURL | species1_common | species1_scientific | species2_common | species2_scientific | uncertain_interaction",26,TRUE,2026-08-24 15:10:47,"schema_1"
"C:/Users/kelly/OneDrive - Michigan State University/Research/MetaNetworksProject/MetaNetworksProject-Working/L0/taxa_to_check/Accipiter_bicolor_AF.csv","BOW_evidence | effect_sp1_on_sp2 | effect_sp2_on_sp1 | entry_changes | entry_date | interaction | n_studies | name_changes | nonbreedingseason | notesA | notesB | notesC | notesD | OLDsourceA | OLDsourceB | other_species1 | recorder | sourceAupdatedURL | sourceBupdatedURL | sourceCupdatedURL | sourceDupdatedURL | species1_common | species1_scientific | species2_common | species2_scientific | uncertain_interaction",26,TRUE,2026-08-24 15:10:47,"schema_1"
"C:/Users/kelly/OneDrive - Michigan State University/Research/MetaNetworksProject/MetaNetworksProject-Working/L0/taxa_to_check/Aegolius_ridgwayi_AJ.csv","BOW_evidence | effect_sp1_on_sp2 | effect_sp2_on_sp1 | entry_changes | entry_date | interaction | n_studies | name_changes | nonbreedingseason | notesA | notesB | notesC | notesD | OLDsourceA | OLDsourceB | other_species1 | recorder | sourceAupdatedURL | sourceBupdatedURL | sourceCupdatedURL | sourceDupdatedURL | species1_common | species1_scientific | species2_common | species2_scientific | uncertain_interaction",26,TRUE,2026-08-24 15:10:47,"schema_1"
"C:/Users/kelly/OneDrive - Michigan State University/Research/MetaNetworksProject/MetaNetworksProject-Working/L0/taxa_to_check/Agamia_agami_AF.csv","BOW_evidence | effect_sp1_on_sp2 | effect_sp2_on_sp1 | entry_changes | entry_date | interaction | n_studies | name_changes | nonbreedingseason | notesA | notesB | notesC | notesD | OLDsourceA | OLDsourceB | other_species1 | recorder | sourceAupdatedURL | sourceBupdatedURL | sourceCupdatedURL | sourceDupdatedURL | species1_common | species1_scientific | species2_common | species2_scientific | uncertain_interaction",26,TRUE,2026-08-24 15:10:47,"schema_1"
"C:/Users/kelly/OneDrive - Michigan State University/Research/MetaNetworksProject/MetaNetworksProject-Working/L0/taxa_to_check/Aimophila_notosticta_VS.csv","breeding_migration | DatabaseSearchURL | effect_sp1_on_sp2 | effect_sp2_on_sp1 | entry_changes | entry_date | interaction | interaction_strength | name_changes | other_species1 | recorder | source_citation | source_URL | species1_common | species1_lifestage | species1_scientific | species2_common | species2_lifestage | species2_scientific | text_excerpt | time_of_year | uncertain_interaction",22,TRUE,2026-08-24 15:10:47,"schema_3"
"C:/Users/kelly/OneDrive - Michigan State University/Research/MetaNetworksProject/MetaNetworksProject-Working/L0/taxa_to_check/Alectoris_chukar.csv","BOW_evidence | effect_sp1_on_sp2 | effect_sp2_on_sp1 | entry_changes | entry_date | interaction | n_studies | nonbreedingseason | notesA | notesB | notesC | notesD | OLDsourceA | OLDsourceB | recorder | sourceAupdatedURL | sourceBupdatedURL | sourceCupdatedURL | sourceDupdatedURL | species1_common | species1_scientific | species2_common | species2_scientific | uncertain_interaction",24,TRUE,2026-08-24 15:10:47,"schema_2"
"C:/Users/kelly/OneDrive - Michigan State University/Research/MetaNetworksProject/MetaNetworksProject-Working/L0/taxa_to_check/Amaurolimnas_concolor_AJ.csv","BOW_evidence | effect_sp1_on_sp2 | effect_sp2_on_sp1 | entry_changes | entry_date | interaction | n_studies | name_changes | nonbreedingseason | notesA | notesB | notesC | notesD | OLDsourceA | OLDsourceB | other_species1 | recorder | sourceAupdatedURL | sourceBupdatedURL | sourceCupdatedURL | sourceDupdatedURL | species1_common | species1_scientific | species2_common | species2_scientific | uncertain_interaction",26,TRUE,2026-08-24 15:10:47,"schema_1"
"C:/Users/kelly/OneDrive - Michigan State University/Research/MetaNetworksProject/MetaNetworksProject-Working/L0/taxa_to_check/Amaurospiza_concolor_VS.csv","country | DatabaseSearchURL | effect_tx1_on_tx2 | effect_tx2_on_tx1 | entry_changes | entry_date | interaction | interaction_excerpt | interaction_strength | location | name_changes | recorder | source_citation | source_URL | taxa1_common | taxa1_lifestage | taxa1_scientific | taxa2_common | taxa2_lifestage | taxa2_scientific | time_of_year | timing_location_excerpt | tx1_life_history_season | tx2_life_history_season | uncertain_interaction | version | year",27,TRUE,2026-08-24 15:10:47,"schema_7"
"C:/Users/kelly/OneDrive - Michigan State University/Research/MetaNetworksProject/MetaNetworksProject-Working/L0/taxa_to_check/Amazilia_ rutila_AJ.csv","BOW_evidence | effect_sp1_on_sp2 | effect_sp2_on_sp1 | entry_changes | entry_date | interaction | n_studies | name_changes | nonbreedingseason | notesA | notesB | notesC | notesD | OLDsourceA | OLDsourceB | other_species1 | recorder | sourceAupdatedURL | sourceBupdatedURL | sourceCupdatedURL | sourceDupdatedURL | species1_common | species1_scientific | species2_common | species2_scientific | uncertain_interaction",26,TRUE,2026-08-24 15:10:47,"schema_1"
"C:/Users/kelly/OneDrive - Michigan State University/Research/MetaNetworksProject/MetaNetworksProject-Working/L0/taxa_to_check/Amazilia_tzacatl_AJ.csv","BOW_evidence | effect_sp1_on_sp2 | effect_sp2_on_sp1 | entry_changes | entry_date | interaction | n_studies | name_changes | nonbreedingseason | notesA | notesB | notesC | notesD | OLDsourceA | OLDsourceB | other_species1 | recorder | sourceAupdatedURL | sourceBupdatedURL | sourceCupdatedURL | sourceDupdatedURL | species1_common | species1_scientific | species2_common | species2_scientific | uncertain_interaction",26,TRUE,2026-08-24 15:10:47,"schema_1"
"C:/Users/kelly/OneDrive - Michigan State University/Research/MetaNetworksProject/MetaNetworksProject-Working/L0/taxa_to_check/Amazona_albifrons_AJ.csv","BOW_evidence | effect_sp1_on_sp2 | effect_sp2_on_sp1 | entry_changes | entry_date | interaction | n_studies | name_changes | nonbreedingseason | notesA | notesB | notesC | notesD | OLDsourceA | OLDsourceB | other_species1 | recorder | sourceAupdatedURL | sourceBupdatedURL | sourceCupdatedURL | sourceDupdatedURL | species1_common | species1_scientific | species2_common | species2_scientific | uncertain_interaction",26,TRUE,2026-08-24 15:10:47,"schema_1"
"C:/Users/kelly/OneDrive - Michigan State University/Research/MetaNetworksProject/MetaNetworksProject-Working/L0/taxa_to_check/Amazona_auropalliata_AF.csv","BOW_evidence | effect_sp1_on_sp2 | effect_sp2_on_sp1 | entry_changes | entry_date | interaction | n_studies | name_changes | nonbreedingseason | notesA | notesB | notesC | notesD | OLDsourceA | OLDsourceB | other_species1 | recorder | sourceAupdatedURL | sourceBupdatedURL | sourceCupdatedURL | sourceDupdatedURL | species1_common | species1_scientific | species2_common | species2_scientific | uncertain_interaction",26,TRUE,2026-08-24 15:10:47,"schema_1"
"C:/Users/kelly/OneDrive - Michigan State University/Research/MetaNetworksProject/MetaNetworksProject-Working/L0/taxa_to_check/Amazona_autumnalis_MA.csv","BOW_evidence | effect_sp1_on_sp2 | effect_sp2_on_sp1 | entry_changes | entry_date | interaction | n_studies | name_changes | nonbreedingseason | notesA | notesB | notesC | notesD | OLDsourceA | OLDsourceB | other_species1 | recorder | sourceAupdatedURL | sourceBupdatedURL | sourceCupdatedURL | sourceDupdatedURL | species1_common | species1_scientific | species2_common | species2_scientific | uncertain_interaction",26,TRUE,2026-08-24 15:10:47,"schema_1"
"C:/Users/kelly/OneDrive - Michigan State University/Research/MetaNetworksProject/MetaNetworksProject-Working/L0/taxa_to_check/Amazona_farinosa_GD.csv","BOW_evidence | effect_sp1_on_sp2 | effect_sp2_on_sp1 | entry_changes | entry_date | interaction | n_studies | name_changes | nonbreedingseason | notesA | notesB | notesC | notesD | OLDsourceA | OLDsourceB | other_species1 | recorder | sourceAupdatedURL | sourceBupdatedURL | sourceCupdatedURL | sourceDupdatedURL | species1_common | species1_scientific | species2_common | species2_scientific | uncertain_interaction",26,TRUE,2026-08-24 15:10:47,"schema_1"
"C:/Users/kelly/OneDrive - Michigan State University/Research/MetaNetworksProject/MetaNetworksProject-Working/L0/taxa_to_check/Amazona_finschi_CR.csv","BOW_evidence | effect_sp1_on_sp2 | effect_sp2_on_sp1 | entry_changes | entry_date | interaction | n_studies | name_changes | nonbreedingseason | notesA | notesB | notesC | notesD | OLDsourceA | OLDsourceB | other_species1 | recorder | sourceAupdatedURL | sourceBupdatedURL | sourceCupdatedURL | sourceDupdatedURL | species1_common | species1_scientific | species2_common | species2_scientific | uncertain_interaction",26,TRUE,2026-08-24 15:10:47,"schema_1"
"C:/Users/kelly/OneDrive - Michigan State University/Research/MetaNetworksProject/MetaNetworksProject-Working/L0/taxa_to_check/Amazona_oratrix_GD.csv","BOW_evidence | effect_sp1_on_sp2 | effect_sp2_on_sp1 | entry_changes | entry_date | interaction | n_studies | name_changes | nonbreedingseason | notesA | notesB | notesC | notesD | OLDsourceA | OLDsourceB | other_species1 | recorder | sourceAupdatedURL | sourceBupdatedURL | sourceCupdatedURL | sourceDupdatedURL | species1_common | species1_scientific | species2_common | species2_scientific | uncertain_interaction",26,TRUE,2026-08-24 15:10:47,"schema_1"
"C:/Users/kelly/OneDrive - Michigan State University/Research/MetaNetworksProject/MetaNetworksProject-Working/L0/taxa_to_check/Amazona_xantholora_AJ.csv","BOW_evidence | effect_sp1_on_sp2 | effect_sp2_on_sp1 | entry_changes | entry_date | interaction | n_studies | name_changes | nonbreedingseason | notesA | notesB | notesC | notesD | OLDsourceA | OLDsourceB | other_species1 | recorder | sourceAupdatedURL | sourceBupdatedURL | sourceCupdatedURL | sourceDupdatedURL | species1_common | species1_scientific | species2_common | species2_scientific | uncertain_interaction",26,TRUE,2026-08-24 15:10:47,"schema_1"
"C:/Users/kelly/OneDrive - Michigan State University/Research/MetaNetworksProject/MetaNetworksProject-Working/L0/taxa_to_check/Amblycercus_holosericeus_AH.csv","breeding_migration | DatabaseSearchURL | effect_sp1_on_sp2 | effect_sp2_on_sp1 | entry_changes | entry_date | interaction | interaction_strength | name_changes | other_species1 | recorder | source_citation | source_URL | species1_common | species1_lifestage | species1_scientific | species2_common | species2_lifestage | species2_scientific | text_excerpt | time_of_year | uncertain_interaction",22,TRUE,2026-08-24 15:10:47,"schema_3"
"C:/Users/kelly/OneDrive - Michigan State University/Research/MetaNetworksProject/MetaNetworksProject-Working/L0/taxa_to_check/Amphispizopsis_quinquestriata_AF.csv","BOW_evidence | effect_sp1_on_sp2 | effect_sp2_on_sp1 | entry_changes | entry_date | interaction | n_studies | name_changes | nonbreedingseason | notesA | notesB | notesC | notesD | OLDsourceA | OLDsourceB | other_species1 | recorder | sourceAupdatedURL | sourceBupdatedURL | sourceCupdatedURL | sourceDupdatedURL | species1_common | species1_scientific | species2_common | species2_scientific | uncertain_interaction",26,TRUE,2026-08-24 15:10:47,"schema_1"
"C:/Users/kelly/OneDrive - Michigan State University/Research/MetaNetworksProject/MetaNetworksProject-Working/L0/taxa_to_check/Anabacerthia_variegaticeps_AF.csv","BOW_evidence | effect_sp1_on_sp2 | effect_sp2_on_sp1 | entry_changes | entry_date | interaction | n_studies | name_changes | nonbreedingseason | notesA | notesB | notesC | notesD | OLDsourceA | OLDsourceB | other_species1 | recorder | sourceAupdatedURL | sourceBupdatedURL | sourceCupdatedURL | sourceDupdatedURL | species1_common | species1_scientific | species2_common | species2_scientific | uncertain_interaction",26,TRUE,2026-08-24 15:10:47,"schema_1"
"C:/Users/kelly/OneDrive - Michigan State University/Research/MetaNetworksProject/MetaNetworksProject-Working/L0/taxa_to_check/Anous_minutus_CR.csv","BOW_evidence | effect_sp1_on_sp2 | effect_sp2_on_sp1 | entry_changes | entry_date | interaction | n_studies | name_changes | nonbreedingseason | notesA | notesB | notesC | notesD | OLDsourceA | OLDsourceB | other_species1 | recorder | sourceAupdatedURL | sourceBupdatedURL | sourceCupdatedURL | sourceDupdatedURL | species1_common | species1_scientific | species2_common | species2_scientific | uncertain_interaction",26,TRUE,2026-08-24 15:10:47,"schema_1"
"C:/Users/kelly/OneDrive - Michigan State University/Research/MetaNetworksProject/MetaNetworksProject-Working/L0/taxa_to_check/Anous_stolidus_GD.csv","BOW_evidence | effect_sp1_on_sp2 | effect_sp2_on_sp1 | entry_changes | entry_date | interaction | n_studies | name_changes | nonbreedingseason | notesA | notesB | notesC | notesD | OLDsourceA | OLDsourceB | other_species1 | recorder | sourceAupdatedURL | sourceBupdatedURL | sourceCupdatedURL | sourceDupdatedURL | species1_common | species1_scientific | species2_common | species2_scientific | uncertain_interaction",26,TRUE,2026-08-24 15:10:47,"schema_1"
"C:/Users/kelly/OneDrive - Michigan State University/Research/MetaNetworksProject/MetaNetworksProject-Working/L0/taxa_to_check/Anthracothorax_prevostii_AF.csv","BOW_evidence | effect_sp1_on_sp2 | effect_sp2_on_sp1 | entry_changes | entry_date | interaction | n_studies | name_changes | nonbreedingseason | notesA | notesB | notesC | notesD | OLDsourceA | OLDsourceB | other_species1 | recorder | sourceAupdatedURL | sourceBupdatedURL | sourceCupdatedURL | sourceDupdatedURL | species1_common | species1_scientific | species2_common | species2_scientific | uncertain_interaction",26,TRUE,2026-08-24 15:10:47,"schema_1"
"C:/Users/kelly/OneDrive - Michigan State University/Research/MetaNetworksProject/MetaNetworksProject-Working/L0/taxa_to_check/Antrostomus_ridgwayi_AF.csv","BOW_evidence | effect_sp1_on_sp2 | effect_sp2_on_sp1 | entry_changes | entry_date | interaction | n_studies | name_changes | nonbreedingseason | notesA | notesB | notesC | notesD | OLDsourceA | OLDsourceB | other_species1 | recorder | sourceAupdatedURL | sourceBupdatedURL | sourceCupdatedURL | sourceDupdatedURL | species1_common | species1_scientific | species2_common | species2_scientific | uncertain_interaction",26,TRUE,2026-08-24 15:10:47,"schema_1"
"C:/Users/kelly/OneDrive - Michigan State University/Research/MetaNetworksProject/MetaNetworksProject-Working/L0/taxa_to_check/Ara_macao_AJ.csv","BOW_evidence | effect_sp1_on_sp2 | effect_sp2_on_sp1 | entry_changes | entry_date | interaction | n_studies | name_changes | nonbreedingseason | notesA | notesB | notesC | notesD | OLDsourceA | OLDsourceB | other_species1 | recorder | sourceAupdatedURL | sourceBupdatedURL | sourceCupdatedURL | sourceDupdatedURL | species1_common | species1_scientific | species2_common | species2_scientific | uncertain_interaction",26,TRUE,2026-08-24 15:10:47,"schema_1"
"C:/Users/kelly/OneDrive - Michigan State University/Research/MetaNetworksProject/MetaNetworksProject-Working/L0/taxa_to_check/Ara_militaris_AJ.csv","BOW_evidence | effect_sp1_on_sp2 | effect_sp2_on_sp1 | entry_changes | entry_date | interaction | n_studies | name_changes | nonbreedingseason | notesA | notesB | notesC | notesD | OLDsourceA | OLDsourceB | other_species1 | recorder | sourceAupdatedURL | sourceBupdatedURL | sourceCupdatedURL | sourceDupdatedURL | species1_common | species1_scientific | species2_common | species2_scientific | uncertain_interaction",26,TRUE,2026-08-24 15:10:47,"schema_1"
"C:/Users/kelly/OneDrive - Michigan State University/Research/MetaNetworksProject/MetaNetworksProject-Working/L0/taxa_to_check/Aramides_albiventris_AJ.csv","BOW_evidence | effect_sp1_on_sp2 | effect_sp2_on_sp1 | entry_changes | entry_date | interaction | n_studies | name_changes | nonbreedingseason | notesA | notesB | notesC | notesD | OLDsourceA | OLDsourceB | other_species1 | recorder | sourceAupdatedURL | sourceBupdatedURL | sourceCupdatedURL | sourceDupdatedURL | species1_common | species1_scientific | species2_common | species2_scientific | uncertain_interaction",26,TRUE,2026-08-24 15:10:47,"schema_1"
"C:/Users/kelly/OneDrive - Michigan State University/Research/MetaNetworksProject/MetaNetworksProject-Working/L0/taxa_to_check/Aramides_axillaris_MA.csv","BOW_evidence | effect_sp1_on_sp2 | effect_sp2_on_sp1 | entry_changes | entry_date | interaction | n_studies | name_changes | nonbreedingseason | notesA | notesB | notesC | notesD | OLDsourceA | OLDsourceB | other_species1 | recorder | sourceAupdatedURL | sourceBupdatedURL | sourceCupdatedURL | sourceDupdatedURL | species1_common | species1_scientific | species2_common | species2_scientific | uncertain_interaction",26,TRUE,2026-08-24 15:10:47,"schema_1"
"C:/Users/kelly/OneDrive - Michigan State University/Research/MetaNetworksProject/MetaNetworksProject-Working/L0/taxa_to_check/Ardenna_pacifica_AF.csv","BOW_evidence | effect_sp1_on_sp2 | effect_sp2_on_sp1 | entry_changes | entry_date | interaction | n_studies | name_changes | nonbreedingseason | notesA | notesB | notesC | notesD | OLDsourceA | OLDsourceB | other_species1 | recorder | sourceAupdatedURL | sourceBupdatedURL | sourceCupdatedURL | sourceDupdatedURL | species1_common | species1_scientific | species2_common | species2_scientific | uncertain_interaction",26,TRUE,2026-08-24 15:10:47,"schema_1"
"C:/Users/kelly/OneDrive - Michigan State University/Research/MetaNetworksProject/MetaNetworksProject-Working/L0/taxa_to_check/Arremon_brunneinucha_SEP.csv","breeding_migration | DatabaseSearchURL | effect_sp1_on_sp2 | effect_sp2_on_sp1 | entry_changes | entry_date | interaction | interaction_strength | name_changes | other_species1 | recorder | source_citation | source_URL | species1_common | species1_lifestage | species1_scientific | species2_common | species2_lifestage | species2_scientific | text_excerpt | time_of_year | uncertain_interaction",22,TRUE,2026-09-03 20:38:56,"schema_3"
"C:/Users/kelly/OneDrive - Michigan State University/Research/MetaNetworksProject/MetaNetworksProject-Working/L0/taxa_to_check/Arremon_virenticeps_JNS.csv","breeding_migration | DatabaseSearchURL | effect_sp1_on_sp2 | effect_sp2_on_sp1 | entry_changes | entry_date | interaction | interaction_strength | name_changes | other_species1 | recorder | source_citation | source_URL | species1_common | species1_lifestage | species1_scientific | species2_common | species2_lifestage | species2_scientific | text_excerpt | time_of_year | uncertain_interaction",22,TRUE,2026-08-24 15:10:47,"schema_3"
"C:/Users/kelly/OneDrive - Michigan State University/Research/MetaNetworksProject/MetaNetworksProject-Working/L0/taxa_to_check/Arremonops_chloronotus_VS.csv","breeding_migration | DatabaseSearchURL | effect_sp1_on_sp2 | effect_sp2_on_sp1 | entry_changes | entry_date | interaction | interaction_strength | name_changes | other_species1 | recorder | source_citation | source_URL | species1_common | species1_lifestage | species1_scientific | species2_common | species2_lifestage | species2_scientific | text_excerpt | time_of_year | uncertain_interaction",22,TRUE,2026-08-24 15:10:47,"schema_3"
"C:/Users/kelly/OneDrive - Michigan State University/Research/MetaNetworksProject/MetaNetworksProject-Working/L0/taxa_to_check/Asio_stygius_GD.csv","BOW_evidence | effect_sp1_on_sp2 | effect_sp2_on_sp1 | entry_changes | entry_date | interaction | n_studies | name_changes | nonbreedingseason | notesA | notesB | notesC | notesD | OLDsourceA | OLDsourceB | other_species1 | recorder | sourceAupdatedURL | sourceBupdatedURL | sourceCupdatedURL | sourceDupdatedURL | species1_common | species1_scientific | species2_common | species2_scientific | uncertain_interaction",26,TRUE,2026-08-24 15:10:47,"schema_1"
"C:/Users/kelly/OneDrive - Michigan State University/Research/MetaNetworksProject/MetaNetworksProject-Working/L0/taxa_to_check/Atticora_pileata_ECP.csv","breeding_migration | DatabaseSearchURL | effect_sp1_on_sp2 | effect_sp2_on_sp1 | entry_changes | entry_date | interaction | interaction_strength | name_changes | other_species1 | recorder | source_citation | source_URL | species1_common | species1_lifestage | species1_scientific | species2_common | species2_lifestage | species2_scientific | text_excerpt | time_of_year | uncertain_interaction",22,TRUE,2026-08-24 15:10:47,"schema_3"
"C:/Users/kelly/OneDrive - Michigan State University/Research/MetaNetworksProject/MetaNetworksProject-Working/L0/taxa_to_check/Attila_spadiceus_AF.csv","BOW_evidence | DatabaseSearchURL | effect_sp1_on_sp2 | effect_sp2_on_sp1 | entry_changes | entry_date | interaction | n_studies | name_changes | nonbreedingseason | notesA | notesB | notesC | notesD | OLDsourceA | OLDsourceB | other_species1 | recorder | sourceAupdatedURL | sourceBupdatedURL | sourceCupdatedURL | sourceDupdatedURL | species1_common | species1_scientific | species2_common | species2_scientific | uncertain_interaction",27,TRUE,2026-08-24 15:10:47,"schema_4"
"C:/Users/kelly/OneDrive - Michigan State University/Research/MetaNetworksProject/MetaNetworksProject-Working/L0/taxa_to_check/Aulacorhynchus_prasinus_CR.csv","BOW_evidence | effect_sp1_on_sp2 | effect_sp2_on_sp1 | entry_changes | entry_date | interaction | n_studies | name_changes | nonbreedingseason | notesA | notesB | notesC | notesD | OLDsourceA | OLDsourceB | other_species1 | recorder | sourceAupdatedURL | sourceBupdatedURL | sourceCupdatedURL | sourceDupdatedURL | species1_common | species1_scientific | species2_common | species2_scientific | uncertain_interaction",26,TRUE,2026-08-24 15:10:47,"schema_1"
"C:/Users/kelly/OneDrive - Michigan State University/Research/MetaNetworksProject/MetaNetworksProject-Working/L0/taxa_to_check/Basileuterus_ culicivorus_AJ.csv","BOW_evidence | effect_sp1_on_sp2 | effect_sp2_on_sp1 | entry_changes | entry_date | interaction | n_studies | name_changes | nonbreedingseason | notesA | notesB | notesC | notesD | OLDsourceA | OLDsourceB | other_species1 | recorder | sourceAupdatedURL | sourceBupdatedURL | sourceCupdatedURL | sourceDupdatedURL | species1_common | species1_scientific | species2_common | species2_scientific | uncertain_interaction",26,TRUE,2026-08-24 15:10:47,"schema_1"
"C:/Users/kelly/OneDrive - Michigan State University/Research/MetaNetworksProject/MetaNetworksProject-Working/L0/taxa_to_check/Basileuterus_ rufifrons_AJ.csv","BOW_evidence | effect_sp1_on_sp2 | effect_sp2_on_sp1 | entry_changes | entry_date | interaction | n_studies | name_changes | nonbreedingseason | notesA | notesB | notesC | notesD | OLDsourceA | OLDsourceB | other_species1 | recorder | sourceAupdatedURL | sourceBupdatedURL | sourceCupdatedURL | sourceDupdatedURL | species1_common | species1_scientific | species2_common | species2_scientific | uncertain_interaction",26,TRUE,2026-08-24 15:10:47,"schema_1"
"C:/Users/kelly/OneDrive - Michigan State University/Research/MetaNetworksProject/MetaNetworksProject-Working/L0/taxa_to_check/Basileuterus_belli_VS.csv","breeding_migration | DatabaseSearchURL | effect_sp1_on_sp2 | effect_sp2_on_sp1 | entry_changes | entry_date | interaction | interaction_strength | name_changes | other_species1 | recorder | source_citation | source_URL | species1_common | species1_lifestage | species1_scientific | species2_common | species2_lifestage | species2_scientific | text_excerpt | time_of_year | uncertain_interaction",22,TRUE,2026-08-24 15:10:47,"schema_3"
"C:/Users/kelly/OneDrive - Michigan State University/Research/MetaNetworksProject/MetaNetworksProject-Working/L0/taxa_to_check/Basileuterus_delattrii_JNS.csv","breeding_migration | DatabaseSearchURL | effect_sp1_on_sp2 | effect_sp2_on_sp1 | entry_changes | entry_date | interaction | interaction_strength | name_changes | other_species1 | recorder | source_citation | source_URL | species1_common | species1_lifestage | species1_scientific | species2_common | species2_lifestage | species2_scientific | text_excerpt | time_of_year | uncertain_interaction",22,TRUE,2026-08-24 15:10:47,"schema_3"
"C:/Users/kelly/OneDrive - Michigan State University/Research/MetaNetworksProject/MetaNetworksProject-Working/L0/taxa_to_check/Basilinna_leucotis_MA.csv","BOW_evidence | effect_sp1_on_sp2 | effect_sp2_on_sp1 | entry_changes | entry_date | interaction | n_studies | name_changes | nonbreedingseason | notesA | notesB | notesC | notesD | OLDsourceA | OLDsourceB | other_species1 | recorder | sourceAupdatedURL | sourceBupdatedURL | sourceCupdatedURL | sourceDupdatedURL | species1_common | species1_scientific | species2_common | species2_scientific | uncertain_interaction",26,TRUE,2026-08-24 15:10:47,"schema_1"
"C:/Users/kelly/OneDrive - Michigan State University/Research/MetaNetworksProject/MetaNetworksProject-Working/L0/taxa_to_check/Bolborhynchus_lineola_AJ.csv","BOW_evidence | effect_sp1_on_sp2 | effect_sp2_on_sp1 | entry_changes | entry_date | interaction | n_studies | name_changes | nonbreedingseason | notesA | notesB | notesC | notesD | OLDsourceA | OLDsourceB | other_species1 | recorder | sourceAupdatedURL | sourceBupdatedURL | sourceCupdatedURL | sourceDupdatedURL | species1_common | species1_scientific | species2_common | species2_scientific | uncertain_interaction",26,TRUE,2026-08-24 15:10:47,"schema_1"
"C:/Users/kelly/OneDrive - Michigan State University/Research/MetaNetworksProject/MetaNetworksProject-Working/L0/taxa_to_check/Bonasa_umbellus.csv","BOW_evidence | effect_sp1_on_sp2 | effect_sp2_on_sp1 | entry_changes | entry_date | interaction | n_studies | nonbreedingseason | notesA | notesB | notesC | notesD | OLDsourceA | OLDsourceB | recorder | sourceAupdatedURL | sourceBupdatedURL | sourceCupdatedURL | sourceDupdatedURL | species1_common | species1_scientific | species2_common | species2_scientific | uncertain_interaction",24,TRUE,2026-08-24 15:10:47,"schema_2"
"C:/Users/kelly/OneDrive - Michigan State University/Research/MetaNetworksProject/MetaNetworksProject-Working/L0/taxa_to_check/Botaurus_pinnatus_MA.csv","BOW_evidence | effect_sp1_on_sp2 | effect_sp2_on_sp1 | entry_changes | entry_date | interaction | n_studies | name_changes | nonbreedingseason | notesA | notesB | notesC | notesD | OLDsourceA | OLDsourceB | other_species1 | recorder | sourceAupdatedURL | sourceBupdatedURL | sourceCupdatedURL | sourceDupdatedURL | species1_common | species1_scientific | species2_common | species2_scientific | uncertain_interaction",26,TRUE,2026-08-24 15:10:47,"schema_1"
"C:/Users/kelly/OneDrive - Michigan State University/Research/MetaNetworksProject/MetaNetworksProject-Working/L0/taxa_to_check/Brotogeris_jugularis_AJ.csv","BOW_evidence | effect_sp1_on_sp2 | effect_sp2_on_sp1 | entry_changes | entry_date | interaction | n_studies | name_changes | nonbreedingseason | notesA | notesB | notesC | notesD | OLDsourceA | OLDsourceB | other_species1 | recorder | sourceAupdatedURL | sourceBupdatedURL | sourceCupdatedURL | sourceDupdatedURL | species1_common | species1_scientific | species2_common | species2_scientific | uncertain_interaction",26,TRUE,2026-08-24 15:10:47,"schema_1"
"C:/Users/kelly/OneDrive - Michigan State University/Research/MetaNetworksProject/MetaNetworksProject-Working/L0/taxa_to_check/Busarellus_nigricollis_MA.csv","BOW_evidence | effect_sp1_on_sp2 | effect_sp2_on_sp1 | entry_changes | entry_date | interaction | n_studies | name_changes | nonbreedingseason | notesA | notesB | notesC | notesD | OLDsourceA | OLDsourceB | other_species1 | recorder | sourceAupdatedURL | sourceBupdatedURL | sourceCupdatedURL | sourceDupdatedURL | species1_common | species1_scientific | species2_common | species2_scientific | uncertain_interaction",26,TRUE,2026-08-24 15:10:47,"schema_1"
"C:/Users/kelly/OneDrive - Michigan State University/Research/MetaNetworksProject/MetaNetworksProject-Working/L0/taxa_to_check/Buteogallus_solitarius_AF.csv","BOW_evidence | effect_sp1_on_sp2 | effect_sp2_on_sp1 | entry_changes | entry_date | interaction | n_studies | name_changes | nonbreedingseason | notesA | notesB | notesC | notesD | OLDsourceA | OLDsourceB | other_species1 | recorder | sourceAupdatedURL | sourceBupdatedURL | sourceCupdatedURL | sourceDupdatedURL | species1_common | species1_scientific | species2_common | species2_scientific | uncertain_interaction",26,TRUE,2026-08-24 15:10:47,"schema_1"
"C:/Users/kelly/OneDrive - Michigan State University/Research/MetaNetworksProject/MetaNetworksProject-Working/L0/taxa_to_check/Buteogallus_urubitinga_GD.csv","BOW_evidence | effect_sp1_on_sp2 | effect_sp2_on_sp1 | entry_changes | entry_date | interaction | n_studies | name_changes | nonbreedingseason | notesA | notesB | notesC | notesD | OLDsourceA | OLDsourceB | other_species1 | recorder | sourceAupdatedURL | sourceBupdatedURL | sourceCupdatedURL | sourceDupdatedURL | species1_common | species1_scientific | species2_common | species2_scientific | uncertain_interaction",26,TRUE,2026-08-24 15:10:47,"schema_1"
"C:/Users/kelly/OneDrive - Michigan State University/Research/MetaNetworksProject/MetaNetworksProject-Working/L0/taxa_to_check/Callipepla_douglasii_AJ.csv","BOW_evidence | effect_sp1_on_sp2 | effect_sp2_on_sp1 | entry_changes | entry_date | interaction | n_studies | name_changes | nonbreedingseason | notesA | notesB | notesC | notesD | OLDsourceA | OLDsourceB | other_species1 | recorder | sourceAupdatedURL | sourceBupdatedURL | sourceCupdatedURL | sourceDupdatedURL | species1_common | species1_scientific | species2_common | species2_scientific | uncertain_interaction",26,TRUE,2026-08-24 15:10:47,"schema_1"
"C:/Users/kelly/OneDrive - Michigan State University/Research/MetaNetworksProject/MetaNetworksProject-Working/L0/taxa_to_check/Callipepla_gambelii.csv","BOW_evidence | effect_sp1_on_sp2 | effect_sp2_on_sp1 | entry_changes | entry_date | interaction | n_studies | nonbreedingseason | notesA | notesB | notesC | notesD | OLDsourceA | OLDsourceB | recorder | sourceAupdatedURL | sourceBupdatedURL | sourceCupdatedURL | sourceDupdatedURL | species1_common | species1_scientific | species2_common | species2_scientific | uncertain_interaction",24,TRUE,2026-08-24 15:10:47,"schema_2"
"C:/Users/kelly/OneDrive - Michigan State University/Research/MetaNetworksProject/MetaNetworksProject-Working/L0/taxa_to_check/Callipepla_squamata.csv","BOW_evidence | effect_sp1_on_sp2 | effect_sp2_on_sp1 | entry_changes | entry_date | interaction | n_studies | nonbreedingseason | notesA | notesB | notesC | notesD | OLDsourceA | OLDsourceB | recorder | sourceAupdatedURL | sourceBupdatedURL | sourceCupdatedURL | sourceDupdatedURL | species1_common | species1_scientific | species2_common | species2_scientific | uncertain_interaction",24,TRUE,2026-08-24 15:10:47,"schema_2"
"C:/Users/kelly/OneDrive - Michigan State University/Research/MetaNetworksProject/MetaNetworksProject-Working/L0/taxa_to_check/Calothorax_pulcher_GD.csv","BOW_evidence | effect_sp1_on_sp2 | effect_sp2_on_sp1 | entry_changes | entry_date | interaction | n_studies | name_changes | nonbreedingseason | notesA | notesB | notesC | notesD | OLDsourceA | OLDsourceB | other_species1 | recorder | sourceAupdatedURL | sourceBupdatedURL | sourceCupdatedURL | sourceDupdatedURL | species1_common | species1_scientific | species2_common | species2_scientific | uncertain_interaction",26,TRUE,2026-08-24 15:10:47,"schema_1"
"C:/Users/kelly/OneDrive - Michigan State University/Research/MetaNetworksProject/MetaNetworksProject-Working/L0/taxa_to_check/Campephilus_guatemalensis_MA.csv","BOW_evidence | effect_sp1_on_sp2 | effect_sp2_on_sp1 | entry_changes | entry_date | interaction | n_studies | name_changes | nonbreedingseason | notesA | notesB | notesC | notesD | OLDsourceA | OLDsourceB | other_species1 | recorder | sourceAupdatedURL | sourceBupdatedURL | sourceCupdatedURL | sourceDupdatedURL | species1_common | species1_scientific | species2_common | species2_scientific | uncertain_interaction",26,TRUE,2026-08-24 15:10:47,"schema_1"
"C:/Users/kelly/OneDrive - Michigan State University/Research/MetaNetworksProject/MetaNetworksProject-Working/L0/taxa_to_check/Campephilus_imperialis_AJ.csv","BOW_evidence | effect_sp1_on_sp2 | effect_sp2_on_sp1 | entry_changes | entry_date | interaction | n_studies | name_changes | nonbreedingseason | notesA | notesB | notesC | notesD | OLDsourceA | OLDsourceB | other_species1 | recorder | sourceAupdatedURL | sourceBupdatedURL | sourceCupdatedURL | sourceDupdatedURL | species1_common | species1_scientific | species2_common | species2_scientific | uncertain_interaction",26,TRUE,2026-08-24 15:10:47,"schema_1"
"C:/Users/kelly/OneDrive - Michigan State University/Research/MetaNetworksProject/MetaNetworksProject-Working/L0/taxa_to_check/Campylopterus_ hemileucurus_AJ.csv","BOW_evidence | effect_sp1_on_sp2 | effect_sp2_on_sp1 | entry_changes | entry_date | interaction | n_studies | name_changes | nonbreedingseason | notesA | notesB | notesC | notesD | OLDsourceA | OLDsourceB | other_species1 | recorder | sourceAupdatedURL | sourceBupdatedURL | sourceCupdatedURL | sourceDupdatedURL | species1_common | species1_scientific | species2_common | species2_scientific | uncertain_interaction",26,TRUE,2026-08-24 15:10:47,"schema_1"
"C:/Users/kelly/OneDrive - Michigan State University/Research/MetaNetworksProject/MetaNetworksProject-Working/L0/taxa_to_check/Campylorhynchus_megalopterus_JB.csv","breeding_migration | DatabaseSearchURL | effect_sp1_on_sp2 | effect_sp2_on_sp1 | entry_changes | entry_date | interaction | interaction_strength | name_changes | other_species1 | recorder | source_citation | source_URL | species1_common | species1_lifestage | species1_scientific | species2_common | species2_lifestage | species2_scientific | text_excerpt | time_of_year | uncertain_interaction",22,TRUE,2025-11-02 20:30:05,"schema_3"
"C:/Users/kelly/OneDrive - Michigan State University/Research/MetaNetworksProject/MetaNetworksProject-Working/L0/taxa_to_check/Campylorhynchus_yucatanicus_ECP.csv","breeding_migration | DatabaseSearchURL | effect_sp1_on_sp2 | effect_sp2_on_sp1 | entry_changes | entry_date | interaction | interaction_strength | name_changes | other_species1 | recorder | source_citation | source_URL | species1_common | species1_lifestage | species1_scientific | species2_common | species2_lifestage | species2_scientific | text_excerpt | time_of_year | uncertain_interaction",22,TRUE,2026-08-24 15:10:47,"schema_3"
"C:/Users/kelly/OneDrive - Michigan State University/Research/MetaNetworksProject/MetaNetworksProject-Working/L0/taxa_to_check/Cantorchilus_modestus_JNS.csv","breeding_migration | DatabaseSearchURL | effect_sp1_on_sp2 | effect_sp2_on_sp1 | entry_changes | entry_date | interaction | interaction_strength | name_changes | other_species1 | recorder | source_citation | source_URL | species1_common | species1_lifestage | species1_scientific | species2_common | species2_lifestage | species2_scientific | text_excerpt | time_of_year | uncertain_interaction",22,TRUE,2026-09-03 20:38:56,"schema_3"
"C:/Users/kelly/OneDrive - Michigan State University/Research/MetaNetworksProject/MetaNetworksProject-Working/L0/taxa_to_check/Caracara_lutosa_AJ.csv","BOW_evidence | effect_sp1_on_sp2 | effect_sp2_on_sp1 | entry_changes | entry_date | interaction | n_studies | name_changes | nonbreedingseason | notesA | notesB | notesC | notesD | OLDsourceA | OLDsourceB | other_species1 | recorder | sourceAupdatedURL | sourceBupdatedURL | sourceCupdatedURL | sourceDupdatedURL | species1_common | species1_scientific | species2_common | species2_scientific | uncertain_interaction",26,TRUE,2026-08-24 15:10:47,"schema_1"
"C:/Users/kelly/OneDrive - Michigan State University/Research/MetaNetworksProject/MetaNetworksProject-Working/L0/taxa_to_check/Cardellina_versicolor_OG.csv","breeding_migration | DatabaseSearchURL | effect_sp1_on_sp2 | effect_sp2_on_sp1 | entry_changes | entry_date | interaction | interaction_strength | name_changes | other_species1 | recorder | source_citation | source_URL | species1_common | species1_lifestage | species1_scientific | species2_common | species2_lifestage | species2_scientific | text_excerpt | time_of_year | uncertain_interaction",22,TRUE,2026-08-24 15:10:47,"schema_3"
"C:/Users/kelly/OneDrive - Michigan State University/Research/MetaNetworksProject/MetaNetworksProject-Working/L0/taxa_to_check/Caryothraustes_poliogaster_OG.csv","country | DatabaseSearchURL | effect_tx1_on_tx2 | effect_tx2_on_tx1 | entry_changes | entry_date | interaction | interaction_excerpt | interaction_strength | location | name_changes | recorder | source_citation | source_URL | taxa1_common | taxa1_lifestage | taxa1_scientific | taxa2_common | taxa2_lifestage | taxa2_scientific | time_of_year | timing_location_excerpt | tx1_life_history_season | tx2_life_history_season | uncertain_interaction | version | year",27,TRUE,2026-08-24 15:10:47,"schema_7"
"C:/Users/kelly/OneDrive - Michigan State University/Research/MetaNetworksProject/MetaNetworksProject-Working/L0/taxa_to_check/Cassiculus_melanicterus_SEP.csv","breeding_migration | DatabaseSearchURL | effect_sp1_on_sp2 | effect_sp2_on_sp1 | entry_changes | entry_date | interaction | interaction_strength | name_changes | other_species1 | recorder | source_citation | source_URL | species1_common | species1_lifestage | species1_scientific | species2_common | species2_lifestage | species2_scientific | text_excerpt | time_of_year | uncertain_interaction",22,TRUE,2026-09-03 20:38:56,"schema_3"
"C:/Users/kelly/OneDrive - Michigan State University/Research/MetaNetworksProject/MetaNetworksProject-Working/L0/taxa_to_check/Cathartes_burrovianus_AF.csv","BOW_evidence | effect_sp1_on_sp2 | effect_sp2_on_sp1 | entry_changes | entry_date | interaction | n_studies | name_changes | nonbreedingseason | notesA | notesB | notesC | notesD | OLDsourceA | OLDsourceB | other_species1 | recorder | sourceAupdatedURL | sourceBupdatedURL | sourceCupdatedURL | sourceDupdatedURL | species1_common | species1_scientific | species2_common | species2_scientific | uncertain_interaction",26,TRUE,2026-08-24 15:10:47,"schema_1"
"C:/Users/kelly/OneDrive - Michigan State University/Research/MetaNetworksProject/MetaNetworksProject-Working/L0/taxa_to_check/Catharus_aurantiirostris_GD.csv","BOW_evidence | effect_sp1_on_sp2 | effect_sp2_on_sp1 | entry_changes | entry_date | interaction | n_studies | name_changes | nonbreedingseason | notesA | notesB | notesC | notesD | OLDsourceA | OLDsourceB | other_species1 | recorder | sourceAupdatedURL | sourceBupdatedURL | sourceCupdatedURL | sourceDupdatedURL | species1_common | species1_scientific | species2_common | species2_scientific | uncertain_interaction",26,TRUE,2026-08-24 15:10:47,"schema_1"
"C:/Users/kelly/OneDrive - Michigan State University/Research/MetaNetworksProject/MetaNetworksProject-Working/L0/taxa_to_check/Catharus_mexicanus_AF.csv","BOW_evidence | DatabaseSearchURL | effect_sp1_on_sp2 | effect_sp2_on_sp1 | entry_changes | entry_date | interaction | n_studies | name_changes | nonbreedingseason | notesA | notesB | notesC | notesD | OLDsourceA | OLDsourceB | other_species1 | recorder | sourceAupdatedURL | sourceBupdatedURL | sourceCupdatedURL | sourceDupdatedURL | species1_common | species1_scientific | species2_common | species2_scientific | uncertain_interaction",27,TRUE,2026-09-03 20:38:56,"schema_4"
"C:/Users/kelly/OneDrive - Michigan State University/Research/MetaNetworksProject/MetaNetworksProject-Working/L0/taxa_to_check/Celeus_castaneus_GD.csv","BOW_evidence | effect_sp1_on_sp2 | effect_sp2_on_sp1 | entry_changes | entry_date | interaction | n_studies | name_changes | nonbreedingseason | notesA | notesB | notesC | notesD | OLDsourceA | OLDsourceB | other_species1 | recorder | sourceAupdatedURL | sourceBupdatedURL | sourceCupdatedURL | sourceDupdatedURL | species1_common | species1_scientific | species2_common | species2_scientific | uncertain_interaction",26,TRUE,2026-08-24 15:10:47,"schema_1"
"C:/Users/kelly/OneDrive - Michigan State University/Research/MetaNetworksProject/MetaNetworksProject-Working/L0/taxa_to_check/Ceratopipra_mentalis_AF.csv","BOW_evidence | effect_sp1_on_sp2 | effect_sp2_on_sp1 | entry_changes | entry_date | interaction | n_studies | name_changes | nonbreedingseason | notesA | notesB | notesC | notesD | OLDsourceA | OLDsourceB | other_species1 | recorder | sourceAupdatedURL | sourceBupdatedURL | sourceCupdatedURL | sourceDupdatedURL | species1_common | species1_scientific | species2_common | species2_scientific | uncertain_interaction",26,TRUE,2026-08-24 15:10:47,"schema_1"
"C:/Users/kelly/OneDrive - Michigan State University/Research/MetaNetworksProject/MetaNetworksProject-Working/L0/taxa_to_check/Cercomacroides_tyrannina_MA.csv","BOW_evidence | effect_sp1_on_sp2 | effect_sp2_on_sp1 | entry_changes | entry_date | interaction | n_studies | name_changes | nonbreedingseason | notesA | notesB | notesC | notesD | OLDsourceA | OLDsourceB | other_species1 | recorder | sourceAupdatedURL | sourceBupdatedURL | sourceCupdatedURL | sourceDupdatedURL | species1_common | species1_scientific | species2_common | species2_scientific | uncertain_interaction",26,TRUE,2026-08-24 15:10:47,"schema_1"
"C:/Users/kelly/OneDrive - Michigan State University/Research/MetaNetworksProject/MetaNetworksProject-Working/L0/taxa_to_check/Chiroxiphia_linearis_CR.csv","BOW_evidence | effect_sp1_on_sp2 | effect_sp2_on_sp1 | entry_changes | entry_date | GoogleScholarURL | interaction | n_studies | name_changes | nonbreedingseason | notesA | notesB | notesC | notesD | OLDsourceA | OLDsourceB | other_species1 | recorder | sourceAupdatedURL | sourceBupdatedURL | sourceCupdatedURL | sourceDupdatedURL | species1_common | species1_scientific | species2_common | species2_scientific | uncertain_interaction",27,TRUE,2026-08-24 15:10:47,"schema_6"
"C:/Users/kelly/OneDrive - Michigan State University/Research/MetaNetworksProject/MetaNetworksProject-Working/L0/taxa_to_check/Chlorestes_eliciae_AJ.csv","BOW_evidence | effect_sp1_on_sp2 | effect_sp2_on_sp1 | entry_changes | entry_date | interaction | n_studies | name_changes | nonbreedingseason | notesA | notesB | notesC | notesD | OLDsourceA | OLDsourceB | other_species1 | recorder | sourceAupdatedURL | sourceBupdatedURL | sourceCupdatedURL | sourceDupdatedURL | species1_common | species1_scientific | species2_common | species2_scientific | uncertain_interaction",26,TRUE,2026-08-24 15:10:47,"schema_1"
"C:/Users/kelly/OneDrive - Michigan State University/Research/MetaNetworksProject/MetaNetworksProject-Working/L0/taxa_to_check/Claravis_pretiosa_MA.csv","BOW_evidence | effect_sp1_on_sp2 | effect_sp2_on_sp1 | entry_changes | entry_date | interaction | n_studies | name_changes | nonbreedingseason | notesA | notesB | notesC | notesD | OLDsourceA | OLDsourceB | other_species1 | recorder | sourceAupdatedURL | sourceBupdatedURL | sourceCupdatedURL | sourceDupdatedURL | species1_common | species1_scientific | species2_common | species2_scientific | uncertain_interaction",26,TRUE,2026-08-24 15:10:47,"schema_1"
"C:/Users/kelly/OneDrive - Michigan State University/Research/MetaNetworksProject/MetaNetworksProject-Working/L0/taxa_to_check/Cochlearius_cochlearius_MA.csv","BOW_evidence | effect_sp1_on_sp2 | effect_sp2_on_sp1 | entry_changes | entry_date | interaction | n_studies | name_changes | nonbreedingseason | notesA | notesB | notesC | notesD | OLDsourceA | OLDsourceB | other_species1 | recorder | sourceAupdatedURL | sourceBupdatedURL | sourceCupdatedURL | sourceDupdatedURL | species1_common | species1_scientific | species2_common | species2_scientific | uncertain_interaction",26,TRUE,2026-08-24 15:10:47,"schema_1"
"C:/Users/kelly/OneDrive - Michigan State University/Research/MetaNetworksProject/MetaNetworksProject-Working/L0/taxa_to_check/Colaptes_auricularis_MA.csv","BOW_evidence | effect_sp1_on_sp2 | effect_sp2_on_sp1 | entry_changes | entry_date | interaction | n_studies | name_changes | nonbreedingseason | notesA | notesB | notesC | notesD | OLDsourceA | OLDsourceB | other_species1 | recorder | sourceAupdatedURL | sourceBupdatedURL | sourceCupdatedURL | sourceDupdatedURL | species1_common | species1_scientific | species2_common | species2_scientific | uncertain_interaction",26,TRUE,2026-08-24 15:10:47,"schema_1"
"C:/Users/kelly/OneDrive - Michigan State University/Research/MetaNetworksProject/MetaNetworksProject-Working/L0/taxa_to_check/Colaptes_rubiginosus_AJ.csv","BOW_evidence | DatabaseSearchURL | effect_sp1_on_sp2 | effect_sp2_on_sp1 | entry_changes | entry_date | interaction | n_studies | name_changes | nonbreedingseason | notesA | notesB | notesC | notesD | OLDsourceA | OLDsourceB | other_species1 | recorder | sourceAupdatedURL | sourceBupdatedURL | sourceCupdatedURL | sourceDupdatedURL | species1_common | species1_scientific | species2_common | species2_scientific | uncertain_interaction",27,TRUE,2026-08-24 15:10:47,"schema_4"
"C:/Users/kelly/OneDrive - Michigan State University/Research/MetaNetworksProject/MetaNetworksProject-Working/L0/taxa_to_check/Colibri_thalassinus_CR.csv","BOW_evidence | effect_sp1_on_sp2 | effect_sp2_on_sp1 | entry_changes | entry_date | interaction | n_studies | name_changes | nonbreedingseason | notesA | notesB | notesC | notesD | OLDsourceA | OLDsourceB | other_species1 | recorder | sourceAupdatedURL | sourceBupdatedURL | sourceCupdatedURL | sourceDupdatedURL | species1_common | species1_scientific | species2_common | species2_scientific | uncertain_interaction",26,TRUE,2026-08-24 15:10:47,"schema_1"
"C:/Users/kelly/OneDrive - Michigan State University/Research/MetaNetworksProject/MetaNetworksProject-Working/L0/taxa_to_check/Colinus_nigrogularis_CR.csv","BOW_evidence | DatabaseSearchURL | effect_sp1_on_sp2 | effect_sp2_on_sp1 | entry_changes | entry_date | interaction | n_studies | name_changes | nonbreedingseason | notesA | notesB | notesC | notesD | OLDsourceA | OLDsourceB | other_species1 | recorder | sourceAupdatedURL | sourceBupdatedURL | sourceCupdatedURL | sourceDupdatedURL | species1_common | species1_scientific | species2_common | species2_scientific | uncertain_interaction",27,TRUE,2026-08-24 15:10:47,"schema_4"
"C:/Users/kelly/OneDrive - Michigan State University/Research/MetaNetworksProject/MetaNetworksProject-Working/L0/taxa_to_check/Columbina_minuta_AF.csv","BOW_evidence | effect_sp1_on_sp2 | effect_sp2_on_sp1 | entry_changes | entry_date | interaction | n_studies | name_changes | nonbreedingseason | notesA | notesB | notesC | notesD | OLDsourceA | OLDsourceB | other_species1 | recorder | sourceAupdatedURL | sourceBupdatedURL | sourceCupdatedURL | sourceDupdatedURL | species1_common | species1_scientific | species2_common | species2_scientific | uncertain_interaction",26,TRUE,2026-08-24 15:10:47,"schema_1"
"C:/Users/kelly/OneDrive - Michigan State University/Research/MetaNetworksProject/MetaNetworksProject-Working/L0/taxa_to_check/Conuropsis_carolinensis_GD.csv","BOW_evidence | effect_sp1_on_sp2 | effect_sp2_on_sp1 | entry_changes | entry_date | interaction | n_studies | name_changes | nonbreedingseason | notesA | notesB | notesC | notesD | OLDsourceA | OLDsourceB | other_species1 | recorder | sourceAupdatedURL | sourceBupdatedURL | sourceCupdatedURL | sourceDupdatedURL | species1_common | species1_scientific | species2_common | species2_scientific | uncertain_interaction",26,TRUE,2026-08-24 15:10:47,"schema_1"
"C:/Users/kelly/OneDrive - Michigan State University/Research/MetaNetworksProject/MetaNetworksProject-Working/L0/taxa_to_check/Cotinga_amabilis_MA.csv","BOW_evidence | effect_sp1_on_sp2 | effect_sp2_on_sp1 | entry_changes | entry_date | interaction | n_studies | name_changes | nonbreedingseason | notesA | notesB | notesC | notesD | OLDsourceA | OLDsourceB | other_species1 | recorder | sourceAupdatedURL | sourceBupdatedURL | sourceCupdatedURL | sourceDupdatedURL | species1_common | species1_scientific | species2_common | species2_scientific | uncertain_interaction",26,TRUE,2026-08-24 15:10:47,"schema_1"
"C:/Users/kelly/OneDrive - Michigan State University/Research/MetaNetworksProject/MetaNetworksProject-Working/L0/taxa_to_check/Crax_rubra_CR.csv","BOW_evidence | effect_sp1_on_sp2 | effect_sp2_on_sp1 | entry_changes | entry_date | interaction | n_studies | name_changes | nonbreedingseason | notesA | notesB | notesC | notesD | OLDsourceA | OLDsourceB | other_species1 | recorder | sourceAupdatedURL | sourceBupdatedURL | sourceCupdatedURL | sourceDupdatedURL | species1_common | species1_scientific | species2_common | species2_scientific | uncertain_interaction",26,TRUE,2026-08-24 15:10:47,"schema_1"
"C:/Users/kelly/OneDrive - Michigan State University/Research/MetaNetworksProject/MetaNetworksProject-Working/L0/taxa_to_check/Crypturellus_boucardi_AF.csv","BOW_evidence | effect_sp1_on_sp2 | effect_sp2_on_sp1 | entry_changes | entry_date | interaction | n_studies | name_changes | nonbreedingseason | notesA | notesB | notesC | notesD | OLDsourceA | OLDsourceB | other_species1 | recorder | sourceAupdatedURL | sourceBupdatedURL | sourceCupdatedURL | sourceDupdatedURL | species1_common | species1_scientific | species2_common | species2_scientific | uncertain_interaction",26,TRUE,2026-08-24 15:10:47,"schema_1"
"C:/Users/kelly/OneDrive - Michigan State University/Research/MetaNetworksProject/MetaNetworksProject-Working/L0/taxa_to_check/Crypturellus_cinnamomeus_AJ.csv","BOW_evidence | effect_sp1_on_sp2 | effect_sp2_on_sp1 | entry_changes | entry_date | interaction | n_studies | name_changes | nonbreedingseason | notesA | notesB | notesC | notesD | OLDsourceA | OLDsourceB | other_species1 | recorder | sourceAupdatedURL | sourceBupdatedURL | sourceCupdatedURL | sourceDupdatedURL | species1_common | species1_scientific | species2_common | species2_scientific | uncertain_interaction",26,TRUE,2026-08-24 15:10:47,"schema_1"
"C:/Users/kelly/OneDrive - Michigan State University/Research/MetaNetworksProject/MetaNetworksProject-Working/L0/taxa_to_check/Crypturellus_soui_AF.csv","BOW_evidence | effect_sp1_on_sp2 | effect_sp2_on_sp1 | entry_changes | entry_date | interaction | n_studies | name_changes | nonbreedingseason | notesA | notesB | notesC | notesD | OLDsourceA | OLDsourceB | other_species1 | recorder | sourceAupdatedURL | sourceBupdatedURL | sourceCupdatedURL | sourceDupdatedURL | species1_common | species1_scientific | species2_common | species2_scientific | uncertain_interaction",26,TRUE,2026-08-24 15:10:47,"schema_1"
"C:/Users/kelly/OneDrive - Michigan State University/Research/MetaNetworksProject/MetaNetworksProject-Working/L0/taxa_to_check/Cyanerpes_cyaneus_AF.csv","BOW_evidence | DatabaseSearchURL | effect_sp1_on_sp2 | effect_sp2_on_sp1 | entry_changes | entry_date | interaction | n_studies | name_changes | nonbreedingseason | notesA | notesB | notesC | notesD | OLDsourceA | OLDsourceB | other_species1 | recorder | sourceAupdatedURL | sourceBupdatedURL | sourceCupdatedURL | sourceDupdatedURL | species1_common | species1_scientific | species2_common | species2_scientific | uncertain_interaction",27,TRUE,2026-09-03 20:38:56,"schema_4"
"C:/Users/kelly/OneDrive - Michigan State University/Research/MetaNetworksProject/MetaNetworksProject-Working/L0/taxa_to_check/Cyanoloxia_cyanoides_JNS.csv","country | DatabaseSearchURL | effect_tx1_on_tx2 | effect_tx2_on_tx1 | entry_changes | entry_date | interaction | interaction_excerpt | interaction_strength | location | name_changes | recorder | source_citation | source_URL | taxa1_common | taxa1_lifestage | taxa1_scientific | taxa2_common | taxa2_lifestage | taxa2_scientific | time_of_year | timing_location_excerpt | tx1_life_history_season | tx2_life_history_season | uncertain_interaction | version | year",27,TRUE,2026-08-24 15:10:47,"schema_7"
"C:/Users/kelly/OneDrive - Michigan State University/Research/MetaNetworksProject/MetaNetworksProject-Working/L0/taxa_to_check/Cyanolyca_nanus_VS.csv","breeding_migration | DatabaseSearchURL | effect_sp1_on_sp2 | effect_sp2_on_sp1 | entry_changes | entry_date | interaction | interaction_strength | name_changes | other_species1 | recorder | source_URL | species1_common | species1_lifestage | species1_scientific | species2_common | species2_lifestage | species2_scientific | text_excerpt | time_of_year | uncertain_interaction",21,TRUE,2026-09-03 20:38:56,"schema_10"
"C:/Users/kelly/OneDrive - Michigan State University/Research/MetaNetworksProject/MetaNetworksProject-Working/L0/taxa_to_check/Cyanolyca_pumilo_AH_CR.csv","breeding_migration | DatabaseSearchURL | effect_sp1_on_sp2 | effect_sp2_on_sp1 | entry_changes | entry_date | interaction | interaction_strength | name_changes | other_species1 | recorder | source_citation | source_URL | species1_common | species1_lifestage | species1_scientific | species2_common | species2_lifestage | species2_scientific | text_excerpt | time_of_year | uncertain_interaction",22,TRUE,2026-08-24 15:10:47,"schema_3"
"C:/Users/kelly/OneDrive - Michigan State University/Research/MetaNetworksProject/MetaNetworksProject-Working/L0/taxa_to_check/Cyanoramphus_ malherbi_AJ.csv","BOW_evidence | DatabaseSearchURL | effect_sp1_on_sp2 | effect_sp2_on_sp1 | entry_changes | entry_date | interaction | n_studies | name_changes | nonbreedingseason | notesA | notesB | notesC | notesD | other_species1 | recorder | sourceA_URL | sourceB_URL | sourceC_URL | sourceD_URL | species1_common | species1_scientific | species2_common | species2_scientific | uncertain_interaction",25,TRUE,2026-09-09 20:22:59,"schema_8"
"C:/Users/kelly/OneDrive - Michigan State University/Research/MetaNetworksProject/MetaNetworksProject-Working/L0/taxa_to_check/Cyclarhis_gujanensis_CR.csv","BOW_evidence | DatabaseSearchURL | effect_sp1_on_sp2 | effect_sp2_on_sp1 | entry_changes | entry_date | interaction | n_studies | name_changes | nonbreedingseason | notesA | notesB | notesC | notesD | OLDsourceA | OLDsourceB | other_species1 | recorder | sourceAupdatedURL | sourceBupdatedURL | sourceCupdatedURL | sourceDupdatedURL | species1_common | species1_scientific | species2_common | species2_scientific | uncertain_interaction",27,TRUE,2026-08-24 15:10:47,"schema_4"
"C:/Users/kelly/OneDrive - Michigan State University/Research/MetaNetworksProject/MetaNetworksProject-Working/L0/taxa_to_check/Cyclopes_dorsalis_JNS.csv","country | effect_on_tx1 | effect_on_tx2 | elevation | entry_changes | entry_date | interaction | interaction_confidence | interaction_excerpt | latitude | location | longitude | notes | recorder | source_citation | source_URL | taxa1_common | taxa1_group | taxa1_lifestage | taxa1_resolution | taxa1_scientific | taxa2_common | taxa2_group | taxa2_lifestage | taxa2_resolution | taxa2_scientific | time_of_year | timing_location_excerpt | tx1_life_history_season | tx2_life_history_season | version | year",32,TRUE,2026-09-11 17:41:20,"schema_11"
"C:/Users/kelly/OneDrive - Michigan State University/Research/MetaNetworksProject/MetaNetworksProject-Working/L0/taxa_to_check/Cynanthus_ doubledayi_AJ.csv","BOW_evidence | effect_sp1_on_sp2 | effect_sp2_on_sp1 | entry_changes | entry_date | interaction | n_studies | name_changes | nonbreedingseason | notesA | notesB | notesC | notesD | OLDsourceA | OLDsourceB | other_species1 | recorder | sourceAupdatedURL | sourceBupdatedURL | sourceCupdatedURL | sourceDupdatedURL | species1_common | species1_scientific | species2_common | species2_scientific | uncertain_interaction",26,TRUE,2026-08-24 15:10:47,"schema_1"
"C:/Users/kelly/OneDrive - Michigan State University/Research/MetaNetworksProject/MetaNetworksProject-Working/L0/taxa_to_check/Cynanthus_auriceps_AJ.csv","BOW_evidence | effect_sp1_on_sp2 | effect_sp2_on_sp1 | entry_changes | entry_date | interaction | n_studies | name_changes | nonbreedingseason | notesA | notesB | notesC | notesD | OLDsourceA | OLDsourceB | other_species1 | recorder | sourceAupdatedURL | sourceBupdatedURL | sourceCupdatedURL | sourceDupdatedURL | species1_common | species1_scientific | species2_common | species2_scientific | uncertain_interaction",26,TRUE,2026-08-24 15:10:47,"schema_1"
"C:/Users/kelly/OneDrive - Michigan State University/Research/MetaNetworksProject/MetaNetworksProject-Working/L0/taxa_to_check/Cynanthus_canivetii_AJ.csv","BOW_evidence | effect_sp1_on_sp2 | effect_sp2_on_sp1 | entry_changes | entry_date | interaction | n_studies | name_changes | nonbreedingseason | notesA | notesB | notesC | notesD | OLDsourceA | OLDsourceB | other_species1 | recorder | sourceAupdatedURL | sourceBupdatedURL | sourceCupdatedURL | sourceDupdatedURL | species1_common | species1_scientific | species2_common | species2_scientific | uncertain_interaction",26,TRUE,2026-08-24 15:10:47,"schema_1"
"C:/Users/kelly/OneDrive - Michigan State University/Research/MetaNetworksProject/MetaNetworksProject-Working/L0/taxa_to_check/Cynanthus_forficatus_AJ.csv","BOW_evidence | effect_sp1_on_sp2 | effect_sp2_on_sp1 | entry_changes | entry_date | interaction | n_studies | name_changes | nonbreedingseason | notesA | notesB | notesC | notesD | OLDsourceA | OLDsourceB | other_species1 | recorder | sourceAupdatedURL | sourceBupdatedURL | sourceCupdatedURL | sourceDupdatedURL | species1_common | species1_scientific | species2_common | species2_scientific | uncertain_interaction",26,TRUE,2026-08-24 15:10:47,"schema_1"
"C:/Users/kelly/OneDrive - Michigan State University/Research/MetaNetworksProject/MetaNetworksProject-Working/L0/taxa_to_check/Cypseloides_storeri_CR.csv","BOW_evidence | DatabaseSearchURL | effect_sp1_on_sp2 | effect_sp2_on_sp1 | entry_changes | entry_date | interaction | n_studies | name_changes | nonbreedingseason | notesA | notesB | notesC | notesD | OLDsourceA | OLDsourceB | other_species1 | recorder | sourceAupdatedURL | sourceBupdatedURL | sourceCupdatedURL | sourceDupdatedURL | species1_common | species1_scientific | species2_common | species2_scientific | uncertain_interaction",27,TRUE,2026-08-24 15:10:47,"schema_4"
"C:/Users/kelly/OneDrive - Michigan State University/Research/MetaNetworksProject/MetaNetworksProject-Working/L0/taxa_to_check/Cyrtonyx_ocellatus_AF.csv","BOW_evidence | effect_sp1_on_sp2 | effect_sp2_on_sp1 | entry_changes | entry_date | interaction | n_studies | name_changes | nonbreedingseason | notesA | notesB | notesC | notesD | OLDsourceA | OLDsourceB | other_species1 | recorder | sourceAupdatedURL | sourceBupdatedURL | sourceCupdatedURL | sourceDupdatedURL | species1_common | species1_scientific | species2_common | species2_scientific | uncertain_interaction",26,TRUE,2026-08-24 15:10:47,"schema_1"
"C:/Users/kelly/OneDrive - Michigan State University/Research/MetaNetworksProject/MetaNetworksProject-Working/L0/taxa_to_check/Dactylortyx_thoracicus_CR.csv","BOW_evidence | DatabaseSearchURL | effect_sp1_on_sp2 | effect_sp2_on_sp1 | entry_changes | entry_date | interaction | n_studies | name_changes | nonbreedingseason | notesA | notesB | notesC | notesD | OLDsourceA | OLDsourceB | other_species1 | recorder | sourceAupdatedURL | sourceBupdatedURL | sourceCupdatedURL | sourceDupdatedURL | species1_common | species1_scientific | species2_common | species2_scientific | uncertain_interaction",27,TRUE,2026-08-24 15:10:47,"schema_4"
"C:/Users/kelly/OneDrive - Michigan State University/Research/MetaNetworksProject/MetaNetworksProject-Working/L0/taxa_to_check/Dendrocincla_anabatina_AF.csv","BOW_evidence | effect_sp1_on_sp2 | effect_sp2_on_sp1 | entry_changes | entry_date | interaction | n_studies | name_changes | nonbreedingseason | notesA | notesB | notesC | notesD | OLDsourceA | OLDsourceB | other_species1 | recorder | sourceAupdatedURL | sourceBupdatedURL | sourceCupdatedURL | sourceDupdatedURL | species1_common | species1_scientific | species2_common | species2_scientific | uncertain_interaction",26,TRUE,2026-08-24 15:10:47,"schema_1"
"C:/Users/kelly/OneDrive - Michigan State University/Research/MetaNetworksProject/MetaNetworksProject-Working/L0/taxa_to_check/Dendrocincla_homochroa_MA.csv","BOW_evidence | effect_sp1_on_sp2 | effect_sp2_on_sp1 | entry_changes | entry_date | interaction | n_studies | name_changes | nonbreedingseason | notesA | notesB | notesC | notesD | OLDsourceA | OLDsourceB | other_species1 | recorder | sourceAupdatedURL | sourceBupdatedURL | sourceCupdatedURL | sourceDupdatedURL | species1_common | species1_scientific | species2_common | species2_scientific | uncertain_interaction",26,TRUE,2026-08-24 15:10:47,"schema_1"
"C:/Users/kelly/OneDrive - Michigan State University/Research/MetaNetworksProject/MetaNetworksProject-Working/L0/taxa_to_check/Dendrocolaptes_sanctithomae_AF.csv","BOW_evidence | effect_sp1_on_sp2 | effect_sp2_on_sp1 | entry_changes | entry_date | interaction | n_studies | name_changes | nonbreedingseason | notesA | notesB | notesC | notesD | OLDsourceA | OLDsourceB | other_species1 | recorder | sourceAupdatedURL | sourceBupdatedURL | sourceCupdatedURL | sourceDupdatedURL | species1_common | species1_scientific | species2_common | species2_scientific | uncertain_interaction",26,TRUE,2026-08-24 15:10:47,"schema_1"
"C:/Users/kelly/OneDrive - Michigan State University/Research/MetaNetworksProject/MetaNetworksProject-Working/L0/taxa_to_check/Dendrortyx_barbatus_AJ.csv","BOW_evidence | effect_sp1_on_sp2 | effect_sp2_on_sp1 | entry_changes | entry_date | interaction | n_studies | name_changes | nonbreedingseason | notesA | notesB | notesC | notesD | OLDsourceA | OLDsourceB | other_species1 | recorder | sourceAupdatedURL | sourceBupdatedURL | sourceCupdatedURL | sourceDupdatedURL | species1_common | species1_scientific | species2_common | species2_scientific | uncertain_interaction",26,TRUE,2026-08-24 15:10:47,"schema_1"
"C:/Users/kelly/OneDrive - Michigan State University/Research/MetaNetworksProject/MetaNetworksProject-Working/L0/taxa_to_check/Dendrortyx_leucophrys_AF.csv","BOW_evidence | DatabaseSearchURL | effect_sp1_on_sp2 | effect_sp2_on_sp1 | entry_changes | entry_date | interaction | n_studies | name_changes | nonbreedingseason | notesA | notesB | notesC | notesD | OLDsourceA | OLDsourceB | other_species1 | recorder | sourceAupdatedURL | sourceBupdatedURL | sourceCupdatedURL | sourceDupdatedURL | species1_common | species1_scientific | species2_common | species2_scientific | uncertain_interaction",27,TRUE,2026-08-24 15:10:47,"schema_4"
"C:/Users/kelly/OneDrive - Michigan State University/Research/MetaNetworksProject/MetaNetworksProject-Working/L0/taxa_to_check/Dendrortyx_macroura_AF.csv","BOW_evidence | effect_sp1_on_sp2 | effect_sp2_on_sp1 | entry_changes | entry_date | interaction | n_studies | name_changes | nonbreedingseason | notesA | notesB | notesC | notesD | OLDsourceA | OLDsourceB | other_species1 | recorder | sourceAupdatedURL | sourceBupdatedURL | sourceCupdatedURL | sourceDupdatedURL | species1_common | species1_scientific | species2_common | species2_scientific | uncertain_interaction",26,TRUE,2026-08-24 15:10:47,"schema_1"
"C:/Users/kelly/OneDrive - Michigan State University/Research/MetaNetworksProject/MetaNetworksProject-Working/L0/taxa_to_check/Dives_dives_JNS.csv","breeding_migration | DatabaseSearchURL | effect_sp1_on_sp2 | effect_sp2_on_sp1 | entry_changes | entry_date | interaction | interaction_strength | name_changes | other_species1 | recorder | source_citation | source_URL | species1_common | species1_lifestage | species1_scientific | species2_common | species2_lifestage | species2_scientific | text_excerpt | time_of_year | uncertain_interaction",22,TRUE,2026-09-17 15:18:51,"schema_3"
"C:/Users/kelly/OneDrive - Michigan State University/Research/MetaNetworksProject/MetaNetworksProject-Working/L0/taxa_to_check/Dryobates_fumigatus_AJ.csv","BOW_evidence | DatabaseSearchURL | effect_sp1_on_sp2 | effect_sp2_on_sp1 | entry_changes | entry_date | interaction | n_studies | name_changes | nonbreedingseason | notesA | notesB | notesC | notesD | OLDsourceA | OLDsourceB | other_species1 | recorder | sourceAupdatedURL | sourceBupdatedURL | sourceCupdatedURL | sourceDupdatedURL | species1_common | species1_scientific | species2_common | species2_scientific | uncertain_interaction",27,TRUE,2026-08-24 15:10:47,"schema_4"
"C:/Users/kelly/OneDrive - Michigan State University/Research/MetaNetworksProject/MetaNetworksProject-Working/L0/taxa_to_check/Dryocopus_lineatus_AJ.csv","BOW_evidence | effect_sp1_on_sp2 | effect_sp2_on_sp1 | entry_changes | entry_date | interaction | n_studies | name_changes | nonbreedingseason | notesA | notesB | notesC | notesD | OLDsourceA | OLDsourceB | other_species1 | recorder | sourceAupdatedURL | sourceBupdatedURL | sourceCupdatedURL | sourceDupdatedURL | species1_common | species1_scientific | species2_common | species2_scientific | uncertain_interaction",26,TRUE,2026-08-24 15:10:47,"schema_1"
"C:/Users/kelly/OneDrive - Michigan State University/Research/MetaNetworksProject/MetaNetworksProject-Working/L0/taxa_to_check/Dysithamnus_mentalis_AF.csv","BOW_evidence | effect_sp1_on_sp2 | effect_sp2_on_sp1 | entry_changes | entry_date | interaction | n_studies | name_changes | nonbreedingseason | notesA | notesB | notesC | notesD | OLDsourceA | OLDsourceB | other_species1 | recorder | sourceAupdatedURL | sourceBupdatedURL | sourceCupdatedURL | sourceDupdatedURL | species1_common | species1_scientific | species2_common | species2_scientific | uncertain_interaction",26,TRUE,2026-08-24 15:10:47,"schema_1"
"C:/Users/kelly/OneDrive - Michigan State University/Research/MetaNetworksProject/MetaNetworksProject-Working/L0/taxa_to_check/Elaenia_flavogaster_AF.csv","BOW_evidence | effect_sp1_on_sp2 | effect_sp2_on_sp1 | entry_changes | entry_date | interaction | n_studies | name_changes | nonbreedingseason | notesA | notesB | notesC | notesD | OLDsourceA | OLDsourceB | other_species1 | recorder | sourceAupdatedURL | sourceBupdatedURL | sourceCupdatedURL | sourceDupdatedURL | species1_common | species1_scientific | species2_common | species2_scientific | uncertain_interaction",26,TRUE,2026-08-24 15:10:47,"schema_1"
"C:/Users/kelly/OneDrive - Michigan State University/Research/MetaNetworksProject/MetaNetworksProject-Working/L0/taxa_to_check/Elaenia_frantzii_AF.csv","BOW_evidence | effect_sp1_on_sp2 | effect_sp2_on_sp1 | entry_changes | entry_date | interaction | n_studies | name_changes | nonbreedingseason | notesA | notesB | notesC | notesD | OLDsourceA | OLDsourceB | other_species1 | recorder | sourceAupdatedURL | sourceBupdatedURL | sourceCupdatedURL | sourceDupdatedURL | species1_common | species1_scientific | species2_common | species2_scientific | uncertain_interaction",26,TRUE,2026-08-24 15:10:47,"schema_1"
"C:/Users/kelly/OneDrive - Michigan State University/Research/MetaNetworksProject/MetaNetworksProject-Working/L0/taxa_to_check/Empidonax_ affinis_AJ.csv","BOW_evidence | effect_sp1_on_sp2 | effect_sp2_on_sp1 | entry_changes | entry_date | interaction | n_studies | name_changes | nonbreedingseason | notesA | notesB | notesC | notesD | OLDsourceA | OLDsourceB | other_species1 | recorder | sourceAupdatedURL | sourceBupdatedURL | sourceCupdatedURL | sourceDupdatedURL | species1_common | species1_scientific | species2_common | species2_scientific | uncertain_interaction",26,TRUE,2026-08-24 15:10:47,"schema_1"
"C:/Users/kelly/OneDrive - Michigan State University/Research/MetaNetworksProject/MetaNetworksProject-Working/L0/taxa_to_check/Empidonax_affinis_MA.csv","BOW_evidence | effect_sp1_on_sp2 | effect_sp2_on_sp1 | entry_changes | entry_date | interaction | n_studies | name_changes | nonbreedingseason | notesA | notesB | notesC | notesD | OLDsourceA | OLDsourceB | other_species1 | recorder | sourceAupdatedURL | sourceBupdatedURL | sourceCupdatedURL | sourceDupdatedURL | species1_common | species1_scientific | species2_common | species2_scientific | uncertain_interaction",26,FALSE,2024-09-17 18:05:16,"schema_1"
"C:/Users/kelly/OneDrive - Michigan State University/Research/MetaNetworksProject/MetaNetworksProject-Working/L0/taxa_to_check/Empidonax_albigularis_AF.csv","BOW_evidence | effect_sp1_on_sp2 | effect_sp2_on_sp1 | entry_changes | entry_date | interaction | n_studies | name_changes | nonbreedingseason | notesA | notesB | notesC | notesD | OLDsourceA | OLDsourceB | other_species1 | recorder | sourceAupdatedURL | sourceBupdatedURL | sourceCupdatedURL | sourceDupdatedURL | species1_common | species1_scientific | species2_common | species2_scientific | uncertain_interaction",26,TRUE,2026-08-24 15:10:47,"schema_1"
"C:/Users/kelly/OneDrive - Michigan State University/Research/MetaNetworksProject/MetaNetworksProject-Working/L0/taxa_to_check/Empidonax_flavescens_CR.csv","BOW_evidence | effect_sp1_on_sp2 | effect_sp2_on_sp1 | entry_changes | entry_date | interaction | n_studies | name_changes | nonbreedingseason | notesA | notesB | notesC | notesD | OLDsourceA | OLDsourceB | other_species1 | recorder | sourceAupdatedURL | sourceBupdatedURL | sourceCupdatedURL | sourceDupdatedURL | species1_common | species1_scientific | species2_common | species2_scientific | uncertain_interaction",26,TRUE,2026-08-24 15:10:47,"schema_1"
"C:/Users/kelly/OneDrive - Michigan State University/Research/MetaNetworksProject/MetaNetworksProject-Working/L0/taxa_to_check/Eudromias_morinellus_AF.csv","BOW_evidence | effect_sp1_on_sp2 | effect_sp2_on_sp1 | entry_changes | entry_date | interaction | n_studies | name_changes | nonbreedingseason | notesA | notesB | notesC | notesD | OLDsourceA | OLDsourceB | other_species1 | recorder | sourceAupdatedURL | sourceBupdatedURL | sourceCupdatedURL | sourceDupdatedURL | species1_common | species1_scientific | species2_common | species2_scientific | uncertain_interaction",26,TRUE,2026-08-24 15:10:47,"schema_1"
"C:/Users/kelly/OneDrive - Michigan State University/Research/MetaNetworksProject/MetaNetworksProject-Working/L0/taxa_to_check/Eumomota_superciliosa_AF.csv","BOW_evidence | DatabaseSearchURL | effect_sp1_on_sp2 | effect_sp2_on_sp1 | entry_changes | entry_date | interaction | n_studies | name_changes | nonbreedingseason | notesA | notesB | notesC | notesD | OLDsourceA | OLDsourceB | other_species1 | recorder | sourceAupdatedURL | sourceBupdatedURL | sourceCupdatedURL | sourceDupdatedURL | species1_common | species1_scientific | species2_common | species2_scientific | uncertain_interaction",27,TRUE,2026-08-24 15:10:47,"schema_4"
"C:/Users/kelly/OneDrive - Michigan State University/Research/MetaNetworksProject/MetaNetworksProject-Working/L0/taxa_to_check/Eupherusa_ cyanophrys_AJ.csv","BOW_evidence | effect_sp1_on_sp2 | effect_sp2_on_sp1 | entry_changes | entry_date | interaction | n_studies | name_changes | nonbreedingseason | notesA | notesB | notesC | notesD | OLDsourceA | OLDsourceB | other_species1 | recorder | sourceAupdatedURL | sourceBupdatedURL | sourceCupdatedURL | sourceDupdatedURL | species1_common | species1_scientific | species2_common | species2_scientific | uncertain_interaction",26,TRUE,2026-08-24 15:10:47,"schema_1"
"C:/Users/kelly/OneDrive - Michigan State University/Research/MetaNetworksProject/MetaNetworksProject-Working/L0/taxa_to_check/Eupherusa_eximia_AJ.csv","BOW_evidence | effect_sp1_on_sp2 | effect_sp2_on_sp1 | entry_changes | entry_date | interaction | n_studies | name_changes | nonbreedingseason | notesA | notesB | notesC | notesD | OLDsourceA | OLDsourceB | other_species1 | recorder | sourceAupdatedURL | sourceBupdatedURL | sourceCupdatedURL | sourceDupdatedURL | species1_common | species1_scientific | species2_common | species2_scientific | uncertain_interaction",26,TRUE,2026-08-24 15:10:47,"schema_1"
"C:/Users/kelly/OneDrive - Michigan State University/Research/MetaNetworksProject/MetaNetworksProject-Working/L0/taxa_to_check/Eupherusa_poliocerca_AJ.csv","BOW_evidence | effect_sp1_on_sp2 | effect_sp2_on_sp1 | entry_changes | entry_date | interaction | n_studies | name_changes | nonbreedingseason | notesA | notesB | notesC | notesD | OLDsourceA | OLDsourceB | other_species1 | recorder | sourceAupdatedURL | sourceBupdatedURL | sourceCupdatedURL | sourceDupdatedURL | species1_common | species1_scientific | species2_common | species2_scientific | uncertain_interaction",26,TRUE,2026-08-24 15:10:47,"schema_1"
"C:/Users/kelly/OneDrive - Michigan State University/Research/MetaNetworksProject/MetaNetworksProject-Working/L0/taxa_to_check/Eupherusa_ridgwayi_AJ.csv","BOW_evidence | effect_sp1_on_sp2 | effect_sp2_on_sp1 | entry_changes | entry_date | interaction | n_studies | name_changes | nonbreedingseason | notesA | notesB | notesC | notesD | OLDsourceA | OLDsourceB | other_species1 | recorder | sourceAupdatedURL | sourceBupdatedURL | sourceCupdatedURL | sourceDupdatedURL | species1_common | species1_scientific | species2_common | species2_scientific | uncertain_interaction",26,TRUE,2026-08-24 15:10:47,"schema_1"
"C:/Users/kelly/OneDrive - Michigan State University/Research/MetaNetworksProject/MetaNetworksProject-Working/L0/taxa_to_check/Euphonia_godmani_AH.csv","breeding_migration | DatabaseSearchURL | effect_sp1_on_sp2 | effect_sp2_on_sp1 | entry_changes | entry_date | interaction | interaction_strength | name_changes | other_species1 | recorder | source_citation | source_URL | species1_common | species1_lifestage | species1_scientific | species2_common | species2_lifestage | species2_scientific | text_excerpt | time_of_year | uncertain_interaction",22,TRUE,2026-08-24 15:10:47,"schema_3"
"C:/Users/kelly/OneDrive - Michigan State University/Research/MetaNetworksProject/MetaNetworksProject-Working/L0/taxa_to_check/Euphonia_gouldi_OG.csv","breeding_migration | DatabaseSearchURL | effect_sp1_on_sp2 | effect_sp2_on_sp1 | entry_changes | entry_date | interaction | interaction_strength | name_changes | other_species1 | recorder | source_citation | source_URL | species1_common | species1_lifestage | species1_scientific | species2_common | species2_lifestage | species2_scientific | text_excerpt | time_of_year | uncertain_interaction",22,TRUE,2026-08-24 15:10:47,"schema_3"
"C:/Users/kelly/OneDrive - Michigan State University/Research/MetaNetworksProject/MetaNetworksProject-Working/L0/taxa_to_check/Euphonia_hirundinacea_AH.csv","breeding_migration | DatabaseSearchURL | effect_sp1_on_sp2 | effect_sp2_on_sp1 | entry_changes | entry_date | interaction | interaction_strength | name_changes | other_species1 | recorder | source_citation | source_URL | species1_common | species1_lifestage | species1_scientific | species2_common | species2_lifestage | species2_scientific | text_excerpt | time_of_year | uncertain_interaction",22,TRUE,2026-08-24 15:10:47,"schema_3"
"C:/Users/kelly/OneDrive - Michigan State University/Research/MetaNetworksProject/MetaNetworksProject-Working/L0/taxa_to_check/Euphonia_minuta_VS.csv","breeding_migration | DatabaseSearchURL | effect_sp1_on_sp2 | effect_sp2_on_sp1 | entry_changes | entry_date | interaction | interaction_strength | name_changes | other_species1 | recorder | source_citation | source_URL | species1_common | species1_lifestage | species1_scientific | species2_common | species2_lifestage | species2_scientific | text_excerpt | time_of_year | uncertain_interaction",22,TRUE,2026-08-24 15:10:47,"schema_3"
"C:/Users/kelly/OneDrive - Michigan State University/Research/MetaNetworksProject/MetaNetworksProject-Working/L0/taxa_to_check/Eupsittula_canicularis_AJ.csv","BOW_evidence | DatabaseSearchURL | effect_sp1_on_sp2 | effect_sp2_on_sp1 | entry_changes | entry_date | interaction | n_studies | name_changes | nonbreedingseason | notesA | notesB | notesC | notesD | OLDsourceA | OLDsourceB | other_species1 | recorder | sourceAupdatedURL | sourceBupdatedURL | sourceCupdatedURL | sourceDupdatedURL | species1_common | species1_scientific | species2_common | species2_scientific | uncertain_interaction",27,TRUE,2026-08-24 15:10:47,"schema_4"
"C:/Users/kelly/OneDrive - Michigan State University/Research/MetaNetworksProject/MetaNetworksProject-Working/L0/taxa_to_check/Eupsittula_nana_AF.csv","BOW_evidence | effect_sp1_on_sp2 | effect_sp2_on_sp1 | entry_changes | entry_date | interaction | n_studies | name_changes | nonbreedingseason | notesA | notesB | notesC | notesD | OLDsourceA | OLDsourceB | other_species1 | recorder | sourceAupdatedURL | sourceBupdatedURL | sourceCupdatedURL | sourceDupdatedURL | species1_common | species1_scientific | species2_common | species2_scientific | uncertain_interaction",26,TRUE,2026-08-24 15:10:47,"schema_1"
"C:/Users/kelly/OneDrive - Michigan State University/Research/MetaNetworksProject/MetaNetworksProject-Working/L0/taxa_to_check/Euptilotis_neoxenus_CR.csv","BOW_evidence | effect_sp1_on_sp2 | effect_sp2_on_sp1 | entry_changes | entry_date | interaction | n_studies | name_changes | nonbreedingseason | notesA | notesB | notesC | notesD | OLDsourceA | OLDsourceB | other_species1 | recorder | sourceAupdatedURL | sourceBupdatedURL | sourceCupdatedURL | sourceDupdatedURL | species1_common | species1_scientific | species2_common | species2_scientific | uncertain_interaction",26,TRUE,2026-08-24 15:10:47,"schema_1"
"C:/Users/kelly/OneDrive - Michigan State University/Research/MetaNetworksProject/MetaNetworksProject-Working/L0/taxa_to_check/Falco_deiroleucus_AF.csv","BOW_evidence | effect_sp1_on_sp2 | effect_sp2_on_sp1 | entry_changes | entry_date | interaction | n_studies | name_changes | nonbreedingseason | notesA | notesB | notesC | notesD | OLDsourceA | OLDsourceB | other_species1 | recorder | sourceAupdatedURL | sourceBupdatedURL | sourceCupdatedURL | sourceDupdatedURL | species1_common | species1_scientific | species2_common | species2_scientific | uncertain_interaction",26,TRUE,2026-08-24 15:10:47,"schema_1"
"C:/Users/kelly/OneDrive - Michigan State University/Research/MetaNetworksProject/MetaNetworksProject-Working/L0/taxa_to_check/Falco_rufigularis_GD.csv","BOW_evidence | effect_sp1_on_sp2 | effect_sp2_on_sp1 | entry_changes | entry_date | interaction | n_studies | name_changes | nonbreedingseason | notesA | notesB | notesC | notesD | OLDsourceA | OLDsourceB | other_species1 | recorder | sourceAupdatedURL | sourceBupdatedURL | sourceCupdatedURL | sourceDupdatedURL | species1_common | species1_scientific | species2_common | species2_scientific | uncertain_interaction",26,TRUE,2026-08-24 15:10:47,"schema_1"
"C:/Users/kelly/OneDrive - Michigan State University/Research/MetaNetworksProject/MetaNetworksProject-Working/L0/taxa_to_check/Florisuga_mellivora_CR.csv","BOW_evidence | effect_sp1_on_sp2 | effect_sp2_on_sp1 | entry_changes | entry_date | GoogleScholarURL | interaction | n_studies | name_changes | nonbreedingseason | notesA | notesB | notesC | notesD | OLDsourceA | OLDsourceB | other_species1 | recorder | sourceAupdatedURL | sourceBupdatedURL | sourceCupdatedURL | sourceDupdatedURL | species1_common | species1_scientific | species2_common | species2_scientific | uncertain_interaction",27,TRUE,2026-08-24 15:10:47,"schema_6"
"C:/Users/kelly/OneDrive - Michigan State University/Research/MetaNetworksProject/MetaNetworksProject-Working/L0/taxa_to_check/Formicarius_analis_MA.csv","BOW_evidence | DatabaseSearchURL | effect_sp1_on_sp2 | effect_sp2_on_sp1 | entry_changes | entry_date | interaction | n_studies | name_changes | nonbreedingseason | notesA | notesB | notesC | notesD | OLDsourceA | OLDsourceB | other_species1 | recorder | sourceAupdatedURL | sourceBupdatedURL | sourceCupdatedURL | sourceDupdatedURL | species1_common | species1_scientific | species2_common | species2_scientific | uncertain_interaction",27,TRUE,2026-08-24 15:10:47,"schema_4"
"C:/Users/kelly/OneDrive - Michigan State University/Research/MetaNetworksProject/MetaNetworksProject-Working/L0/taxa_to_check/Formicarius_moniliger_MA.csv","BOW_evidence | effect_sp1_on_sp2 | effect_sp2_on_sp1 | entry_changes | entry_date | interaction | n_studies | name_changes | nonbreedingseason | notesA | notesB | notesC | notesD | OLDsourceA | OLDsourceB | other_species1 | recorder | sourceAupdatedURL | sourceBupdatedURL | sourceCupdatedURL | sourceDupdatedURL | species1_common | species1_scientific | species2_common | species2_scientific | uncertain_interaction",26,TRUE,2026-08-24 15:10:47,"schema_1"
"C:/Users/kelly/OneDrive - Michigan State University/Research/MetaNetworksProject/MetaNetworksProject-Working/L0/taxa_to_check/Forpus_cyanopygius_AJ.csv","BOW_evidence | effect_sp1_on_sp2 | effect_sp2_on_sp1 | entry_changes | entry_date | interaction | n_studies | name_changes | nonbreedingseason | notesA | notesB | notesC | notesD | OLDsourceA | OLDsourceB | other_species1 | recorder | sourceAupdatedURL | sourceBupdatedURL | sourceCupdatedURL | sourceDupdatedURL | species1_common | species1_scientific | species2_common | species2_scientific | uncertain_interaction",26,TRUE,2026-08-24 15:10:47,"schema_1"
"C:/Users/kelly/OneDrive - Michigan State University/Research/MetaNetworksProject/MetaNetworksProject-Working/L0/taxa_to_check/Galbula_ruficauda_CR.csv","BOW_evidence | effect_sp1_on_sp2 | effect_sp2_on_sp1 | entry_changes | entry_date | interaction | n_studies | name_changes | nonbreedingseason | notesA | notesB | notesC | notesD | OLDsourceA | OLDsourceB | other_species1 | recorder | sourceAupdatedURL | sourceBupdatedURL | sourceCupdatedURL | sourceDupdatedURL | species1_common | species1_scientific | species2_common | species2_scientific | uncertain_interaction",26,TRUE,2026-08-24 15:10:47,"schema_1"
"C:/Users/kelly/OneDrive - Michigan State University/Research/MetaNetworksProject/MetaNetworksProject-Working/L0/taxa_to_check/Geococcyx_velox.csv","BOW_evidence | effect_sp1_on_sp2 | effect_sp2_on_sp1 | entry_changes | entry_date | interaction | n_studies | name_changes | nonbreedingseason | notesA | notesB | notesC | notesD | OLDsourceA | OLDsourceB | other_species1 | recorder | sourceAupdatedURL | sourceBupdatedURL | sourceCupdatedURL | sourceDupdatedURL | species1_common | species1_scientific | species2_common | species2_scientific | uncertain_interaction",26,TRUE,2026-08-24 15:10:47,"schema_1"
"C:/Users/kelly/OneDrive - Michigan State University/Research/MetaNetworksProject/MetaNetworksProject-Working/L0/taxa_to_check/Geothlypis_flavovelata_OG.csv","breeding_migration | DatabaseSearchURL | effect_sp1_on_sp2 | effect_sp2_on_sp1 | entry_changes | entry_date | interaction | interaction_strength | name_changes | other_species1 | recorder | source_citation | source_URL | species1_common | species1_lifestage | species1_scientific | species2_common | species2_lifestage | species2_scientific | text_excerpt | time_of_year | uncertain_interaction",22,TRUE,2026-08-24 15:10:47,"schema_3"
"C:/Users/kelly/OneDrive - Michigan State University/Research/MetaNetworksProject/MetaNetworksProject-Working/L0/taxa_to_check/Geothlypis_nelsoni_OG.csv","breeding_migration | DatabaseSearchURL | effect_sp1_on_sp2 | effect_sp2_on_sp1 | entry_changes | entry_date | interaction | interaction_strength | name_changes | other_species1 | recorder | source_citation | source_URL | species1_common | species1_lifestage | species1_scientific | species2_common | species2_lifestage | species2_scientific | text_excerpt | time_of_year | uncertain_interaction",22,FALSE,2026-02-10 18:45:26,"schema_3"
"C:/Users/kelly/OneDrive - Michigan State University/Research/MetaNetworksProject/MetaNetworksProject-Working/L0/taxa_to_check/Geothlypis_speciosa_LB.csv","breeding_migration | DatabaseSearchURL | effect_sp1_on_sp2 | effect_sp2_on_sp1 | entry_changes | entry_date | interaction | interaction_strength | name_changes | other_species1 | recorder | source_citation | source_URL | species1_common | species1_lifestage | species1_scientific | species2_common | species2_lifestage | species2_scientific | text_excerpt | time_of_year | uncertain_interaction",22,TRUE,2026-09-17 15:18:51,"schema_3"
"C:/Users/kelly/OneDrive - Michigan State University/Research/MetaNetworksProject/MetaNetworksProject-Working/L0/taxa_to_check/Geotrygon_ montana_AJ.csv","BOW_evidence | effect_sp1_on_sp2 | effect_sp2_on_sp1 | entry_changes | entry_date | interaction | n_studies | name_changes | nonbreedingseason | notesA | notesB | notesC | notesD | OLDsourceA | OLDsourceB | other_species1 | recorder | sourceAupdatedURL | sourceBupdatedURL | sourceCupdatedURL | sourceDupdatedURL | species1_common | species1_scientific | species2_common | species2_scientific | uncertain_interaction",26,TRUE,2026-09-03 20:38:56,"schema_1"
"C:/Users/kelly/OneDrive - Michigan State University/Research/MetaNetworksProject/MetaNetworksProject-Working/L0/taxa_to_check/Geranospiza_caerulescens_MA.csv","BOW_evidence | effect_sp1_on_sp2 | effect_sp2_on_sp1 | entry_changes | entry_date | interaction | n_studies | name_changes | nonbreedingseason | notesA | notesB | notesC | notesD | OLDsourceA | OLDsourceB | other_species1 | recorder | sourceAupdatedURL | sourceBupdatedURL | sourceCupdatedURL | sourceDupdatedURL | species1_common | species1_scientific | species2_common | species2_scientific | uncertain_interaction",26,TRUE,2026-08-24 15:10:47,"schema_1"
"C:/Users/kelly/OneDrive - Michigan State University/Research/MetaNetworksProject/MetaNetworksProject-Working/L0/taxa_to_check/Glaucidium_griseiceps_AJ.csv","BOW_evidence | effect_sp1_on_sp2 | effect_sp2_on_sp1 | entry_changes | entry_date | interaction | n_studies | name_changes | nonbreedingseason | notesA | notesB | notesC | notesD | OLDsourceA | OLDsourceB | other_species1 | recorder | sourceAupdatedURL | sourceBupdatedURL | sourceCupdatedURL | sourceDupdatedURL | species1_common | species1_scientific | species2_common | species2_scientific | uncertain_interaction",26,TRUE,2026-08-24 15:10:47,"schema_1"
"C:/Users/kelly/OneDrive - Michigan State University/Research/MetaNetworksProject/MetaNetworksProject-Working/L0/taxa_to_check/Glaucidium_palmarum_AJ.csv","BOW_evidence | effect_sp1_on_sp2 | effect_sp2_on_sp1 | entry_changes | entry_date | interaction | n_studies | name_changes | nonbreedingseason | notesA | notesB | notesC | notesD | OLDsourceA | OLDsourceB | other_species1 | recorder | sourceAupdatedURL | sourceBupdatedURL | sourceCupdatedURL | sourceDupdatedURL | species1_common | species1_scientific | species2_common | species2_scientific | uncertain_interaction",26,TRUE,2026-08-24 15:10:47,"schema_1"
"C:/Users/kelly/OneDrive - Michigan State University/Research/MetaNetworksProject/MetaNetworksProject-Working/L0/taxa_to_check/Glaucidium_sanchezi_GD.csv","BOW_evidence | effect_sp1_on_sp2 | effect_sp2_on_sp1 | entry_changes | entry_date | interaction | n_studies | name_changes | nonbreedingseason | notesA | notesB | notesC | notesD | OLDsourceA | OLDsourceB | other_species1 | recorder | sourceAupdatedURL | sourceBupdatedURL | sourceCupdatedURL | sourceDupdatedURL | species1_common | species1_scientific | species2_common | species2_scientific | uncertain_interaction",26,TRUE,2026-08-24 15:10:47,"schema_1"
"C:/Users/kelly/OneDrive - Michigan State University/Research/MetaNetworksProject/MetaNetworksProject-Working/L0/taxa_to_check/Glyphorynchus_spirurus_CR.csv","BOW_evidence | effect_sp1_on_sp2 | effect_sp2_on_sp1 | entry_changes | entry_date | interaction | n_studies | name_changes | nonbreedingseason | notesA | notesB | notesC | notesD | OLDsourceA | OLDsourceB | other_species1 | recorder | sourceAupdatedURL | sourceBupdatedURL | sourceCupdatedURL | sourceDupdatedURL | species1_common | species1_scientific | species2_common | species2_scientific | uncertain_interaction",26,TRUE,2026-08-24 15:10:47,"schema_1"
"C:/Users/kelly/OneDrive - Michigan State University/Research/MetaNetworksProject/MetaNetworksProject-Working/L0/taxa_to_check/Granatellus_sallaei_VS.csv","country | DatabaseSearchURL | effect_tx1_on_tx2 | effect_tx2_on_tx1 | entry_changes | entry_date | interaction | interaction_excerpt | interaction_strength | location | name_changes | recorder | source_citation | source_URL | taxa1_common | taxa1_lifestage | taxa1_scientific | taxa2_common | taxa2_lifestage | taxa2_scientific | time_of_year | timing_location_excerpt | tx1_life_history_season | tx2_life_history_season | uncertain_interaction | version | year",27,TRUE,2026-08-24 15:10:47,"schema_7"
"C:/Users/kelly/OneDrive - Michigan State University/Research/MetaNetworksProject/MetaNetworksProject-Working/L0/taxa_to_check/Habia_fuscicauda_LB.csv","country | DatabaseSearchURL | effect_tx1_on_tx2 | effect_tx2_on_tx1 | entry_changes | entry_date | interaction | interaction_excerpt | interaction_strength | location | name_changes | recorder | source_citation | source_URL | taxa1_common | taxa1_lifestage | taxa1_scientific | taxa2_common | taxa2_lifestage | taxa2_scientific | time_of_year | timing_location_excerpt | tx1_life_history_season | tx2_life_history_season | uncertain_interaction | version | year",27,TRUE,2026-09-17 15:18:51,"schema_7"
"C:/Users/kelly/OneDrive - Michigan State University/Research/MetaNetworksProject/MetaNetworksProject-Working/L0/taxa_to_check/Habia_rubica_AH.csv","country | DatabaseSearchURL | effect_tx1_on_tx2 | effect_tx2_on_tx1 | entry_changes | entry_date | interaction | interaction_excerpt | interaction_strength | location | name_changes | recorder | source_citation | source_URL | taxa1_common | taxa1_lifestage | taxa1_scientific | taxa2_common | taxa2_lifestage | taxa2_scientific | time_of_year | timing_location_excerpt | tx1_life_history_season | tx2_life_history_season | uncertain_interaction | version | year",27,TRUE,2026-08-24 15:10:47,"schema_7"
"C:/Users/kelly/OneDrive - Michigan State University/Research/MetaNetworksProject/MetaNetworksProject-Working/L0/taxa_to_check/Haliaeetus_albicilla_CR.csv","BOW_evidence | effect_sp1_on_sp2 | effect_sp2_on_sp1 | entry_changes | entry_date | interaction | n_studies | name_changes | nonbreedingseason | notesA | notesB | notesC | notesD | OLDsourceA | OLDsourceB | other_species1 | recorder | sourceAupdatedURL | sourceBupdatedURL | sourceCupdatedURL | sourceDupdatedURL | species1_common | species1_scientific | species2_common | species2_scientific | uncertain_interaction",26,TRUE,2026-08-24 15:10:47,"schema_1"
"C:/Users/kelly/OneDrive - Michigan State University/Research/MetaNetworksProject/MetaNetworksProject-Working/L0/taxa_to_check/Hapalocrex_flaviventer_AJ.csv","BOW_evidence | effect_sp1_on_sp2 | effect_sp2_on_sp1 | entry_changes | entry_date | interaction | n_studies | name_changes | nonbreedingseason | notesA | notesB | notesC | notesD | OLDsourceA | OLDsourceB | other_species1 | recorder | sourceAupdatedURL | sourceBupdatedURL | sourceCupdatedURL | sourceDupdatedURL | species1_common | species1_scientific | species2_common | species2_scientific | uncertain_interaction",26,TRUE,2026-08-24 15:10:47,"schema_1"
"C:/Users/kelly/OneDrive - Michigan State University/Research/MetaNetworksProject/MetaNetworksProject-Working/L0/taxa_to_check/Harpagus_bidentatus_AF.csv","BOW_evidence | effect_sp1_on_sp2 | effect_sp2_on_sp1 | entry_changes | entry_date | interaction | n_studies | name_changes | nonbreedingseason | notesA | notesB | notesC | notesD | OLDsourceA | OLDsourceB | other_species1 | recorder | sourceAupdatedURL | sourceBupdatedURL | sourceCupdatedURL | sourceDupdatedURL | species1_common | species1_scientific | species2_common | species2_scientific | uncertain_interaction",26,TRUE,2026-08-24 15:10:47,"schema_1"
"C:/Users/kelly/OneDrive - Michigan State University/Research/MetaNetworksProject/MetaNetworksProject-Working/L0/taxa_to_check/Heliomaster_constantii_CR.csv","BOW_evidence | effect_sp1_on_sp2 | effect_sp2_on_sp1 | entry_changes | entry_date | interaction | n_studies | name_changes | nonbreedingseason | notesA | notesB | notesC | notesD | OLDsourceA | OLDsourceB | other_species1 | recorder | sourceAupdatedURL | sourceBupdatedURL | sourceCupdatedURL | sourceDupdatedURL | species1_common | species1_scientific | species2_common | species2_scientific | uncertain_interaction",26,TRUE,2026-08-24 15:10:47,"schema_1"
"C:/Users/kelly/OneDrive - Michigan State University/Research/MetaNetworksProject/MetaNetworksProject-Working/L0/taxa_to_check/Heliomaster_longirostris_MA.csv","BOW_evidence | effect_sp1_on_sp2 | effect_sp2_on_sp1 | entry_changes | entry_date | interaction | n_studies | name_changes | nonbreedingseason | notesA | notesB | notesC | notesD | OLDsourceA | OLDsourceB | other_species1 | recorder | sourceAupdatedURL | sourceBupdatedURL | sourceCupdatedURL | sourceDupdatedURL | species1_common | species1_scientific | species2_common | species2_scientific | uncertain_interaction",26,TRUE,2026-08-24 15:10:47,"schema_1"
"C:/Users/kelly/OneDrive - Michigan State University/Research/MetaNetworksProject/MetaNetworksProject-Working/L0/taxa_to_check/Heliothryx_barroti_MA.csv","BOW_evidence | effect_sp1_on_sp2 | effect_sp2_on_sp1 | entry_changes | entry_date | interaction | n_studies | name_changes | nonbreedingseason | notesA | notesB | notesC | notesD | OLDsourceA | OLDsourceB | other_species1 | recorder | sourceAupdatedURL | sourceBupdatedURL | sourceCupdatedURL | sourceDupdatedURL | species1_common | species1_scientific | species2_common | species2_scientific | uncertain_interaction",26,TRUE,2026-08-24 15:10:47,"schema_1"
"C:/Users/kelly/OneDrive - Michigan State University/Research/MetaNetworksProject/MetaNetworksProject-Working/L0/taxa_to_check/Henicorhina_leucosticta_LB_CR.csv","breeding_migration | DatabaseSearchURL | effect_sp1_on_sp2 | effect_sp2_on_sp1 | entry_changes | entry_date | interaction | interaction_strength | name_changes | other_species1 | recorder | source_citation | source_URL | species1_common | species1_lifestage | species1_scientific | species2_common | species2_lifestage | species2_scientific | text_excerpt | time_of_year | uncertain_interaction",22,TRUE,2026-09-17 15:18:51,"schema_3"
"C:/Users/kelly/OneDrive - Michigan State University/Research/MetaNetworksProject/MetaNetworksProject-Working/L0/taxa_to_check/Herpetotheres_cachinnans_GD.csv","BOW_evidence | effect_sp1_on_sp2 | effect_sp2_on_sp1 | entry_changes | entry_date | interaction | n_studies | name_changes | nonbreedingseason | notesA | notesB | notesC | notesD | OLDsourceA | OLDsourceB | other_species1 | recorder | sourceAupdatedURL | sourceBupdatedURL | sourceCupdatedURL | sourceDupdatedURL | species1_common | species1_scientific | species2_common | species2_scientific | uncertain_interaction",26,TRUE,2026-08-24 15:10:47,"schema_1"
"C:/Users/kelly/OneDrive - Michigan State University/Research/MetaNetworksProject/MetaNetworksProject-Working/L0/taxa_to_check/Hesperoburhinus_bistriatus_MA.csv","BOW_evidence | effect_sp1_on_sp2 | effect_sp2_on_sp1 | entry_changes | entry_date | interaction | n_studies | name_changes | nonbreedingseason | notesA | notesB | notesC | notesD | OLDsourceA | OLDsourceB | other_species1 | recorder | sourceAupdatedURL | sourceBupdatedURL | sourceCupdatedURL | sourceDupdatedURL | species1_common | species1_scientific | species2_common | species2_scientific | uncertain_interaction",26,TRUE,2026-08-24 15:10:47,"schema_1"
"C:/Users/kelly/OneDrive - Michigan State University/Research/MetaNetworksProject/MetaNetworksProject-Working/L0/taxa_to_check/Hydrobates_ homochroa_AJ.csv","BOW_evidence | effect_sp1_on_sp2 | effect_sp2_on_sp1 | entry_changes | entry_date | interaction | n_studies | name_changes | nonbreedingseason | notesA | notesB | notesC | notesD | OLDsourceA | OLDsourceB | other_species1 | recorder | sourceAupdatedURL | sourceBupdatedURL | sourceCupdatedURL | sourceDupdatedURL | species1_common | species1_scientific | species2_common | species2_scientific | uncertain_interaction",26,TRUE,2026-08-24 15:10:47,"schema_1"
"C:/Users/kelly/OneDrive - Michigan State University/Research/MetaNetworksProject/MetaNetworksProject-Working/L0/taxa_to_check/Hydrobates_furcatus_CR.csv","BOW_evidence | effect_sp1_on_sp2 | effect_sp2_on_sp1 | entry_changes | entry_date | interaction | n_studies | name_changes | nonbreedingseason | notesA | notesB | notesC | notesD | OLDsourceA | OLDsourceB | other_species1 | recorder | sourceAupdatedURL | sourceBupdatedURL | sourceCupdatedURL | sourceDupdatedURL | species1_common | species1_scientific | species2_common | species2_scientific | uncertain_interaction",26,TRUE,2026-08-24 15:10:47,"schema_1"
"C:/Users/kelly/OneDrive - Michigan State University/Research/MetaNetworksProject/MetaNetworksProject-Working/L0/taxa_to_check/Hydrobates_macrodactylus_AJ.csv","BOW_evidence | effect_sp1_on_sp2 | effect_sp2_on_sp1 | entry_changes | entry_date | interaction | n_studies | name_changes | nonbreedingseason | notesA | notesB | notesC | notesD | OLDsourceA | OLDsourceB | other_species1 | recorder | sourceAupdatedURL | sourceBupdatedURL | sourceCupdatedURL | sourceDupdatedURL | species1_common | species1_scientific | species2_common | species2_scientific | uncertain_interaction",26,TRUE,2026-08-24 15:10:47,"schema_1"
"C:/Users/kelly/OneDrive - Michigan State University/Research/MetaNetworksProject/MetaNetworksProject-Working/L0/taxa_to_check/Hydrobates_melania_GD.csv","BOW_evidence | effect_sp1_on_sp2 | effect_sp2_on_sp1 | entry_changes | entry_date | interaction | n_studies | name_changes | nonbreedingseason | notesA | notesB | notesC | notesD | OLDsourceA | OLDsourceB | other_species1 | recorder | sourceAupdatedURL | sourceBupdatedURL | sourceCupdatedURL | sourceDupdatedURL | species1_common | species1_scientific | species2_common | species2_scientific | uncertain_interaction",26,TRUE,2026-08-24 15:10:47,"schema_1"
"C:/Users/kelly/OneDrive - Michigan State University/Research/MetaNetworksProject/MetaNetworksProject-Working/L0/taxa_to_check/Icterus_abeillei_AF.csv","BOW_evidence | effect_sp1_on_sp2 | effect_sp2_on_sp1 | entry_changes | entry_date | interaction | n_studies | name_changes | nonbreedingseason | notesA | notesB | notesC | notesD | OLDsourceA | OLDsourceB | other_species1 | recorder | sourceAupdatedURL | sourceBupdatedURL | sourceCupdatedURL | sourceDupdatedURL | species1_common | species1_scientific | species2_common | species2_scientific | uncertain_interaction",26,TRUE,2026-08-24 15:10:47,"schema_1"
"C:/Users/kelly/OneDrive - Michigan State University/Research/MetaNetworksProject/MetaNetworksProject-Working/L0/taxa_to_check/Icterus_auratus_OG.csv","breeding_migration | DatabaseSearchURL | effect_sp1_on_sp2 | effect_sp2_on_sp1 | entry_changes | entry_date | interaction | interaction_strength | name_changes | other_species1 | recorder | source_citation | source_URL | species1_common | species1_lifestage | species1_scientific | species2_common | species2_lifestage | species2_scientific | text_excerpt | time_of_year | uncertain_interaction",22,TRUE,2026-09-17 15:18:51,"schema_3"
"C:/Users/kelly/OneDrive - Michigan State University/Research/MetaNetworksProject/MetaNetworksProject-Working/L0/taxa_to_check/Icterus_chrysater_AH.csv","breeding_migration | DatabaseSearchURL | effect_sp1_on_sp2 | effect_sp2_on_sp1 | entry_changes | entry_date | interaction | interaction_strength | name_changes | other_species1 | recorder | source_citation | source_URL | species1_common | species1_lifestage | species1_scientific | species2_common | species2_lifestage | species2_scientific | text_excerpt | time_of_year | uncertain_interaction",22,TRUE,2026-08-24 15:10:47,"schema_3"
"C:/Users/kelly/OneDrive - Michigan State University/Research/MetaNetworksProject/MetaNetworksProject-Working/L0/taxa_to_check/Icterus_mesomelas_OG.csv","breeding_migration | DatabaseSearchURL | effect_sp1_on_sp2 | effect_sp2_on_sp1 | entry_changes | entry_date | interaction | interaction_strength | name_changes | other_species1 | recorder | source_citation | source_URL | species1_common | species1_lifestage | species1_scientific | species2_common | species2_lifestage | species2_scientific | text_excerpt | time_of_year | uncertain_interaction",22,TRUE,2026-08-24 15:10:47,"schema_3"
"C:/Users/kelly/OneDrive - Michigan State University/Research/MetaNetworksProject/MetaNetworksProject-Working/L0/taxa_to_check/Icterus_prosthemelas_JNS.csv","breeding_migration | DatabaseSearchURL | effect_sp1_on_sp2 | effect_sp2_on_sp1 | entry_changes | entry_date | interaction | interaction_strength | name_changes | other_species1 | recorder | source_citation | source_URL | species1_common | species1_lifestage | species1_scientific | species2_common | species2_lifestage | species2_scientific | text_excerpt | time_of_year | uncertain_interaction",22,TRUE,2026-08-24 15:10:47,"schema_3"
"C:/Users/kelly/OneDrive - Michigan State University/Research/MetaNetworksProject/MetaNetworksProject-Working/L0/taxa_to_check/Icterus_pustulatus_MA.csv","BOW_evidence | effect_sp1_on_sp2 | effect_sp2_on_sp1 | entry_changes | entry_date | interaction | n_studies | name_changes | nonbreedingseason | notesA | notesB | notesC | notesD | OLDsourceA | OLDsourceB | other_species1 | recorder | sourceAupdatedURL | sourceBupdatedURL | sourceCupdatedURL | sourceDupdatedURL | species1_common | species1_scientific | species2_common | species2_scientific | uncertain_interaction",26,TRUE,2026-08-24 15:10:47,"schema_1"
"C:/Users/kelly/OneDrive - Michigan State University/Research/MetaNetworksProject/MetaNetworksProject-Working/L0/taxa_to_check/Icterus_wagleri_GD.csv","BOW_evidence | effect_sp1_on_sp2 | effect_sp2_on_sp1 | entry_changes | entry_date | interaction | n_studies | name_changes | nonbreedingseason | notesA | notesB | notesC | notesD | OLDsourceA | OLDsourceB | other_species1 | recorder | sourceAupdatedURL | sourceBupdatedURL | sourceCupdatedURL | sourceDupdatedURL | species1_common | species1_scientific | species2_common | species2_scientific | uncertain_interaction",26,TRUE,2026-08-24 15:10:47,"schema_1"
"C:/Users/kelly/OneDrive - Michigan State University/Research/MetaNetworksProject/MetaNetworksProject-Working/L0/taxa_to_check/Ictinia_plumbea_AF.csv","BOW_evidence | effect_sp1_on_sp2 | effect_sp2_on_sp1 | entry_changes | entry_date | interaction | n_studies | name_changes | nonbreedingseason | notesA | notesB | notesC | notesD | OLDsourceA | OLDsourceB | other_species1 | recorder | sourceAupdatedURL | sourceBupdatedURL | sourceCupdatedURL | sourceDupdatedURL | species1_common | species1_scientific | species2_common | species2_scientific | uncertain_interaction",26,TRUE,2026-08-24 15:10:47,"schema_1"
"C:/Users/kelly/OneDrive - Michigan State University/Research/MetaNetworksProject/MetaNetworksProject-Working/L0/taxa_to_check/Jabiru_mycteria_CR.csv","BOW_evidence | effect_sp1_on_sp2 | effect_sp2_on_sp1 | entry_changes | entry_date | interaction | n_studies | name_changes | nonbreedingseason | notesA | notesB | notesC | notesD | OLDsourceA | OLDsourceB | other_species1 | recorder | sourceAupdatedURL | sourceBupdatedURL | sourceCupdatedURL | sourceDupdatedURL | species1_common | species1_scientific | species2_common | species2_scientific | uncertain_interaction",26,TRUE,2026-08-24 15:10:47,"schema_1"
"C:/Users/kelly/OneDrive - Michigan State University/Research/MetaNetworksProject/MetaNetworksProject-Working/L0/taxa_to_check/Jacana_spinosa_AF.csv","BOW_evidence | effect_sp1_on_sp2 | effect_sp2_on_sp1 | entry_changes | entry_date | interaction | n_studies | name_changes | nonbreedingseason | notesA | notesB | notesC | notesD | OLDsourceA | OLDsourceB | other_species1 | recorder | sourceAupdatedURL | sourceBupdatedURL | sourceCupdatedURL | sourceDupdatedURL | species1_common | species1_scientific | species2_common | species2_scientific | uncertain_interaction",26,TRUE,2026-08-24 15:10:47,"schema_1"
"C:/Users/kelly/OneDrive - Michigan State University/Research/MetaNetworksProject/MetaNetworksProject-Working/L0/taxa_to_check/Junco_bairdi_GD.csv","BOW_evidence | effect_sp1_on_sp2 | effect_sp2_on_sp1 | entry_changes | entry_date | interaction | n_studies | name_changes | nonbreedingseason | notesA | notesB | notesC | notesD | OLDsourceA | OLDsourceB | other_species1 | recorder | sourceAupdatedURL | sourceBupdatedURL | sourceCupdatedURL | sourceDupdatedURL | species1_common | species1_scientific | species2_common | species2_scientific | uncertain_interaction",26,TRUE,2026-08-24 15:10:47,"schema_1"
"C:/Users/kelly/OneDrive - Michigan State University/Research/MetaNetworksProject/MetaNetworksProject-Working/L0/taxa_to_check/Lampornis_ amethystinus_AJ.csv","BOW_evidence | effect_sp1_on_sp2 | effect_sp2_on_sp1 | entry_changes | entry_date | interaction | n_studies | name_changes | nonbreedingseason | notesA | notesB | notesC | notesD | OLDsourceA | OLDsourceB | other_species1 | recorder | sourceAupdatedURL | sourceBupdatedURL | sourceCupdatedURL | sourceDupdatedURL | species1_common | species1_scientific | species2_common | species2_scientific | uncertain_interaction",26,TRUE,2026-08-24 15:10:47,"schema_1"
"C:/Users/kelly/OneDrive - Michigan State University/Research/MetaNetworksProject/MetaNetworksProject-Working/L0/taxa_to_check/Lampornis_viridipallens_MA.csv","BOW_evidence | effect_sp1_on_sp2 | effect_sp2_on_sp1 | entry_changes | entry_date | interaction | n_studies | name_changes | nonbreedingseason | notesA | notesB | notesC | notesD | OLDsourceA | OLDsourceB | other_species1 | recorder | sourceAupdatedURL | sourceBupdatedURL | sourceCupdatedURL | sourceDupdatedURL | species1_common | species1_scientific | species2_common | species2_scientific | uncertain_interaction",26,TRUE,2026-08-24 15:10:47,"schema_1"
"C:/Users/kelly/OneDrive - Michigan State University/Research/MetaNetworksProject/MetaNetworksProject-Working/L0/taxa_to_check/Laniocera_rufescens_MA.csv","BOW_evidence | effect_sp1_on_sp2 | effect_sp2_on_sp1 | entry_changes | entry_date | interaction | n_studies | name_changes | nonbreedingseason | notesA | notesB | notesC | notesD | OLDsourceA | OLDsourceB | other_species1 | recorder | sourceAupdatedURL | sourceBupdatedURL | sourceCupdatedURL | sourceDupdatedURL | species1_common | species1_scientific | species2_common | species2_scientific | uncertain_interaction",26,TRUE,2026-08-24 15:10:47,"schema_1"
"C:/Users/kelly/OneDrive - Michigan State University/Research/MetaNetworksProject/MetaNetworksProject-Working/L0/taxa_to_check/Larus_livens_AJ.csv","BOW_evidence | effect_sp1_on_sp2 | effect_sp2_on_sp1 | entry_changes | entry_date | interaction | n_studies | name_changes | nonbreedingseason | notesA | notesB | notesC | notesD | OLDsourceA | OLDsourceB | other_species1 | recorder | sourceAupdatedURL | sourceBupdatedURL | sourceCupdatedURL | sourceDupdatedURL | species1_common | species1_scientific | species2_common | species2_scientific | uncertain_interaction",26,TRUE,2026-08-24 15:10:47,"schema_1"
"C:/Users/kelly/OneDrive - Michigan State University/Research/MetaNetworksProject/MetaNetworksProject-Working/L0/taxa_to_check/Legatus_leucophaius_AF.csv","BOW_evidence | effect_sp1_on_sp2 | effect_sp2_on_sp1 | entry_changes | entry_date | interaction | n_studies | name_changes | nonbreedingseason | notesA | notesB | notesC | notesD | OLDsourceA | OLDsourceB | other_species1 | recorder | sourceAupdatedURL | sourceBupdatedURL | sourceCupdatedURL | sourceDupdatedURL | species1_common | species1_scientific | species2_common | species2_scientific | uncertain_interaction",26,TRUE,2026-08-24 15:10:47,"schema_1"
"C:/Users/kelly/OneDrive - Michigan State University/Research/MetaNetworksProject/MetaNetworksProject-Working/L0/taxa_to_check/Lepidocolaptes_affinis_AF.csv","BOW_evidence | effect_sp1_on_sp2 | effect_sp2_on_sp1 | entry_changes | entry_date | interaction | n_studies | name_changes | nonbreedingseason | notesA | notesB | notesC | notesD | OLDsourceA | OLDsourceB | other_species1 | recorder | sourceAupdatedURL | sourceBupdatedURL | sourceCupdatedURL | sourceDupdatedURL | species1_common | species1_scientific | species2_common | species2_scientific | uncertain_interaction",26,TRUE,2026-08-24 15:10:47,"schema_1"
"C:/Users/kelly/OneDrive - Michigan State University/Research/MetaNetworksProject/MetaNetworksProject-Working/L0/taxa_to_check/Lepidocolaptes_leucogaster_AF.csv","BOW_evidence | effect_sp1_on_sp2 | effect_sp2_on_sp1 | entry_changes | entry_date | GoogleScholarURL | interaction | n_studies | name_changes | nonbreedingseason | notesA | notesB | notesC | notesD | OLDsourceA | OLDsourceB | other_species1 | recorder | sourceAupdatedURL | sourceBupdatedURL | sourceCupdatedURL | sourceDupdatedURL | species1_common | species1_scientific | species2_common | species2_scientific | uncertain_interaction",27,TRUE,2026-08-24 15:10:47,"schema_6"
"C:/Users/kelly/OneDrive - Michigan State University/Research/MetaNetworksProject/MetaNetworksProject-Working/L0/taxa_to_check/Leptodon_cayanensis_GD.csv","BOW_evidence | effect_sp1_on_sp2 | effect_sp2_on_sp1 | entry_changes | entry_date | interaction | n_studies | name_changes | nonbreedingseason | notesA | notesB | notesC | notesD | OLDsourceA | OLDsourceB | other_species1 | recorder | sourceAupdatedURL | sourceBupdatedURL | sourceCupdatedURL | sourceDupdatedURL | species1_common | species1_scientific | species2_common | species2_scientific | uncertain_interaction",26,TRUE,2026-08-24 15:10:47,"schema_1"
"C:/Users/kelly/OneDrive - Michigan State University/Research/MetaNetworksProject/MetaNetworksProject-Working/L0/taxa_to_check/Leptopogon_amaurocephalus_AJ.csv","BOW_evidence | effect_sp1_on_sp2 | effect_sp2_on_sp1 | entry_changes | entry_date | interaction | n_studies | name_changes | nonbreedingseason | notesA | notesB | notesC | notesD | OLDsourceA | OLDsourceB | other_species1 | recorder | sourceAupdatedURL | sourceBupdatedURL | sourceCupdatedURL | sourceDupdatedURL | species1_common | species1_scientific | species2_common | species2_scientific | uncertain_interaction",26,TRUE,2026-08-24 15:10:47,"schema_1"
"C:/Users/kelly/OneDrive - Michigan State University/Research/MetaNetworksProject/MetaNetworksProject-Working/L0/taxa_to_check/Leptotila_cassinii_AF.csv","BOW_evidence | DatabaseSearchURL | effect_sp1_on_sp2 | effect_sp2_on_sp1 | entry_changes | entry_date | interaction | n_studies | name_changes | nonbreedingseason | notesA | notesB | notesC | notesD | OLDsourceA | OLDsourceB | other_species1 | recorder | sourceAupdatedURL | sourceBupdatedURL | sourceCupdatedURL | sourceDupdatedURL | species1_common | species1_scientific | species2_common | species2_scientific | uncertain_interaction",27,TRUE,2026-08-24 15:10:47,"schema_4"
"C:/Users/kelly/OneDrive - Michigan State University/Research/MetaNetworksProject/MetaNetworksProject-Working/L0/taxa_to_check/Leptotila_jamaicensis_AF.csv","BOW_evidence | DatabaseSearchURL | effect_sp1_on_sp2 | effect_sp2_on_sp1 | entry_changes | entry_date | interaction | n_studies | name_changes | nonbreedingseason | notesA | notesB | notesC | notesD | OLDsourceA | OLDsourceB | other_species1 | recorder | sourceAupdatedURL | sourceBupdatedURL | sourceCupdatedURL | sourceDupdatedURL | species1_common | species1_scientific | species2_common | species2_scientific | uncertain_interaction",27,TRUE,2026-08-24 15:10:47,"schema_4"
"C:/Users/kelly/OneDrive - Michigan State University/Research/MetaNetworksProject/MetaNetworksProject-Working/L0/taxa_to_check/Leptotila_plumbeiceps_AF.csv","BOW_evidence | effect_sp1_on_sp2 | effect_sp2_on_sp1 | entry_changes | entry_date | interaction | n_studies | name_changes | nonbreedingseason | notesA | notesB | notesC | notesD | OLDsourceA | OLDsourceB | other_species1 | recorder | sourceAupdatedURL | sourceBupdatedURL | sourceCupdatedURL | sourceDupdatedURL | species1_common | species1_scientific | species2_common | species2_scientific | uncertain_interaction",26,TRUE,2026-08-24 15:10:47,"schema_1"
"C:/Users/kelly/OneDrive - Michigan State University/Research/MetaNetworksProject/MetaNetworksProject-Working/L0/taxa_to_check/Lipaugus_unirufus_AF.csv","BOW_evidence | DatabaseSearchURL | effect_sp1_on_sp2 | effect_sp2_on_sp1 | entry_changes | entry_date | interaction | n_studies | name_changes | nonbreedingseason | notesA | notesB | notesC | notesD | OLDsourceA | OLDsourceB | other_species1 | recorder | sourceAupdatedURL | sourceBupdatedURL | sourceCupdatedURL | sourceDupdatedURL | species1_common | species1_scientific | species2_common | species2_scientific | uncertain_interaction",27,TRUE,2026-08-24 15:10:47,"schema_4"
"C:/Users/kelly/OneDrive - Michigan State University/Research/MetaNetworksProject/MetaNetworksProject-Working/L0/taxa_to_check/Lophornis_brachylophus_MA.csv","BOW_evidence | DatabaseSearchURL | effect_sp1_on_sp2 | effect_sp2_on_sp1 | entry_changes | entry_date | interaction | n_studies | name_changes | nonbreedingseason | notesA | notesB | notesC | notesD | OLDsourceA | OLDsourceB | other_species1 | recorder | sourceAupdatedURL | sourceBupdatedURL | sourceCupdatedURL | sourceDupdatedURL | species1_common | species1_scientific | species2_common | species2_scientific | uncertain_interaction",27,TRUE,2026-08-24 15:10:47,"schema_4"
"C:/Users/kelly/OneDrive - Michigan State University/Research/MetaNetworksProject/MetaNetworksProject-Working/L0/taxa_to_check/Lophornis_helenae_CR.csv","BOW_evidence | effect_sp1_on_sp2 | effect_sp2_on_sp1 | entry_changes | entry_date | interaction | n_studies | name_changes | nonbreedingseason | notesA | notesB | notesC | notesD | OLDsourceA | OLDsourceB | other_species1 | recorder | sourceAupdatedURL | sourceBupdatedURL | sourceCupdatedURL | sourceDupdatedURL | species1_common | species1_scientific | species2_common | species2_scientific | uncertain_interaction",26,TRUE,2026-08-24 15:10:47,"schema_1"
"C:/Users/kelly/OneDrive - Michigan State University/Research/MetaNetworksProject/MetaNetworksProject-Working/L0/taxa_to_check/Lurocalis_semitorquatus_MA.csv","BOW_evidence | effect_sp1_on_sp2 | effect_sp2_on_sp1 | entry_changes | entry_date | interaction | n_studies | name_changes | nonbreedingseason | notesA | notesB | notesC | notesD | OLDsourceA | OLDsourceB | other_species1 | recorder | sourceAupdatedURL | sourceBupdatedURL | sourceCupdatedURL | sourceDupdatedURL | species1_common | species1_scientific | species2_common | species2_scientific | uncertain_interaction",26,TRUE,2026-08-24 15:10:47,"schema_1"
"C:/Users/kelly/OneDrive - Michigan State University/Research/MetaNetworksProject/MetaNetworksProject-Working/L0/taxa_to_check/Manacus_candei_AF.csv","BOW_evidence | effect_sp1_on_sp2 | effect_sp2_on_sp1 | entry_changes | entry_date | interaction | n_studies | name_changes | nonbreedingseason | notesA | notesB | notesC | notesD | OLDsourceA | OLDsourceB | other_species1 | recorder | sourceAupdatedURL | sourceBupdatedURL | sourceCupdatedURL | sourceDupdatedURL | species1_common | species1_scientific | species2_common | species2_scientific | uncertain_interaction",26,TRUE,2026-08-24 15:10:47,"schema_1"
"C:/Users/kelly/OneDrive - Michigan State University/Research/MetaNetworksProject/MetaNetworksProject-Working/L0/taxa_to_check/Marmosa_alstoni_JNS.csv","country | effect_on_tx1 | effect_on_tx2 | elevation | entry_changes | entry_date | interaction | interaction_confidence | interaction_excerpt | latitude | location | longitude | notes | recorder | source_citation | source_URL | taxa1_common | taxa1_group | taxa1_lifestage | taxa1_resolution | taxa1_scientific | taxa2_common | taxa2_group | taxa2_lifestage | taxa2_resolution | taxa2_scientific | time_of_year | timing_location_excerpt | tx1_life_history_season | tx2_life_history_season | version | year",32,TRUE,2026-09-15 18:28:50,"schema_11"
"C:/Users/kelly/OneDrive - Michigan State University/Research/MetaNetworksProject/MetaNetworksProject-Working/L0/taxa_to_check/Megarynchus_pitangua_AF.csv","BOW_evidence | DatabaseSearchURL | effect_sp1_on_sp2 | effect_sp2_on_sp1 | entry_changes | entry_date | interaction | n_studies | name_changes | nonbreedingseason | notesA | notesB | notesC | notesD | OLDsourceA | OLDsourceB | other_species1 | recorder | sourceAupdatedURL | sourceBupdatedURL | sourceCupdatedURL | sourceDupdatedURL | species1_common | species1_scientific | species2_common | species2_scientific | uncertain_interaction",27,TRUE,2026-08-24 15:10:47,"schema_4"
"C:/Users/kelly/OneDrive - Michigan State University/Research/MetaNetworksProject/MetaNetworksProject-Working/L0/taxa_to_check/Megascops_barbarus_AJ.csv","BOW_evidence | effect_sp1_on_sp2 | effect_sp2_on_sp1 | entry_changes | entry_date | interaction | n_studies | name_changes | nonbreedingseason | notesA | notesB | notesC | notesD | OLDsourceA | OLDsourceB | other_species1 | recorder | sourceAupdatedURL | sourceBupdatedURL | sourceCupdatedURL | sourceDupdatedURL | species1_common | species1_scientific | species2_common | species2_scientific | uncertain_interaction",26,TRUE,2026-08-24 15:10:47,"schema_1"
"C:/Users/kelly/OneDrive - Michigan State University/Research/MetaNetworksProject/MetaNetworksProject-Working/L0/taxa_to_check/Megascops_seductus_AJ.csv","BOW_evidence | effect_sp1_on_sp2 | effect_sp2_on_sp1 | entry_changes | entry_date | interaction | n_studies | name_changes | nonbreedingseason | notesA | notesB | notesC | notesD | OLDsourceA | OLDsourceB | other_species1 | recorder | sourceAupdatedURL | sourceBupdatedURL | sourceCupdatedURL | sourceDupdatedURL | species1_common | species1_scientific | species2_common | species2_scientific | uncertain_interaction",26,TRUE,2026-08-24 15:10:47,"schema_1"
"C:/Users/kelly/OneDrive - Michigan State University/Research/MetaNetworksProject/MetaNetworksProject-Working/L0/taxa_to_check/Melanerpes_hypopolius_AJ.csv","BOW_evidence | effect_sp1_on_sp2 | effect_sp2_on_sp1 | entry_changes | entry_date | interaction | n_studies | name_changes | nonbreedingseason | notesA | notesB | notesC | notesD | OLDsourceA | OLDsourceB | other_species1 | recorder | sourceAupdatedURL | sourceBupdatedURL | sourceCupdatedURL | sourceDupdatedURL | species1_common | species1_scientific | species2_common | species2_scientific | uncertain_interaction",26,TRUE,2026-08-24 15:10:47,"schema_1"
"C:/Users/kelly/OneDrive - Michigan State University/Research/MetaNetworksProject/MetaNetworksProject-Working/L0/taxa_to_check/Melanerpes_pucherani_MA.csv","BOW_evidence | effect_sp1_on_sp2 | effect_sp2_on_sp1 | entry_changes | entry_date | interaction | n_studies | name_changes | nonbreedingseason | notesA | notesB | notesC | notesD | OLDsourceA | OLDsourceB | other_species1 | recorder | sourceAupdatedURL | sourceBupdatedURL | sourceCupdatedURL | sourceDupdatedURL | species1_common | species1_scientific | species2_common | species2_scientific | uncertain_interaction",26,TRUE,2026-08-24 15:10:47,"schema_1"
"C:/Users/kelly/OneDrive - Michigan State University/Research/MetaNetworksProject/MetaNetworksProject-Working/L0/taxa_to_check/Melanerpes_pygmaeus_GD.csv","BOW_evidence | effect_sp1_on_sp2 | effect_sp2_on_sp1 | entry_changes | entry_date | interaction | n_studies | name_changes | nonbreedingseason | notesA | notesB | notesC | notesD | OLDsourceA | OLDsourceB | other_species1 | recorder | sourceAupdatedURL | sourceBupdatedURL | sourceCupdatedURL | sourceDupdatedURL | species1_common | species1_scientific | species2_common | species2_scientific | uncertain_interaction",26,TRUE,2026-08-24 15:10:47,"schema_1"
"C:/Users/kelly/OneDrive - Michigan State University/Research/MetaNetworksProject/MetaNetworksProject-Working/L0/taxa_to_check/Meleagris_ocellata_CR.csv","BOW_evidence | effect_sp1_on_sp2 | effect_sp2_on_sp1 | entry_changes | entry_date | interaction | n_studies | name_changes | nonbreedingseason | notesA | notesB | notesC | notesD | OLDsourceA | OLDsourceB | other_species1 | recorder | sourceAupdatedURL | sourceBupdatedURL | sourceCupdatedURL | sourceDupdatedURL | species1_common | species1_scientific | species2_common | species2_scientific | uncertain_interaction",26,TRUE,2026-08-24 15:10:47,"schema_1"
"C:/Users/kelly/OneDrive - Michigan State University/Research/MetaNetworksProject/MetaNetworksProject-Working/L0/taxa_to_check/Melozone_albicollis_VS.csv","breeding_migration | DatabaseSearchURL | effect_sp1_on_sp2 | effect_sp2_on_sp1 | entry_changes | entry_date | interaction | interaction_strength | name_changes | other_species1 | recorder | source_citation | source_URL | species1_common | species1_lifestage | species1_scientific | species2_common | species2_lifestage | species2_scientific | text_excerpt | time_of_year | uncertain_interaction",22,TRUE,2026-08-24 15:10:47,"schema_3"
"C:/Users/kelly/OneDrive - Michigan State University/Research/MetaNetworksProject/MetaNetworksProject-Working/L0/taxa_to_check/Melozone_biarcuata_SEP.csv","breeding_migration | DatabaseSearchURL | effect_sp1_on_sp2 | effect_sp2_on_sp1 | entry_changes | entry_date | interaction | interaction_strength | name_changes | other_species1 | recorder | source_citation | source_URL | species1_common | species1_lifestage | species1_scientific | species2_common | species2_lifestage | species2_scientific | text_excerpt | time_of_year | uncertain_interaction",22,TRUE,2026-09-03 20:38:56,"schema_3"
"C:/Users/kelly/OneDrive - Michigan State University/Research/MetaNetworksProject/MetaNetworksProject-Working/L0/taxa_to_check/Melozone_kieneri_ECP.csv","breeding_migration | DatabaseSearchURL | effect_sp1_on_sp2 | effect_sp2_on_sp1 | entry_changes | entry_date | interaction | interaction_strength | name_changes | other_species1 | recorder | source_citation | source_URL | species1_common | species1_lifestage | species1_scientific | species2_common | species2_lifestage | species2_scientific | text_excerpt | time_of_year | uncertain_interaction",22,TRUE,2026-09-03 20:38:56,"schema_3"
"C:/Users/kelly/OneDrive - Michigan State University/Research/MetaNetworksProject/MetaNetworksProject-Working/L0/taxa_to_check/Melozone_leucotis_JNS.csv","breeding_migration | DatabaseSearchURL | effect_sp1_on_sp2 | effect_sp2_on_sp1 | entry_changes | entry_date | interaction | interaction_strength | name_changes | other_species1 | recorder | source_citation | source_URL | species1_common | species1_lifestage | species1_scientific | species2_common | species2_lifestage | species2_scientific | text_excerpt | time_of_year | uncertain_interaction",22,TRUE,2026-08-24 15:10:47,"schema_3"
"C:/Users/kelly/OneDrive - Michigan State University/Research/MetaNetworksProject/MetaNetworksProject-Working/L0/taxa_to_check/Micrastur_ruficollis_CR.csv","BOW_evidence | effect_sp1_on_sp2 | effect_sp2_on_sp1 | entry_changes | entry_date | interaction | n_studies | name_changes | nonbreedingseason | notesA | notesB | notesC | notesD | OLDsourceA | OLDsourceB | other_species1 | recorder | sourceAupdatedURL | sourceBupdatedURL | sourceCupdatedURL | sourceDupdatedURL | species1_common | species1_scientific | species2_common | species2_scientific | uncertain_interaction",26,TRUE,2026-08-24 15:10:47,"schema_1"
"C:/Users/kelly/OneDrive - Michigan State University/Research/MetaNetworksProject/MetaNetworksProject-Working/L0/taxa_to_check/Micrastur_semitorquatus_AF.csv","BOW_evidence | effect_sp1_on_sp2 | effect_sp2_on_sp1 | entry_changes | entry_date | interaction | n_studies | name_changes | nonbreedingseason | notesA | notesB | notesC | notesD | OLDsourceA | OLDsourceB | other_species1 | recorder | sourceAupdatedURL | sourceBupdatedURL | sourceCupdatedURL | sourceDupdatedURL | species1_common | species1_scientific | species2_common | species2_scientific | uncertain_interaction",26,TRUE,2026-08-24 15:10:47,"schema_1"
"C:/Users/kelly/OneDrive - Michigan State University/Research/MetaNetworksProject/MetaNetworksProject-Working/L0/taxa_to_check/Microrhopias_quixensis_AF.csv","BOW_evidence | DatabaseSearchURL | effect_sp1_on_sp2 | effect_sp2_on_sp1 | entry_changes | entry_date | interaction | n_studies | name_changes | nonbreedingseason | notesA | notesB | notesC | notesD | OLDsourceA | OLDsourceB | other_species1 | recorder | sourceAupdatedURL | sourceBupdatedURL | sourceCupdatedURL | sourceDupdatedURL | species1_common | species1_scientific | species2_common | species2_scientific | uncertain_interaction",27,TRUE,2026-08-24 15:10:47,"schema_4"
"C:/Users/kelly/OneDrive - Michigan State University/Research/MetaNetworksProject/MetaNetworksProject-Working/L0/taxa_to_check/Mimus_graysoni_ ECP.csv","breeding_migration | DatabaseSearchURL | effect_sp1_on_sp2 | effect_sp2_on_sp1 | entry_changes | entry_date | interaction | interaction_strength | name_changes | other_species1 | recorder | source_citation | source_URL | species1_common | species1_lifestage | species1_scientific | species2_common | species2_lifestage | species2_scientific | text_excerpt | time_of_year | uncertain_interaction",22,TRUE,2026-09-11 21:18:11,"schema_3"
"C:/Users/kelly/OneDrive - Michigan State University/Research/MetaNetworksProject/MetaNetworksProject-Working/L0/taxa_to_check/Mionectes_oleagineus_AJ.csv","BOW_evidence | effect_sp1_on_sp2 | effect_sp2_on_sp1 | entry_changes | entry_date | interaction | n_studies | name_changes | nonbreedingseason | notesA | notesB | notesC | notesD | OLDsourceA | OLDsourceB | other_species1 | recorder | sourceAupdatedURL | sourceBupdatedURL | sourceCupdatedURL | sourceDupdatedURL | species1_common | species1_scientific | species2_common | species2_scientific | uncertain_interaction",26,TRUE,2026-08-24 15:10:47,"schema_1"
"C:/Users/kelly/OneDrive - Michigan State University/Research/MetaNetworksProject/MetaNetworksProject-Working/L0/taxa_to_check/Molothrus_oryzivorus_AH.csv","breeding_migration | DatabaseSearchURL | effect_sp1_on_sp2 | effect_sp2_on_sp1 | entry_changes | entry_date | interaction | interaction_strength | name_changes | other_species1 | recorder | source_citation | source_URL | species1_common | species1_lifestage | species1_scientific | species2_common | species2_lifestage | species2_scientific | text_excerpt | time_of_year | uncertain_interaction",22,TRUE,2026-08-24 15:10:47,"schema_3"
"C:/Users/kelly/OneDrive - Michigan State University/Research/MetaNetworksProject/MetaNetworksProject-Working/L0/taxa_to_check/Morococcyx_erythropygus_MA.csv","BOW_evidence | effect_sp1_on_sp2 | effect_sp2_on_sp1 | entry_changes | entry_date | interaction | n_studies | name_changes | nonbreedingseason | notesA | notesB | notesC | notesD | OLDsourceA | OLDsourceB | other_species1 | recorder | sourceAupdatedURL | sourceBupdatedURL | sourceCupdatedURL | sourceDupdatedURL | species1_common | species1_scientific | species2_common | species2_scientific | uncertain_interaction",26,TRUE,2026-08-24 15:10:47,"schema_1"
"C:/Users/kelly/OneDrive - Michigan State University/Research/MetaNetworksProject/MetaNetworksProject-Working/L0/taxa_to_check/Myiarchus_yucatanensis_CR.csv","BOW_evidence | effect_sp1_on_sp2 | effect_sp2_on_sp1 | entry_changes | entry_date | GoogleScholarURL | interaction | n_studies | name_changes | nonbreedingseason | notesA | notesB | notesC | notesD | OLDsourceA | OLDsourceB | other_species1 | recorder | sourceAupdatedURL | sourceBupdatedURL | sourceCupdatedURL | sourceDupdatedURL | species1_common | species1_scientific | species2_common | species2_scientific | uncertain_interaction",27,TRUE,2026-08-24 15:10:47,"schema_6"
"C:/Users/kelly/OneDrive - Michigan State University/Research/MetaNetworksProject/MetaNetworksProject-Working/L0/taxa_to_check/Myiobius_sulphureipygius_AF.csv","BOW_evidence | effect_sp1_on_sp2 | effect_sp2_on_sp1 | entry_changes | entry_date | interaction | n_studies | name_changes | nonbreedingseason | notesA | notesB | notesC | notesD | OLDsourceA | OLDsourceB | other_species1 | recorder | sourceAupdatedURL | sourceBupdatedURL | sourceCupdatedURL | sourceDupdatedURL | species1_common | species1_scientific | species2_common | species2_scientific | uncertain_interaction",26,TRUE,2026-08-24 15:10:47,"schema_1"
"C:/Users/kelly/OneDrive - Michigan State University/Research/MetaNetworksProject/MetaNetworksProject-Working/L0/taxa_to_check/Myioborus_ miniatus_AJ.csv","BOW_evidence | effect_sp1_on_sp2 | effect_sp2_on_sp1 | entry_changes | entry_date | interaction | n_studies | name_changes | nonbreedingseason | notesA | notesB | notesC | notesD | OLDsourceA | OLDsourceB | other_species1 | recorder | sourceAupdatedURL | sourceBupdatedURL | sourceCupdatedURL | sourceDupdatedURL | species1_common | species1_scientific | species2_common | species2_scientific | uncertain_interaction",26,TRUE,2026-08-24 15:10:47,"schema_1"
"C:/Users/kelly/OneDrive - Michigan State University/Research/MetaNetworksProject/MetaNetworksProject-Working/L0/taxa_to_check/Myiodynastes_maculatus_AF.csv","BOW_evidence | effect_sp1_on_sp2 | effect_sp2_on_sp1 | entry_changes | entry_date | interaction | n_studies | name_changes | nonbreedingseason | notesA | notesB | notesC | notesD | OLDsourceA | OLDsourceB | other_species1 | recorder | sourceAupdatedURL | sourceBupdatedURL | sourceCupdatedURL | sourceDupdatedURL | species1_common | species1_scientific | species2_common | species2_scientific | uncertain_interaction",26,TRUE,2026-08-24 15:10:47,"schema_1"
"C:/Users/kelly/OneDrive - Michigan State University/Research/MetaNetworksProject/MetaNetworksProject-Working/L0/taxa_to_check/Myiopagis_viridicata_MA.csv","BOW_evidence | effect_sp1_on_sp2 | effect_sp2_on_sp1 | entry_changes | entry_date | interaction | n_studies | name_changes | nonbreedingseason | notesA | notesB | notesC | notesD | OLDsourceA | OLDsourceB | other_species1 | recorder | sourceAupdatedURL | sourceBupdatedURL | sourceCupdatedURL | sourceDupdatedURL | species1_common | species1_scientific | species2_common | species2_scientific | uncertain_interaction",26,TRUE,2026-08-24 15:10:47,"schema_1"
"C:/Users/kelly/OneDrive - Michigan State University/Research/MetaNetworksProject/MetaNetworksProject-Working/L0/taxa_to_check/Myiozetetes_granadensis_GD.csv","BOW_evidence | effect_sp1_on_sp2 | effect_sp2_on_sp1 | entry_changes | entry_date | interaction | n_studies | name_changes | nonbreedingseason | notesA | notesB | notesC | notesD | OLDsourceA | OLDsourceB | other_species1 | recorder | sourceAupdatedURL | sourceBupdatedURL | sourceCupdatedURL | sourceDupdatedURL | species1_common | species1_scientific | species2_common | species2_scientific | uncertain_interaction",26,TRUE,2026-08-24 15:10:47,"schema_1"
"C:/Users/kelly/OneDrive - Michigan State University/Research/MetaNetworksProject/MetaNetworksProject-Working/L0/taxa_to_check/Myrmotherula_schisticolor_AF.csv","BOW_evidence | DatabaseSearchURL | effect_sp1_on_sp2 | effect_sp2_on_sp1 | entry_changes | entry_date | interaction | n_studies | name_changes | nonbreedingseason | notesA | notesB | notesC | notesD | OLDsourceA | OLDsourceB | other_species1 | recorder | sourceAupdatedURL | sourceBupdatedURL | sourceCupdatedURL | sourceDupdatedURL | species1_common | species1_scientific | species2_common | species2_scientific | uncertain_interaction",27,TRUE,2026-08-24 15:10:47,"schema_4"
"C:/Users/kelly/OneDrive - Michigan State University/Research/MetaNetworksProject/MetaNetworksProject-Working/L0/taxa_to_check/Nomonyx_dominicus_MA.csv","BOW_evidence | effect_sp1_on_sp2 | effect_sp2_on_sp1 | entry_changes | entry_date | interaction | n_studies | name_changes | nonbreedingseason | notesA | notesB | notesC | notesD | OLDsourceA | OLDsourceB | other_species1 | recorder | sourceAupdatedURL | sourceBupdatedURL | sourceCupdatedURL | sourceDupdatedURL | species1_common | species1_scientific | species2_common | species2_scientific | uncertain_interaction",26,TRUE,2026-08-24 15:10:47,"schema_1"
"C:/Users/kelly/OneDrive - Michigan State University/Research/MetaNetworksProject/MetaNetworksProject-Working/L0/taxa_to_check/Notharchus_hyperrhynchus_CR.csv","BOW_evidence | effect_sp1_on_sp2 | effect_sp2_on_sp1 | entry_changes | entry_date | interaction | n_studies | name_changes | nonbreedingseason | notesA | notesB | notesC | notesD | OLDsourceA | OLDsourceB | other_species1 | recorder | sourceAupdatedURL | sourceBupdatedURL | sourceCupdatedURL | sourceDupdatedURL | species1_common | species1_scientific | species2_common | species2_scientific | uncertain_interaction",26,TRUE,2026-08-24 15:10:47,"schema_1"
"C:/Users/kelly/OneDrive - Michigan State University/Research/MetaNetworksProject/MetaNetworksProject-Working/L0/taxa_to_check/Nyctibius_grandis_MA.csv","BOW_evidence | effect_sp1_on_sp2 | effect_sp2_on_sp1 | entry_changes | entry_date | interaction | n_studies | name_changes | nonbreedingseason | notesA | notesB | notesC | notesD | OLDsourceA | OLDsourceB | other_species1 | recorder | sourceAupdatedURL | sourceBupdatedURL | sourceCupdatedURL | sourceDupdatedURL | species1_common | species1_scientific | species2_common | species2_scientific | uncertain_interaction",26,TRUE,2026-08-24 15:10:47,"schema_1"
"C:/Users/kelly/OneDrive - Michigan State University/Research/MetaNetworksProject/MetaNetworksProject-Working/L0/taxa_to_check/Nyctibius_jamaicensis_AF.csv","BOW_evidence | effect_sp1_on_sp2 | effect_sp2_on_sp1 | entry_changes | entry_date | interaction | n_studies | name_changes | nonbreedingseason | notesA | notesB | notesC | notesD | OLDsourceA | OLDsourceB | other_species1 | recorder | sourceAupdatedURL | sourceBupdatedURL | sourceCupdatedURL | sourceDupdatedURL | species1_common | species1_scientific | species2_common | species2_scientific | uncertain_interaction",26,TRUE,2026-08-24 15:10:47,"schema_1"
"C:/Users/kelly/OneDrive - Michigan State University/Research/MetaNetworksProject/MetaNetworksProject-Working/L0/taxa_to_check/Nyctiphrynus_yucatanicus_MA.csv","BOW_evidence | effect_sp1_on_sp2 | effect_sp2_on_sp1 | entry_changes | entry_date | interaction | n_studies | name_changes | nonbreedingseason | notesA | notesB | notesC | notesD | OLDsourceA | OLDsourceB | other_species1 | recorder | sourceAupdatedURL | sourceBupdatedURL | sourceCupdatedURL | sourceDupdatedURL | species1_common | species1_scientific | species2_common | species2_scientific | uncertain_interaction",26,TRUE,2026-08-24 15:10:47,"schema_1"
"C:/Users/kelly/OneDrive - Michigan State University/Research/MetaNetworksProject/MetaNetworksProject-Working/L0/taxa_to_check/Odontophorus_guttatus_AF.csv","BOW_evidence | effect_sp1_on_sp2 | effect_sp2_on_sp1 | entry_changes | entry_date | interaction | n_studies | name_changes | nonbreedingseason | notesA | notesB | notesC | notesD | OLDsourceA | OLDsourceB | other_species1 | recorder | sourceAupdatedURL | sourceBupdatedURL | sourceCupdatedURL | sourceDupdatedURL | species1_common | species1_scientific | species2_common | species2_scientific | uncertain_interaction",26,TRUE,2026-08-24 15:10:47,"schema_1"
"C:/Users/kelly/OneDrive - Michigan State University/Research/MetaNetworksProject/MetaNetworksProject-Working/L0/taxa_to_check/Oncostoma_cinereigulare_AJ.csv","BOW_evidence | effect_sp1_on_sp2 | effect_sp2_on_sp1 | entry_changes | entry_date | interaction | n_studies | name_changes | nonbreedingseason | notesA | notesB | notesC | notesD | OLDsourceA | OLDsourceB | other_species1 | recorder | sourceAupdatedURL | sourceBupdatedURL | sourceCupdatedURL | sourceDupdatedURL | species1_common | species1_scientific | species2_common | species2_scientific | uncertain_interaction",26,TRUE,2026-08-24 15:10:47,"schema_1"
"C:/Users/kelly/OneDrive - Michigan State University/Research/MetaNetworksProject/MetaNetworksProject-Working/L0/taxa_to_check/Onychoprion_anaethetus_MA.csv","BOW_evidence | effect_sp1_on_sp2 | effect_sp2_on_sp1 | entry_changes | entry_date | interaction | n_studies | name_changes | nonbreedingseason | notesA | notesB | notesC | notesD | OLDsourceA | OLDsourceB | other_species1 | recorder | sourceAupdatedURL | sourceBupdatedURL | sourceCupdatedURL | sourceDupdatedURL | species1_common | species1_scientific | species2_common | species2_scientific | uncertain_interaction",26,TRUE,2026-08-24 15:10:47,"schema_1"
"C:/Users/kelly/OneDrive - Michigan State University/Research/MetaNetworksProject/MetaNetworksProject-Working/L0/taxa_to_check/Oreophasis_derbianus_AF.csv","BOW_evidence | effect_sp1_on_sp2 | effect_sp2_on_sp1 | entry_changes | entry_date | interaction | n_studies | name_changes | nonbreedingseason | notesA | notesB | notesC | notesD | OLDsourceA | OLDsourceB | other_species1 | recorder | sourceAupdatedURL | sourceBupdatedURL | sourceCupdatedURL | sourceDupdatedURL | species1_common | species1_scientific | species2_common | species2_scientific | uncertain_interaction",26,TRUE,2026-08-24 15:10:47,"schema_1"
"C:/Users/kelly/OneDrive - Michigan State University/Research/MetaNetworksProject/MetaNetworksProject-Working/L0/taxa_to_check/Oreothlypis_superciliosa_MA.csv","BOW_evidence | effect_sp1_on_sp2 | effect_sp2_on_sp1 | entry_changes | entry_date | interaction | n_studies | name_changes | nonbreedingseason | notesA | notesB | notesC | notesD | OLDsourceA | OLDsourceB | other_species1 | recorder | sourceAupdatedURL | sourceBupdatedURL | sourceCupdatedURL | sourceDupdatedURL | species1_common | species1_scientific | species2_common | species2_scientific | uncertain_interaction",26,TRUE,2026-08-24 15:10:47,"schema_1"
"C:/Users/kelly/OneDrive - Michigan State University/Research/MetaNetworksProject/MetaNetworksProject-Working/L0/taxa_to_check/Oriturus_superciliosus_JNS.csv","breeding_migration | DatabaseSearchURL | effect_sp1_on_sp2 | effect_sp2_on_sp1 | entry_changes | entry_date | interaction | interaction_strength | name_changes | other_species1 | recorder | source_citation | source_URL | species1_common | species1_lifestage | species1_scientific | species2_common | species2_lifestage | species2_scientific | text_excerpt | time_of_year | uncertain_interaction",22,TRUE,2026-08-24 15:10:47,"schema_3"
"C:/Users/kelly/OneDrive - Michigan State University/Research/MetaNetworksProject/MetaNetworksProject-Working/L0/taxa_to_check/Ornithion_semiflavum_AF.csv","BOW_evidence | effect_sp1_on_sp2 | effect_sp2_on_sp1 | entry_changes | entry_date | interaction | n_studies | name_changes | nonbreedingseason | notesA | notesB | notesC | notesD | OLDsourceA | OLDsourceB | other_species1 | recorder | sourceAupdatedURL | sourceBupdatedURL | sourceCupdatedURL | sourceDupdatedURL | species1_common | species1_scientific | species2_common | species2_scientific | uncertain_interaction",26,TRUE,2026-08-24 15:10:47,"schema_1"
"C:/Users/kelly/OneDrive - Michigan State University/Research/MetaNetworksProject/MetaNetworksProject-Working/L0/taxa_to_check/Ortalis_ poliocephala_AJ.csv","BOW_evidence | effect_sp1_on_sp2 | effect_sp2_on_sp1 | entry_changes | entry_date | interaction | n_studies | name_changes | nonbreedingseason | notesA | notesB | notesC | notesD | OLDsourceA | OLDsourceB | other_species1 | recorder | sourceAupdatedURL | sourceBupdatedURL | sourceCupdatedURL | sourceDupdatedURL | species1_common | species1_scientific | species2_common | species2_scientific | uncertain_interaction",26,TRUE,2026-08-24 15:10:47,"schema_1"
"C:/Users/kelly/OneDrive - Michigan State University/Research/MetaNetworksProject/MetaNetworksProject-Working/L0/taxa_to_check/Ortalis_leucogastra_CR.csv","BOW_evidence | effect_sp1_on_sp2 | effect_sp2_on_sp1 | entry_changes | entry_date | interaction | n_studies | name_changes | nonbreedingseason | notesA | notesB | notesC | notesD | OLDsourceA | OLDsourceB | other_species1 | recorder | sourceAupdatedURL | sourceBupdatedURL | sourceCupdatedURL | sourceDupdatedURL | species1_common | species1_scientific | species2_common | species2_scientific | uncertain_interaction",26,TRUE,2026-08-24 15:10:47,"schema_1"
"C:/Users/kelly/OneDrive - Michigan State University/Research/MetaNetworksProject/MetaNetworksProject-Working/L0/taxa_to_check/Ortalis_vetula.csv","BOW_evidence | effect_sp1_on_sp2 | effect_sp2_on_sp1 | entry_changes | entry_date | interaction | n_studies | nonbreedingseason | notesA | notesB | notesC | notesD | OLDsourceA | OLDsourceB | recorder | sourceAupdatedURL | sourceBupdatedURL | sourceCupdatedURL | sourceDupdatedURL | species1_common | species1_scientific | species2_common | species2_scientific | uncertain_interaction",24,TRUE,2026-08-24 15:10:47,"schema_2"
"C:/Users/kelly/OneDrive - Michigan State University/Research/MetaNetworksProject/MetaNetworksProject-Working/L0/taxa_to_check/Ortalis_wagleri_CR.csv","BOW_evidence | effect_sp1_on_sp2 | effect_sp2_on_sp1 | entry_changes | entry_date | interaction | n_studies | name_changes | nonbreedingseason | notesA | notesB | notesC | notesD | OLDsourceA | OLDsourceB | other_species1 | recorder | sourceAupdatedURL | sourceBupdatedURL | sourceCupdatedURL | sourceDupdatedURL | species1_common | species1_scientific | species2_common | species2_scientific | uncertain_interaction",26,TRUE,2026-08-24 15:10:47,"schema_1"
"C:/Users/kelly/OneDrive - Michigan State University/Research/MetaNetworksProject/MetaNetworksProject-Working/L0/taxa_to_check/Pachyramphus_cinnamomeus_MA.csv","BOW_evidence | effect_sp1_on_sp2 | effect_sp2_on_sp1 | entry_changes | entry_date | interaction | n_studies | name_changes | nonbreedingseason | notesA | notesB | notesC | notesD | OLDsourceA | OLDsourceB | other_species1 | recorder | sourceAupdatedURL | sourceBupdatedURL | sourceCupdatedURL | sourceDupdatedURL | species1_common | species1_scientific | species2_common | species2_scientific | uncertain_interaction",26,TRUE,2026-08-24 15:10:47,"schema_1"
"C:/Users/kelly/OneDrive - Michigan State University/Research/MetaNetworksProject/MetaNetworksProject-Working/L0/taxa_to_check/Pachyramphus_major_CR.csv","BOW_evidence | DatabaseSearchURL | effect_sp1_on_sp2 | effect_sp2_on_sp1 | entry_changes | entry_date | interaction | n_studies | name_changes | nonbreedingseason | notesA | notesB | notesC | notesD | OLDsourceA | OLDsourceB | other_species1 | recorder | sourceAupdatedURL | sourceBupdatedURL | sourceCupdatedURL | sourceDupdatedURL | species1_common | species1_scientific | species2_common | species2_scientific | uncertain_interaction",27,TRUE,2026-08-24 15:10:47,"schema_4"
"C:/Users/kelly/OneDrive - Michigan State University/Research/MetaNetworksProject/MetaNetworksProject-Working/L0/taxa_to_check/Pachyramphus_polychopterus_AF.csv","BOW_evidence | effect_sp1_on_sp2 | effect_sp2_on_sp1 | entry_changes | entry_date | interaction | n_studies | name_changes | nonbreedingseason | notesA | notesB | notesC | notesD | OLDsourceA | OLDsourceB | other_species1 | recorder | sourceAupdatedURL | sourceBupdatedURL | sourceCupdatedURL | sourceDupdatedURL | species1_common | species1_scientific | species2_common | species2_scientific | uncertain_interaction",26,TRUE,2026-08-24 15:10:47,"schema_1"
"C:/Users/kelly/OneDrive - Michigan State University/Research/MetaNetworksProject/MetaNetworksProject-Working/L0/taxa_to_check/Pachysylvia_decurtata_AJ.csv","BOW_evidence | effect_sp1_on_sp2 | effect_sp2_on_sp1 | entry_changes | entry_date | interaction | n_studies | name_changes | nonbreedingseason | notesA | notesB | notesC | notesD | OLDsourceA | OLDsourceB | other_species1 | recorder | sourceAupdatedURL | sourceBupdatedURL | sourceCupdatedURL | sourceDupdatedURL | species1_common | species1_scientific | species2_common | species2_scientific | uncertain_interaction",26,TRUE,2026-08-24 15:10:47,"schema_1"
"C:/Users/kelly/OneDrive - Michigan State University/Research/MetaNetworksProject/MetaNetworksProject-Working/L0/taxa_to_check/Pampa_ curvipennis_AJ.csv","BOW_evidence | effect_sp1_on_sp2 | effect_sp2_on_sp1 | entry_changes | entry_date | interaction | n_studies | name_changes | nonbreedingseason | notesA | notesB | notesC | notesD | OLDsourceA | OLDsourceB | other_species1 | recorder | sourceAupdatedURL | sourceBupdatedURL | sourceCupdatedURL | sourceDupdatedURL | species1_common | species1_scientific | species2_common | species2_scientific | uncertain_interaction",26,TRUE,2026-08-24 15:10:47,"schema_1"
"C:/Users/kelly/OneDrive - Michigan State University/Research/MetaNetworksProject/MetaNetworksProject-Working/L0/taxa_to_check/Pampa_rufa_AJ.csv","BOW_evidence | effect_sp1_on_sp2 | effect_sp2_on_sp1 | entry_changes | entry_date | interaction | n_studies | name_changes | nonbreedingseason | notesA | notesB | notesC | notesD | OLDsourceA | OLDsourceB | other_species1 | recorder | sourceAupdatedURL | sourceBupdatedURL | sourceCupdatedURL | sourceDupdatedURL | species1_common | species1_scientific | species2_common | species2_scientific | uncertain_interaction",26,TRUE,2026-08-24 15:10:47,"schema_1"
"C:/Users/kelly/OneDrive - Michigan State University/Research/MetaNetworksProject/MetaNetworksProject-Working/L0/taxa_to_check/Pardirallus_ maculatus_AJ.csv","BOW_evidence | effect_sp1_on_sp2 | effect_sp2_on_sp1 | entry_changes | entry_date | interaction | n_studies | name_changes | nonbreedingseason | notesA | notesB | notesC | notesD | OLDsourceA | OLDsourceB | other_species1 | recorder | sourceAupdatedURL | sourceBupdatedURL | sourceCupdatedURL | sourceDupdatedURL | species1_common | species1_scientific | species2_common | species2_scientific | uncertain_interaction",26,TRUE,2026-08-24 15:10:47,"schema_1"
"C:/Users/kelly/OneDrive - Michigan State University/Research/MetaNetworksProject/MetaNetworksProject-Working/L0/taxa_to_check/Passerina_leclancherii_AH.csv","country | DatabaseSearchURL | effect_tx1_on_tx2 | effect_tx2_on_tx1 | entry_changes | entry_date | interaction | interaction_excerpt | interaction_strength | location | name_changes | recorder | source_citation | source_URL | taxa1_common | taxa1_lifestage | taxa1_scientific | taxa2_common | taxa2_lifestage | taxa2_scientific | time_of_year | timing_location_excerpt | tx1_life_history_season | tx2_life_history_season | uncertain_interaction | version | year",27,TRUE,2026-08-24 15:10:47,"schema_7"
"C:/Users/kelly/OneDrive - Michigan State University/Research/MetaNetworksProject/MetaNetworksProject-Working/L0/taxa_to_check/Passerina_rositae_JNS.csv","country | DatabaseSearchURL | effect_tx1_on_tx2 | effect_tx2_on_tx1 | entry_changes | entry_date | interaction | interaction_excerpt | interaction_strength | location | name_changes | recorder | source_citation | source_URL | taxa1_common | taxa1_lifestage | taxa1_scientific | taxa2_common | taxa2_lifestage | taxa2_scientific | time_of_year | timing_location_excerpt | tx1_life_history_season | tx2_life_history_season | uncertain_interaction | version | year",27,TRUE,2026-08-24 15:10:47,"schema_7"
"C:/Users/kelly/OneDrive - Michigan State University/Research/MetaNetworksProject/MetaNetworksProject-Working/L0/taxa_to_check/Patagioenas_cayennensis_AF.csv","BOW_evidence | effect_sp1_on_sp2 | effect_sp2_on_sp1 | entry_changes | entry_date | interaction | n_studies | name_changes | nonbreedingseason | notesA | notesB | notesC | notesD | OLDsourceA | OLDsourceB | other_species1 | recorder | sourceAupdatedURL | sourceBupdatedURL | sourceCupdatedURL | sourceDupdatedURL | species1_common | species1_scientific | species2_common | species2_scientific | uncertain_interaction",26,TRUE,2026-08-24 15:10:47,"schema_1"
"C:/Users/kelly/OneDrive - Michigan State University/Research/MetaNetworksProject/MetaNetworksProject-Working/L0/taxa_to_check/Patagioenas_speciosa_AF.csv","BOW_evidence | DatabaseSearchURL | effect_sp1_on_sp2 | effect_sp2_on_sp1 | entry_changes | entry_date | interaction | n_studies | name_changes | nonbreedingseason | notesA | notesB | notesC | notesD | OLDsourceA | OLDsourceB | other_species1 | recorder | sourceAupdatedURL | sourceBupdatedURL | sourceCupdatedURL | sourceDupdatedURL | species1_common | species1_scientific | species2_common | species2_scientific | uncertain_interaction",27,TRUE,2026-08-24 15:10:47,"schema_4"
"C:/Users/kelly/OneDrive - Michigan State University/Research/MetaNetworksProject/MetaNetworksProject-Working/L0/taxa_to_check/Penelope_purpurascens_AF.csv","BOW_evidence | effect_sp1_on_sp2 | effect_sp2_on_sp1 | entry_changes | entry_date | interaction | n_studies | name_changes | nonbreedingseason | notesA | notesB | notesC | notesD | OLDsourceA | OLDsourceB | other_species1 | recorder | sourceAupdatedURL | sourceBupdatedURL | sourceCupdatedURL | sourceDupdatedURL | species1_common | species1_scientific | species2_common | species2_scientific | uncertain_interaction",26,TRUE,2026-08-24 15:10:47,"schema_1"
"C:/Users/kelly/OneDrive - Michigan State University/Research/MetaNetworksProject/MetaNetworksProject-Working/L0/taxa_to_check/Penelopina_nigra_AJ.csv","BOW_evidence | effect_sp1_on_sp2 | effect_sp2_on_sp1 | entry_changes | entry_date | interaction | n_studies | name_changes | nonbreedingseason | notesA | notesB | notesC | notesD | OLDsourceA | OLDsourceB | other_species1 | recorder | sourceAupdatedURL | sourceBupdatedURL | sourceCupdatedURL | sourceDupdatedURL | species1_common | species1_scientific | species2_common | species2_scientific | uncertain_interaction",26,TRUE,2026-08-24 15:10:47,"schema_1"
"C:/Users/kelly/OneDrive - Michigan State University/Research/MetaNetworksProject/MetaNetworksProject-Working/L0/taxa_to_check/Peucaea_humeralis_SEP.csv","breeding_migration | DatabaseSearchURL | effect_sp1_on_sp2 | effect_sp2_on_sp1 | entry_changes | entry_date | interaction | interaction_strength | name_changes | other_species1 | recorder | source_citation | source_URL | species1_common | species1_lifestage | species1_scientific | species2_common | species2_lifestage | species2_scientific | text_excerpt | time_of_year | uncertain_interaction",22,TRUE,2026-09-03 20:38:56,"schema_3"
"C:/Users/kelly/OneDrive - Michigan State University/Research/MetaNetworksProject/MetaNetworksProject-Working/L0/taxa_to_check/Peucaea_mystacalis_JNS.csv","breeding_migration | DatabaseSearchURL | effect_sp1_on_sp2 | effect_sp2_on_sp1 | entry_changes | entry_date | interaction | interaction_strength | name_changes | other_species1 | recorder | source_citation | source_URL | species1_common | species1_lifestage | species1_scientific | species2_common | species2_lifestage | species2_scientific | text_excerpt | time_of_year | uncertain_interaction",22,TRUE,2026-09-03 20:38:56,"schema_3"
"C:/Users/kelly/OneDrive - Michigan State University/Research/MetaNetworksProject/MetaNetworksProject-Working/L0/taxa_to_check/Peucaea_ruficauda_SEP.csv","breeding_migration | DatabaseSearchURL | effect_sp1_on_sp2 | effect_sp2_on_sp1 | entry_changes | entry_date | interaction | interaction_strength | name_changes | other_species1 | recorder | source_citation | source_URL | species1_common | species1_lifestage | species1_scientific | species2_common | species2_lifestage | species2_scientific | text_excerpt | time_of_year | uncertain_interaction",22,TRUE,2026-09-03 20:38:56,"schema_3"
"C:/Users/kelly/OneDrive - Michigan State University/Research/MetaNetworksProject/MetaNetworksProject-Working/L0/taxa_to_check/Peucaea_sumichrasti_LB.csv","breeding_migration | DatabaseSearchURL | effect_sp1_on_sp2 | effect_sp2_on_sp1 | entry_changes | entry_date | interaction | interaction_strength | name_changes | other_species1 | recorder | source_citation | source_URL | species1_common | species1_lifestage | species1_scientific | species2_common | species2_lifestage | species2_scientific | text_excerpt | time_of_year | uncertain_interaction",22,TRUE,2026-08-24 15:10:47,"schema_3"
"C:/Users/kelly/OneDrive - Michigan State University/Research/MetaNetworksProject/MetaNetworksProject-Working/L0/taxa_to_check/Phaeochroa_cuvierii_AJ.csv","BOW_evidence | effect_sp1_on_sp2 | effect_sp2_on_sp1 | entry_changes | entry_date | interaction | n_studies | name_changes | nonbreedingseason | notesA | notesB | notesC | notesD | OLDsourceA | OLDsourceB | other_species1 | recorder | sourceAupdatedURL | sourceBupdatedURL | sourceCupdatedURL | sourceDupdatedURL | species1_common | species1_scientific | species2_common | species2_scientific | uncertain_interaction",26,TRUE,2026-08-24 15:10:47,"schema_1"
"C:/Users/kelly/OneDrive - Michigan State University/Research/MetaNetworksProject/MetaNetworksProject-Working/L0/taxa_to_check/Phaeoptila_sordida_AJ.csv","BOW_evidence | effect_sp1_on_sp2 | effect_sp2_on_sp1 | entry_changes | entry_date | interaction | n_studies | name_changes | nonbreedingseason | notesA | notesB | notesC | notesD | OLDsourceA | OLDsourceB | other_species1 | recorder | sourceAupdatedURL | sourceBupdatedURL | sourceCupdatedURL | sourceDupdatedURL | species1_common | species1_scientific | species2_common | species2_scientific | uncertain_interaction",26,TRUE,2026-08-24 15:10:47,"schema_1"
"C:/Users/kelly/OneDrive - Michigan State University/Research/MetaNetworksProject/MetaNetworksProject-Working/L0/taxa_to_check/Phaethornis_longirostris_MA.csv","BOW_evidence | effect_sp1_on_sp2 | effect_sp2_on_sp1 | entry_changes | entry_date | interaction | n_studies | name_changes | nonbreedingseason | notesA | notesB | notesC | notesD | OLDsourceA | OLDsourceB | other_species1 | recorder | sourceAupdatedURL | sourceBupdatedURL | sourceCupdatedURL | sourceDupdatedURL | species1_common | species1_scientific | species2_common | species2_scientific | uncertain_interaction",26,TRUE,2026-08-24 15:10:47,"schema_1"
"C:/Users/kelly/OneDrive - Michigan State University/Research/MetaNetworksProject/MetaNetworksProject-Working/L0/taxa_to_check/Phaethornis_mexicanus_MA.csv","BOW_evidence | effect_sp1_on_sp2 | effect_sp2_on_sp1 | entry_changes | entry_date | interaction | n_studies | name_changes | nonbreedingseason | notesA | notesB | notesC | notesD | OLDsourceA | OLDsourceB | other_species1 | recorder | sourceAupdatedURL | sourceBupdatedURL | sourceCupdatedURL | sourceDupdatedURL | species1_common | species1_scientific | species2_common | species2_scientific | uncertain_interaction",26,TRUE,2026-08-24 15:10:47,"schema_1"
"C:/Users/kelly/OneDrive - Michigan State University/Research/MetaNetworksProject/MetaNetworksProject-Working/L0/taxa_to_check/Phalaropus_fulicarius_EP.csv","BOW_evidence | effect_sp1_on_sp2 | effect_sp2_on_sp1 | entry_changes | entry_date | interaction | n_studies | name_changes | nonbreedingseason | notesA | notesB | notesC | notesD | OLDsourceA | OLDsourceB | recorder | sourceAupdatedURL | sourceBupdatedURL | sourceCupdatedURL | sourceDupdatedURL | species1_common | species1_scientific | species2_common | species2_scientific | uncertain_interaction",25,TRUE,2026-08-24 15:10:47,"schema_5"
"C:/Users/kelly/OneDrive - Michigan State University/Research/MetaNetworksProject/MetaNetworksProject-Working/L0/taxa_to_check/Pharomachrus_mocinno_AJ.csv","BOW_evidence | effect_sp1_on_sp2 | effect_sp2_on_sp1 | entry_changes | entry_date | interaction | n_studies | name_changes | nonbreedingseason | notesA | notesB | notesC | notesD | OLDsourceA | OLDsourceB | other_species1 | recorder | sourceAupdatedURL | sourceBupdatedURL | sourceCupdatedURL | sourceDupdatedURL | species1_common | species1_scientific | species2_common | species2_scientific | uncertain_interaction",26,TRUE,2026-08-24 15:10:47,"schema_1"
"C:/Users/kelly/OneDrive - Michigan State University/Research/MetaNetworksProject/MetaNetworksProject-Working/L0/taxa_to_check/Phasianus_colchicus.csv","BOW_evidence | effect_sp1_on_sp2 | effect_sp2_on_sp1 | entry_changes | entry_date | interaction | n_studies | nonbreedingseason | notesA | notesB | notesC | notesD | OLDsourceA | OLDsourceB | recorder | sourceAupdatedURL | sourceBupdatedURL | sourceCupdatedURL | sourceDupdatedURL | species1_common | species1_scientific | species2_common | species2_scientific | uncertain_interaction",24,TRUE,2026-08-24 15:10:47,"schema_2"
"C:/Users/kelly/OneDrive - Michigan State University/Research/MetaNetworksProject/MetaNetworksProject-Working/L0/taxa_to_check/Pheucticus_ chrysopeplus_AJ.csv","BOW_evidence | effect_sp1_on_sp2 | effect_sp2_on_sp1 | entry_changes | entry_date | interaction | n_studies | name_changes | nonbreedingseason | notesA | notesB | notesC | notesD | OLDsourceA | OLDsourceB | other_species1 | recorder | sourceAupdatedURL | sourceBupdatedURL | sourceCupdatedURL | sourceDupdatedURL | species1_common | species1_scientific | species2_common | species2_scientific | uncertain_interaction",26,TRUE,2026-08-24 15:10:47,"schema_1"
"C:/Users/kelly/OneDrive - Michigan State University/Research/MetaNetworksProject/MetaNetworksProject-Working/L0/taxa_to_check/Philortyx_fasciatus_AF.csv","BOW_evidence | effect_sp1_on_sp2 | effect_sp2_on_sp1 | entry_changes | entry_date | interaction | n_studies | name_changes | nonbreedingseason | notesA | notesB | notesC | notesD | OLDsourceA | OLDsourceB | other_species1 | recorder | sourceAupdatedURL | sourceBupdatedURL | sourceCupdatedURL | sourceDupdatedURL | species1_common | species1_scientific | species2_common | species2_scientific | uncertain_interaction",26,TRUE,2026-08-24 15:10:47,"schema_1"
"C:/Users/kelly/OneDrive - Michigan State University/Research/MetaNetworksProject/MetaNetworksProject-Working/L0/taxa_to_check/Phoenicopterus_ruber_CR.csv","BOW_evidence | effect_sp1_on_sp2 | effect_sp2_on_sp1 | entry_changes | entry_date | interaction | n_studies | name_changes | nonbreedingseason | notesA | notesB | notesC | notesD | OLDsourceA | OLDsourceB | other_species1 | recorder | sourceAupdatedURL | sourceBupdatedURL | sourceCupdatedURL | sourceDupdatedURL | species1_common | species1_scientific | species2_common | species2_scientific | uncertain_interaction",26,TRUE,2026-08-24 15:10:47,"schema_1"
"C:/Users/kelly/OneDrive - Michigan State University/Research/MetaNetworksProject/MetaNetworksProject-Working/L0/taxa_to_check/Phoenicurus_phoenicurus_CR.csv","BOW_evidence | effect_sp1_on_sp2 | effect_sp2_on_sp1 | entry_changes | entry_date | interaction | n_studies | name_changes | nonbreedingseason | notesA | notesB | notesC | notesD | OLDsourceA | OLDsourceB | other_species1 | recorder | sourceAupdatedURL | sourceBupdatedURL | sourceCupdatedURL | sourceDupdatedURL | species1_common | species1_scientific | species2_common | species2_scientific | uncertain_interaction",26,TRUE,2026-08-24 15:10:47,"schema_1"
"C:/Users/kelly/OneDrive - Michigan State University/Research/MetaNetworksProject/MetaNetworksProject-Working/L0/taxa_to_check/Phylloscopus_borealis_CR.csv","BOW_evidence | effect_sp1_on_sp2 | effect_sp2_on_sp1 | entry_changes | entry_date | interaction | n_studies | name_changes | nonbreedingseason | notesA | notesB | notesC | notesD | OLDsourceA | OLDsourceB | other_species1 | recorder | sourceAupdatedURL | sourceBupdatedURL | sourceCupdatedURL | sourceDupdatedURL | species1_common | species1_scientific | species2_common | species2_scientific | uncertain_interaction",26,TRUE,2026-08-24 15:10:47,"schema_1"
"C:/Users/kelly/OneDrive - Michigan State University/Research/MetaNetworksProject/MetaNetworksProject-Working/L0/taxa_to_check/Piaya_cayana_CR.csv","BOW_evidence | effect_sp1_on_sp2 | effect_sp2_on_sp1 | entry_changes | entry_date | interaction | n_studies | name_changes | nonbreedingseason | notesA | notesB | notesC | notesD | OLDsourceA | OLDsourceB | other_species1 | recorder | sourceAupdatedURL | sourceBupdatedURL | sourceCupdatedURL | sourceDupdatedURL | species1_common | species1_scientific | species2_common | species2_scientific | uncertain_interaction",26,TRUE,2026-08-24 15:10:47,"schema_1"
"C:/Users/kelly/OneDrive - Michigan State University/Research/MetaNetworksProject/MetaNetworksProject-Working/L0/taxa_to_check/Pionus_senilis_AJ.csv","BOW_evidence | effect_sp1_on_sp2 | effect_sp2_on_sp1 | entry_changes | entry_date | GoogleScholarURL | interaction | n_studies | name_changes | nonbreedingseason | notesA | notesB | notesC | notesD | OLDsourceA | OLDsourceB | other_species1 | recorder | sourceAupdatedURL | sourceBupdatedURL | sourceCupdatedURL | sourceDupdatedURL | species1_common | species1_scientific | species2_common | species2_scientific | uncertain_interaction",27,TRUE,2026-08-24 15:10:47,"schema_6"
"C:/Users/kelly/OneDrive - Michigan State University/Research/MetaNetworksProject/MetaNetworksProject-Working/L0/taxa_to_check/Pipilo_ocai_SEP.csv.csv","breeding_migration | DatabaseSearchURL | effect_sp1_on_sp2 | effect_sp2_on_sp1 | entry_changes | entry_date | interaction | interaction_strength | name_changes | other_species1 | recorder | source_citation | source_URL | species1_common | species1_lifestage | species1_scientific | species2_common | species2_lifestage | species2_scientific | text_excerpt | time_of_year | uncertain_interaction",22,TRUE,2026-08-24 15:10:47,"schema_3"
"C:/Users/kelly/OneDrive - Michigan State University/Research/MetaNetworksProject/MetaNetworksProject-Working/L0/taxa_to_check/Piranga_ bidentata_AJ.csv","BOW_evidence | effect_sp1_on_sp2 | effect_sp2_on_sp1 | entry_changes | entry_date | interaction | n_studies | name_changes | nonbreedingseason | notesA | notesB | notesC | notesD | OLDsourceA | OLDsourceB | other_species1 | recorder | sourceAupdatedURL | sourceBupdatedURL | sourceCupdatedURL | sourceDupdatedURL | species1_common | species1_scientific | species2_common | species2_scientific | uncertain_interaction",26,TRUE,2026-08-24 15:10:47,"schema_1"
"C:/Users/kelly/OneDrive - Michigan State University/Research/MetaNetworksProject/MetaNetworksProject-Working/L0/taxa_to_check/Piranga_erythrocephala_LB.csv","breeding_migration | DatabaseSearchURL | effect_sp1_on_sp2 | effect_sp2_on_sp1 | entry_changes | entry_date | interaction | interaction_strength | name_changes | other_species1 | recorder | source_citation | source_URL | species1_common | species1_lifestage | species1_scientific | species2_common | species2_lifestage | species2_scientific | text_excerpt | time_of_year | uncertain_interaction",22,TRUE,2026-08-24 15:10:47,"schema_3"
"C:/Users/kelly/OneDrive - Michigan State University/Research/MetaNetworksProject/MetaNetworksProject-Working/L0/taxa_to_check/Piranga_leucoptera_JNS.csv","country | DatabaseSearchURL | effect_tx1_on_tx2 | effect_tx2_on_tx1 | entry_changes | entry_date | interaction | interaction_excerpt | interaction_strength | location | name_changes | recorder | source_citation | source_URL | taxa1_common | taxa1_lifestage | taxa1_scientific | taxa2_common | taxa2_lifestage | taxa2_scientific | time_of_year | timing_location_excerpt | tx1_life_history_season | tx2_life_history_season | uncertain_interaction | version | year",27,TRUE,2026-08-24 15:10:47,"schema_7"
"C:/Users/kelly/OneDrive - Michigan State University/Research/MetaNetworksProject/MetaNetworksProject-Working/L0/taxa_to_check/Piranga_roseogularis_LB.csv","country | DatabaseSearchURL | effect_tx1_on_tx2 | effect_tx2_on_tx1 | entry_changes | entry_date | interaction | interaction_excerpt | interaction_strength | location | name_changes | recorder | source_citation | source_URL | taxa1_common | taxa1_lifestage | taxa1_scientific | taxa2_common | taxa2_lifestage | taxa2_scientific | time_of_year | timing_location_excerpt | tx1_life_history_season | tx2_life_history_season | uncertain_interaction | version | year",27,TRUE,2026-08-24 15:10:47,"schema_7"
"C:/Users/kelly/OneDrive - Michigan State University/Research/MetaNetworksProject/MetaNetworksProject-Working/L0/taxa_to_check/Platyrinchus_cancrominus_MA.csv","BOW_evidence | effect_sp1_on_sp2 | effect_sp2_on_sp1 | entry_changes | entry_date | interaction | n_studies | name_changes | nonbreedingseason | notesA | notesB | notesC | notesD | OLDsourceA | OLDsourceB | other_species1 | recorder | sourceAupdatedURL | sourceBupdatedURL | sourceCupdatedURL | sourceDupdatedURL | species1_common | species1_scientific | species2_common | species2_scientific | uncertain_interaction",26,TRUE,2026-08-24 15:10:47,"schema_1"
"C:/Users/kelly/OneDrive - Michigan State University/Research/MetaNetworksProject/MetaNetworksProject-Working/L0/taxa_to_check/Poecilostreptus_cabanisi_VS.csv","country | DatabaseSearchURL | effect_tx1_on_tx2 | effect_tx2_on_tx1 | entry_changes | entry_date | interaction | interaction_excerpt | interaction_strength | location | name_changes | recorder | source_citation | source_URL | taxa1_common | taxa1_lifestage | taxa1_scientific | taxa2_common | taxa2_lifestage | taxa2_scientific | time_of_year | timing_location_excerpt | tx1_life_history_season | tx2_life_history_season | uncertain_interaction | version | year",27,TRUE,2026-09-03 20:38:56,"schema_7"
"C:/Users/kelly/OneDrive - Michigan State University/Research/MetaNetworksProject/MetaNetworksProject-Working/L0/taxa_to_check/Poecilotriccus_sylvia_AJ.csv","BOW_evidence | effect_sp1_on_sp2 | effect_sp2_on_sp1 | entry_changes | entry_date | GoogleScholarURL | interaction | n_studies | name_changes | nonbreedingseason | notesA | notesB | notesC | notesD | OLDsourceA | OLDsourceB | other_species1 | recorder | sourceAupdatedURL | sourceBupdatedURL | sourceCupdatedURL | sourceDupdatedURL | species1_common | species1_scientific | species2_common | species2_scientific | uncertain_interaction",27,TRUE,2026-08-24 15:10:47,"schema_6"
"C:/Users/kelly/OneDrive - Michigan State University/Research/MetaNetworksProject/MetaNetworksProject-Working/L0/taxa_to_check/Polioptila_nigriceps_AF.csv","BOW_evidence | effect_sp1_on_sp2 | effect_sp2_on_sp1 | entry_changes | entry_date | interaction | n_studies | name_changes | nonbreedingseason | notesA | notesB | notesC | notesD | OLDsourceA | OLDsourceB | other_species1 | recorder | sourceAupdatedURL | sourceBupdatedURL | sourceCupdatedURL | sourceDupdatedURL | species1_common | species1_scientific | species2_common | species2_scientific | uncertain_interaction",26,TRUE,2026-08-24 15:10:47,"schema_1"
"C:/Users/kelly/OneDrive - Michigan State University/Research/MetaNetworksProject/MetaNetworksProject-Working/L0/taxa_to_check/Porphyrio_poliocephalus_MA.csv","BOW_evidence | effect_sp1_on_sp2 | effect_sp2_on_sp1 | entry_changes | entry_date | interaction | n_studies | name_changes | nonbreedingseason | notesA | notesB | notesC | notesD | OLDsourceA | OLDsourceB | other_species1 | recorder | sourceAupdatedURL | sourceBupdatedURL | sourceCupdatedURL | sourceDupdatedURL | species1_common | species1_scientific | species2_common | species2_scientific | uncertain_interaction",26,TRUE,2026-08-24 15:10:47,"schema_1"
"C:/Users/kelly/OneDrive - Michigan State University/Research/MetaNetworksProject/MetaNetworksProject-Working/L0/taxa_to_check/Progne_chalybea_AJ.csv","BOW_evidence | effect_sp1_on_sp2 | effect_sp2_on_sp1 | entry_changes | entry_date | interaction | n_studies | name_changes | nonbreedingseason | notesA | notesB | notesC | notesD | OLDsourceA | OLDsourceB | other_species1 | recorder | sourceAupdatedURL | sourceBupdatedURL | sourceCupdatedURL | sourceDupdatedURL | species1_common | species1_scientific | species2_common | species2_scientific | uncertain_interaction",26,TRUE,2026-08-24 15:10:47,"schema_1"
"C:/Users/kelly/OneDrive - Michigan State University/Research/MetaNetworksProject/MetaNetworksProject-Working/L0/taxa_to_check/Psarocolius_montezuma_VS.csv","breeding_migration | DatabaseSearchURL | effect_sp1_on_sp2 | effect_sp2_on_sp1 | entry_changes | entry_date | interaction | interaction_strength | name_changes | other_species1 | recorder | source_citation | source_URL | species1_common | species1_lifestage | species1_scientific | species2_common | species2_lifestage | species2_scientific | text_excerpt | time_of_year | uncertain_interaction",22,TRUE,2026-08-24 15:10:47,"schema_3"
"C:/Users/kelly/OneDrive - Michigan State University/Research/MetaNetworksProject/MetaNetworksProject-Working/L0/taxa_to_check/Psarocolius_wagleri_LB.csv","breeding_migration | DatabaseSearchURL | effect_sp1_on_sp2 | effect_sp2_on_sp1 | entry_changes | entry_date | interaction | interaction_strength | name_changes | other_species1 | recorder | source_citation | source_URL | species1_common | species1_lifestage | species1_scientific | species2_common | species2_lifestage | species2_scientific | text_excerpt | time_of_year | uncertain_interaction",22,TRUE,2026-09-17 15:18:51,"schema_3"
"C:/Users/kelly/OneDrive - Michigan State University/Research/MetaNetworksProject/MetaNetworksProject-Working/L0/taxa_to_check/Pseudastur_albicollis_AJ.csv","BOW_evidence | effect_sp1_on_sp2 | effect_sp2_on_sp1 | entry_changes | entry_date | interaction | n_studies | name_changes | nonbreedingseason | notesA | notesB | notesC | notesD | OLDsourceA | OLDsourceB | other_species1 | recorder | sourceAupdatedURL | sourceBupdatedURL | sourceCupdatedURL | sourceDupdatedURL | species1_common | species1_scientific | species2_common | species2_scientific | uncertain_interaction",26,TRUE,2026-08-24 15:10:47,"schema_1"
"C:/Users/kelly/OneDrive - Michigan State University/Research/MetaNetworksProject/MetaNetworksProject-Working/L0/taxa_to_check/Psilorhinus_morio_GD.csv","BOW_evidence | effect_sp1_on_sp2 | effect_sp2_on_sp1 | entry_changes | entry_date | interaction | n_studies | name_changes | nonbreedingseason | notesA | notesB | notesC | notesD | OLDsourceA | OLDsourceB | other_species1 | recorder | sourceAupdatedURL | sourceBupdatedURL | sourceCupdatedURL | sourceDupdatedURL | species1_common | species1_scientific | species2_common | species2_scientific | uncertain_interaction",26,TRUE,2026-08-24 15:10:47,"schema_1"
"C:/Users/kelly/OneDrive - Michigan State University/Research/MetaNetworksProject/MetaNetworksProject-Working/L0/taxa_to_check/Pteroglossus_torquatus_MA.csv","BOW_evidence | effect_sp1_on_sp2 | effect_sp2_on_sp1 | entry_changes | entry_date | interaction | n_studies | name_changes | nonbreedingseason | notesA | notesB | notesC | notesD | OLDsourceA | OLDsourceB | other_species1 | recorder | sourceAupdatedURL | sourceBupdatedURL | sourceCupdatedURL | sourceDupdatedURL | species1_common | species1_scientific | species2_common | species2_scientific | uncertain_interaction",26,TRUE,2026-08-24 15:10:47,"schema_1"
"C:/Users/kelly/OneDrive - Michigan State University/Research/MetaNetworksProject/MetaNetworksProject-Working/L0/taxa_to_check/Puffinus_ newelli_AJ.csv","BOW_evidence | effect_sp1_on_sp2 | effect_sp2_on_sp1 | entry_changes | entry_date | interaction | n_studies | name_changes | nonbreedingseason | notesA | notesB | notesC | notesD | OLDsourceA | OLDsourceB | other_species1 | recorder | sourceAupdatedURL | sourceBupdatedURL | sourceCupdatedURL | sourceDupdatedURL | species1_common | species1_scientific | species2_common | species2_scientific | uncertain_interaction",26,TRUE,2026-08-24 15:10:47,"schema_1"
"C:/Users/kelly/OneDrive - Michigan State University/Research/MetaNetworksProject/MetaNetworksProject-Working/L0/taxa_to_check/Puffinus_auricularis_AJ.csv","BOW_evidence | effect_sp1_on_sp2 | effect_sp2_on_sp1 | entry_changes | entry_date | interaction | n_studies | name_changes | nonbreedingseason | notesA | notesB | notesC | notesD | OLDsourceA | OLDsourceB | other_species1 | recorder | sourceAupdatedURL | sourceBupdatedURL | sourceCupdatedURL | sourceDupdatedURL | species1_common | species1_scientific | species2_common | species2_scientific | uncertain_interaction",26,TRUE,2026-08-24 15:10:47,"schema_1"
"C:/Users/kelly/OneDrive - Michigan State University/Research/MetaNetworksProject/MetaNetworksProject-Working/L0/taxa_to_check/Pulsatrix_perspicillata_AJ.csv","BOW_evidence | effect_sp1_on_sp2 | effect_sp2_on_sp1 | entry_changes | entry_date | interaction | n_studies | name_changes | nonbreedingseason | notesA | notesB | notesC | notesD | OLDsourceA | OLDsourceB | other_species1 | recorder | sourceAupdatedURL | sourceBupdatedURL | sourceCupdatedURL | sourceDupdatedURL | species1_common | species1_scientific | species2_common | species2_scientific | uncertain_interaction",26,TRUE,2026-09-03 20:38:56,"schema_1"
"C:/Users/kelly/OneDrive - Michigan State University/Research/MetaNetworksProject/MetaNetworksProject-Working/L0/taxa_to_check/Pyrilia_haematotis_AJ.csv","BOW_evidence | effect_sp1_on_sp2 | effect_sp2_on_sp1 | entry_changes | entry_date | interaction | n_studies | name_changes | nonbreedingseason | notesA | notesB | notesC | notesD | OLDsourceA | OLDsourceB | other_species1 | recorder | sourceAupdatedURL | sourceBupdatedURL | sourceCupdatedURL | sourceDupdatedURL | species1_common | species1_scientific | species2_common | species2_scientific | uncertain_interaction",26,TRUE,2026-08-24 15:10:47,"schema_1"
"C:/Users/kelly/OneDrive - Michigan State University/Research/MetaNetworksProject/MetaNetworksProject-Working/L0/taxa_to_check/Quiscalus_palustris_LB.csv","breeding_migration | DatabaseSearchURL | effect_sp1_on_sp2 | effect_sp2_on_sp1 | entry_changes | entry_date | interaction | interaction_strength | name_changes | other_species1 | recorder | source_citation | source_URL | species1_common | species1_lifestage | species1_scientific | species2_common | species2_lifestage | species2_scientific | text_excerpt | time_of_year | uncertain_interaction",22,TRUE,2026-08-24 15:10:47,"schema_3"
"C:/Users/kelly/OneDrive - Michigan State University/Research/MetaNetworksProject/MetaNetworksProject-Working/L0/taxa_to_check/Ramosomyia_violiceps.csv","BOW_evidence | effect_sp1_on_sp2 | effect_sp2_on_sp1 | entry_changes | entry_date | interaction | n_studies | nonbreedingseason | notesA | notesB | notesC | notesD | OLDsourceA | OLDsourceB | recorder | sourceAupdatedURL | sourceBupdatedURL | sourceCupdatedURL | sourceDupdatedURL | species1_common | species1_scientific | species2_common | species2_scientific | uncertain_interaction",24,TRUE,2026-08-24 15:10:47,"schema_2"
"C:/Users/kelly/OneDrive - Michigan State University/Research/MetaNetworksProject/MetaNetworksProject-Working/L0/taxa_to_check/Ramosomyia_viridifrons _AJ.csv","BOW_evidence | effect_sp1_on_sp2 | effect_sp2_on_sp1 | entry_changes | entry_date | interaction | n_studies | name_changes | nonbreedingseason | notesA | notesB | notesC | notesD | OLDsourceA | OLDsourceB | other_species1 | recorder | sourceAupdatedURL | sourceBupdatedURL | sourceCupdatedURL | sourceDupdatedURL | species1_common | species1_scientific | species2_common | species2_scientific | uncertain_interaction",26,TRUE,2026-08-24 15:10:47,"schema_1"
"C:/Users/kelly/OneDrive - Michigan State University/Research/MetaNetworksProject/MetaNetworksProject-Working/L0/taxa_to_check/Ramphastos_sulfuratus_CR.csv","BOW_evidence | effect_sp1_on_sp2 | effect_sp2_on_sp1 | entry_changes | entry_date | interaction | n_studies | name_changes | nonbreedingseason | notesA | notesB | notesC | notesD | OLDsourceA | OLDsourceB | other_species1 | recorder | sourceAupdatedURL | sourceBupdatedURL | sourceCupdatedURL | sourceDupdatedURL | species1_common | species1_scientific | species2_common | species2_scientific | uncertain_interaction",26,TRUE,2024-09-27 17:57:49,"schema_1"
"C:/Users/kelly/OneDrive - Michigan State University/Research/MetaNetworksProject/MetaNetworksProject-Working/L0/taxa_to_check/Ramphotrigon_flammulatum_GD.csv","BOW_evidence | effect_sp1_on_sp2 | effect_sp2_on_sp1 | entry_changes | entry_date | interaction | n_studies | name_changes | nonbreedingseason | notesA | notesB | notesC | notesD | OLDsourceA | OLDsourceB | other_species1 | recorder | sourceAupdatedURL | sourceBupdatedURL | sourceCupdatedURL | sourceDupdatedURL | species1_common | species1_scientific | species2_common | species2_scientific | uncertain_interaction",26,TRUE,2026-08-24 15:10:47,"schema_1"
"C:/Users/kelly/OneDrive - Michigan State University/Research/MetaNetworksProject/MetaNetworksProject-Working/L0/taxa_to_check/Rhodinocichla_rosea_JNS.csv","breeding_migration | DatabaseSearchURL | effect_sp1_on_sp2 | effect_sp2_on_sp1 | entry_changes | entry_date | interaction | interaction_strength | name_changes | other_species1 | recorder | source_citation | source_URL | species1_common | species1_lifestage | species1_scientific | species2_common | species2_lifestage | species2_scientific | text_excerpt | time_of_year | uncertain_interaction",22,TRUE,2026-08-24 15:10:47,"schema_3"
"C:/Users/kelly/OneDrive - Michigan State University/Research/MetaNetworksProject/MetaNetworksProject-Working/L0/taxa_to_check/Rhynchocyclus_brevirostris_AJ.csv","BOW_evidence | effect_sp1_on_sp2 | effect_sp2_on_sp1 | entry_changes | entry_date | GoogleScholarURL | interaction | n_studies | name_changes | nonbreedingseason | notesA | notesB | notesC | notesD | OLDsourceA | OLDsourceB | other_species1 | recorder | sourceAupdatedURL | sourceBupdatedURL | sourceCupdatedURL | sourceDupdatedURL | species1_common | species1_scientific | species2_common | species2_scientific | uncertain_interaction",27,TRUE,2026-08-24 15:10:47,"schema_6"
"C:/Users/kelly/OneDrive - Michigan State University/Research/MetaNetworksProject/MetaNetworksProject-Working/L0/taxa_to_check/Rhynchopsitta_pachyrhyncha_AF.csv","BOW_evidence | effect_sp1_on_sp2 | effect_sp2_on_sp1 | entry_changes | entry_date | interaction | n_studies | name_changes | nonbreedingseason | notesA | notesB | notesC | notesD | OLDsourceA | OLDsourceB | other_species1 | recorder | sourceAupdatedURL | sourceBupdatedURL | sourceCupdatedURL | sourceDupdatedURL | species1_common | species1_scientific | species2_common | species2_scientific | uncertain_interaction",26,TRUE,2026-08-24 15:10:47,"schema_1"
"C:/Users/kelly/OneDrive - Michigan State University/Research/MetaNetworksProject/MetaNetworksProject-Working/L0/taxa_to_check/Rhynchopsitta_terrisi_AJ.csv","BOW_evidence | effect_sp1_on_sp2 | effect_sp2_on_sp1 | entry_changes | entry_date | interaction | n_studies | name_changes | nonbreedingseason | notesA | notesB | notesC | notesD | OLDsourceA | OLDsourceB | other_species1 | recorder | sourceAupdatedURL | sourceBupdatedURL | sourceCupdatedURL | sourceDupdatedURL | species1_common | species1_scientific | species2_common | species2_scientific | uncertain_interaction",26,TRUE,2026-08-24 15:10:47,"schema_1"
"C:/Users/kelly/OneDrive - Michigan State University/Research/MetaNetworksProject/MetaNetworksProject-Working/L0/taxa_to_check/Rhytipterna_holerythra_AF.csv","BOW_evidence | effect_sp1_on_sp2 | effect_sp2_on_sp1 | entry_changes | entry_date | interaction | n_studies | name_changes | nonbreedingseason | notesA | notesB | notesC | notesD | OLDsourceA | OLDsourceB | other_species1 | recorder | sourceAupdatedURL | sourceBupdatedURL | sourceCupdatedURL | sourceDupdatedURL | species1_common | species1_scientific | species2_common | species2_scientific | uncertain_interaction",26,TRUE,2026-08-24 15:10:47,"schema_1"
"C:/Users/kelly/OneDrive - Michigan State University/Research/MetaNetworksProject/MetaNetworksProject-Working/L0/taxa_to_check/Rupornis_magnirostris_CR.csv","BOW_evidence | effect_sp1_on_sp2 | effect_sp2_on_sp1 | entry_changes | entry_date | interaction | n_studies | name_changes | nonbreedingseason | notesA | notesB | notesC | notesD | OLDsourceA | OLDsourceB | other_species1 | recorder | sourceAupdatedURL | sourceBupdatedURL | sourceCupdatedURL | sourceDupdatedURL | species1_common | species1_scientific | species2_common | species2_scientific | uncertain_interaction",26,TRUE,2026-08-24 15:10:47,"schema_1"
"C:/Users/kelly/OneDrive - Michigan State University/Research/MetaNetworksProject/MetaNetworksProject-Working/L0/taxa_to_check/Sarcoramphus_papa_MA.csv","BOW_evidence | effect_sp1_on_sp2 | effect_sp2_on_sp1 | entry_changes | entry_date | interaction | n_studies | name_changes | nonbreedingseason | notesA | notesB | notesC | notesD | OLDsourceA | OLDsourceB | other_species1 | recorder | sourceAupdatedURL | sourceBupdatedURL | sourceCupdatedURL | sourceDupdatedURL | species1_common | species1_scientific | species2_common | species2_scientific | uncertain_interaction",26,TRUE,2026-08-24 15:10:47,"schema_1"
"C:/Users/kelly/OneDrive - Michigan State University/Research/MetaNetworksProject/MetaNetworksProject-Working/L0/taxa_to_check/Saucerottia_ beryllina_AJ.csv","BOW_evidence | effect_sp1_on_sp2 | effect_sp2_on_sp1 | entry_changes | entry_date | interaction | n_studies | name_changes | nonbreedingseason | notesA | notesB | notesC | notesD | OLDsourceA | OLDsourceB | other_species1 | recorder | sourceAupdatedURL | sourceBupdatedURL | sourceCupdatedURL | sourceDupdatedURL | species1_common | species1_scientific | species2_common | species2_scientific | uncertain_interaction",26,TRUE,2026-08-24 15:10:47,"schema_1"
"C:/Users/kelly/OneDrive - Michigan State University/Research/MetaNetworksProject/MetaNetworksProject-Working/L0/taxa_to_check/Saucerottia_cyanocephala_AJ.csv","BOW_evidence | effect_sp1_on_sp2 | effect_sp2_on_sp1 | entry_changes | entry_date | interaction | n_studies | name_changes | nonbreedingseason | notesA | notesB | notesC | notesD | OLDsourceA | OLDsourceB | other_species1 | recorder | sourceAupdatedURL | sourceBupdatedURL | sourceCupdatedURL | sourceDupdatedURL | species1_common | species1_scientific | species2_common | species2_scientific | uncertain_interaction",26,TRUE,2026-08-24 15:10:47,"schema_1"
"C:/Users/kelly/OneDrive - Michigan State University/Research/MetaNetworksProject/MetaNetworksProject-Working/L0/taxa_to_check/Saucerottia_cyanura_AJ.csv","BOW_evidence | effect_sp1_on_sp2 | effect_sp2_on_sp1 | entry_changes | entry_date | interaction | n_studies | name_changes | nonbreedingseason | notesA | notesB | notesC | notesD | OLDsourceA | OLDsourceB | other_species1 | recorder | sourceAupdatedURL | sourceBupdatedURL | sourceCupdatedURL | sourceDupdatedURL | species1_common | species1_scientific | species2_common | species2_scientific | uncertain_interaction",26,TRUE,2026-08-24 15:10:47,"schema_1"
"C:/Users/kelly/OneDrive - Michigan State University/Research/MetaNetworksProject/MetaNetworksProject-Working/L0/taxa_to_check/Sclerurus_guatemalensis_MA.csv","BOW_evidence | effect_sp1_on_sp2 | effect_sp2_on_sp1 | entry_changes | entry_date | interaction | n_studies | name_changes | nonbreedingseason | notesA | notesB | notesC | notesD | OLDsourceA | OLDsourceB | other_species1 | recorder | sourceAupdatedURL | sourceBupdatedURL | sourceCupdatedURL | sourceDupdatedURL | species1_common | species1_scientific | species2_common | species2_scientific | uncertain_interaction",26,TRUE,2026-08-24 15:10:47,"schema_1"
"C:/Users/kelly/OneDrive - Michigan State University/Research/MetaNetworksProject/MetaNetworksProject-Working/L0/taxa_to_check/Selasphorus_ellioti_AJ.csv","BOW_evidence | effect_sp1_on_sp2 | effect_sp2_on_sp1 | entry_changes | entry_date | interaction | n_studies | name_changes | nonbreedingseason | notesA | notesB | notesC | notesD | OLDsourceA | OLDsourceB | other_species1 | recorder | sourceAupdatedURL | sourceBupdatedURL | sourceCupdatedURL | sourceDupdatedURL | species1_common | species1_scientific | species2_common | species2_scientific | uncertain_interaction",26,TRUE,2026-08-24 15:10:47,"schema_1"
"C:/Users/kelly/OneDrive - Michigan State University/Research/MetaNetworksProject/MetaNetworksProject-Working/L0/taxa_to_check/Selasphorus_heloisa_AJ.csv","BOW_evidence | DatabaseSearchURL | effect_sp1_on_sp2 | effect_sp2_on_sp1 | entry_changes | entry_date | interaction | n_studies | name_changes | nonbreedingseason | notesA | notesB | notesC | notesD | other_species1 | recorder | sourceA_URL | sourceB_URL | sourceC_URL | sourceD_URL | species1_common | species1_scientific | species2_common | species2_scientific | uncertain_interaction",25,TRUE,2026-08-24 15:10:47,"schema_8"
"C:/Users/kelly/OneDrive - Michigan State University/Research/MetaNetworksProject/MetaNetworksProject-Working/L0/taxa_to_check/Sittasomus_griseicapillus_MA.csv","BOW_evidence | effect_sp1_on_sp2 | effect_sp2_on_sp1 | entry_changes | entry_date | interaction | n_studies | name_changes | nonbreedingseason | notesA | notesB | notesC | notesD | OLDsourceA | OLDsourceB | other_species1 | recorder | sourceAupdatedURL | sourceBupdatedURL | sourceCupdatedURL | sourceDupdatedURL | species1_common | species1_scientific | species2_common | species2_scientific | uncertain_interaction",26,TRUE,2026-08-24 15:10:47,"schema_1"
"C:/Users/kelly/OneDrive - Michigan State University/Research/MetaNetworksProject/MetaNetworksProject-Working/L0/taxa_to_check/Spinus_notatus_SEP.csv","breeding_migration | DatabaseSearchURL | effect_sp1_on_sp2 | effect_sp2_on_sp1 | entry_changes | entry_date | interaction | interaction_strength | name_changes | other_species1 | recorder | source_citation | source_URL | species1_common | species1_lifestage | species1_scientific | species2_common | species2_lifestage | species2_scientific | text_excerpt | time_of_year | uncertain_interaction",22,TRUE,2026-09-03 20:38:56,"schema_3"
"C:/Users/kelly/OneDrive - Michigan State University/Research/MetaNetworksProject/MetaNetworksProject-Working/L0/taxa_to_check/Spizaetus_melanoleucus_GD.csv","BOW_evidence | effect_sp1_on_sp2 | effect_sp2_on_sp1 | entry_changes | entry_date | interaction | n_studies | name_changes | nonbreedingseason | notesA | notesB | notesC | notesD | OLDsourceA | OLDsourceB | other_species1 | recorder | sourceAupdatedURL | sourceBupdatedURL | sourceCupdatedURL | sourceDupdatedURL | species1_common | species1_scientific | species2_common | species2_scientific | uncertain_interaction",26,TRUE,2026-08-24 15:10:47,"schema_1"
"C:/Users/kelly/OneDrive - Michigan State University/Research/MetaNetworksProject/MetaNetworksProject-Working/L0/taxa_to_check/Spizaetus_ornatus_CR.csv","BOW_evidence | effect_sp1_on_sp2 | effect_sp2_on_sp1 | entry_changes | entry_date | interaction | n_studies | name_changes | nonbreedingseason | notesA | notesB | notesC | notesD | OLDsourceA | OLDsourceB | other_species1 | recorder | sourceAupdatedURL | sourceBupdatedURL | sourceCupdatedURL | sourceDupdatedURL | species1_common | species1_scientific | species2_common | species2_scientific | uncertain_interaction",26,TRUE,2026-08-24 15:10:47,"schema_1"
"C:/Users/kelly/OneDrive - Michigan State University/Research/MetaNetworksProject/MetaNetworksProject-Working/L0/taxa_to_check/Spizaetus_tyrannus_GD.csv","BOW_evidence | effect_sp1_on_sp2 | effect_sp2_on_sp1 | entry_changes | entry_date | interaction | n_studies | name_changes | nonbreedingseason | notesA | notesB | notesC | notesD | OLDsourceA | OLDsourceB | other_species1 | recorder | sourceAupdatedURL | sourceBupdatedURL | sourceCupdatedURL | sourceDupdatedURL | species1_common | species1_scientific | species2_common | species2_scientific | uncertain_interaction",26,TRUE,2024-09-26 17:11:23,"schema_1"
"C:/Users/kelly/OneDrive - Michigan State University/Research/MetaNetworksProject/MetaNetworksProject-Working/L0/taxa_to_check/Spizella_wortheni_CR.csv","BOW_evidence | effect_sp1_on_sp2 | effect_sp2_on_sp1 | entry_changes | entry_date | interaction | n_studies | name_changes | nonbreedingseason | notesA | notesB | notesC | notesD | OLDsourceA | OLDsourceB | other_species1 | recorder | sourceAupdatedURL | sourceBupdatedURL | sourceCupdatedURL | sourceDupdatedURL | species1_common | species1_scientific | species2_common | species2_scientific | uncertain_interaction",26,TRUE,2026-08-24 15:10:47,"schema_1"
"C:/Users/kelly/OneDrive - Michigan State University/Research/MetaNetworksProject/MetaNetworksProject-Working/L0/taxa_to_check/Streptoprocne_rutila_MA.csv","BOW_evidence | effect_sp1_on_sp2 | effect_sp2_on_sp1 | entry_changes | entry_date | interaction | n_studies | name_changes | nonbreedingseason | notesA | notesB | notesC | notesD | OLDsourceA | OLDsourceB | other_species1 | recorder | sourceAupdatedURL | sourceBupdatedURL | sourceCupdatedURL | sourceDupdatedURL | species1_common | species1_scientific | species2_common | species2_scientific | uncertain_interaction",26,TRUE,2026-08-24 15:10:47,"schema_1"
"C:/Users/kelly/OneDrive - Michigan State University/Research/MetaNetworksProject/MetaNetworksProject-Working/L0/taxa_to_check/Streptoprocne_semicollaris_AF.csv","BOW_evidence | effect_sp1_on_sp2 | effect_sp2_on_sp1 | entry_changes | entry_date | interaction | n_studies | name_changes | nonbreedingseason | notesA | notesB | notesC | notesD | OLDsourceA | OLDsourceB | other_species1 | recorder | sourceAupdatedURL | sourceBupdatedURL | sourceCupdatedURL | sourceDupdatedURL | species1_common | species1_scientific | species2_common | species2_scientific | uncertain_interaction",26,TRUE,2026-08-24 15:10:47,"schema_1"
"C:/Users/kelly/OneDrive - Michigan State University/Research/MetaNetworksProject/MetaNetworksProject-Working/L0/taxa_to_check/Streptoprocne_zonaris_AJ.csv","BOW_evidence | effect_sp1_on_sp2 | effect_sp2_on_sp1 | entry_changes | entry_date | interaction | n_studies | name_changes | nonbreedingseason | notesA | notesB | notesC | notesD | OLDsourceA | OLDsourceB | other_species1 | recorder | sourceAupdatedURL | sourceBupdatedURL | sourceCupdatedURL | sourceDupdatedURL | species1_common | species1_scientific | species2_common | species2_scientific | uncertain_interaction",26,TRUE,2026-08-24 15:10:47,"schema_1"
"C:/Users/kelly/OneDrive - Michigan State University/Research/MetaNetworksProject/MetaNetworksProject-Working/L0/taxa_to_check/Strix_fulvescens_CR.csv","BOW_evidence | effect_sp1_on_sp2 | effect_sp2_on_sp1 | entry_changes | entry_date | interaction | n_studies | name_changes | nonbreedingseason | notesA | notesB | notesC | notesD | OLDsourceA | OLDsourceB | other_species1 | recorder | sourceAupdatedURL | sourceBupdatedURL | sourceCupdatedURL | sourceDupdatedURL | species1_common | species1_scientific | species2_common | species2_scientific | uncertain_interaction",26,TRUE,2026-08-24 15:10:47,"schema_1"
"C:/Users/kelly/OneDrive - Michigan State University/Research/MetaNetworksProject/MetaNetworksProject-Working/L0/taxa_to_check/Strix_nigrolineata_GD.csv","BOW_evidence | effect_sp1_on_sp2 | effect_sp2_on_sp1 | entry_changes | entry_date | interaction | n_studies | name_changes | nonbreedingseason | notesA | notesB | notesC | notesD | OLDsourceA | OLDsourceB | other_species1 | recorder | sourceAupdatedURL | sourceBupdatedURL | sourceCupdatedURL | sourceDupdatedURL | species1_common | species1_scientific | species2_common | species2_scientific | uncertain_interaction",26,TRUE,2026-08-24 15:10:47,"schema_1"
"C:/Users/kelly/OneDrive - Michigan State University/Research/MetaNetworksProject/MetaNetworksProject-Working/L0/taxa_to_check/Strix_virgata_GD.csv","BOW_evidence | effect_sp1_on_sp2 | effect_sp2_on_sp1 | entry_changes | entry_date | interaction | n_studies | name_changes | nonbreedingseason | notesA | notesB | notesC | notesD | OLDsourceA | OLDsourceB | other_species1 | recorder | sourceAupdatedURL | sourceBupdatedURL | sourceCupdatedURL | sourceDupdatedURL | species1_common | species1_scientific | species2_common | species2_scientific | uncertain_interaction",26,TRUE,2026-08-24 15:10:47,"schema_1"
"C:/Users/kelly/OneDrive - Michigan State University/Research/MetaNetworksProject/MetaNetworksProject-Working/L0/taxa_to_check/Sula_granti_GD.csv","BOW_evidence | effect_sp1_on_sp2 | effect_sp2_on_sp1 | entry_changes | entry_date | interaction | n_studies | name_changes | nonbreedingseason | notesA | notesB | notesC | notesD | OLDsourceA | OLDsourceB | other_species1 | recorder | sourceAupdatedURL | sourceBupdatedURL | sourceCupdatedURL | sourceDupdatedURL | species1_common | species1_scientific | species2_common | species2_scientific | uncertain_interaction",26,TRUE,2026-08-24 15:10:47,"schema_1"
"C:/Users/kelly/OneDrive - Michigan State University/Research/MetaNetworksProject/MetaNetworksProject-Working/L0/taxa_to_check/Sula_sula_AJ.csv","BOW_evidence | effect_sp1_on_sp2 | effect_sp2_on_sp1 | entry_changes | entry_date | interaction | n_studies | name_changes | nonbreedingseason | notesA | notesB | notesC | notesD | OLDsourceA | OLDsourceB | other_species1 | recorder | sourceAupdatedURL | sourceBupdatedURL | sourceCupdatedURL | sourceDupdatedURL | species1_common | species1_scientific | species2_common | species2_scientific | uncertain_interaction",26,TRUE,2026-08-24 15:10:47,"schema_1"
"C:/Users/kelly/OneDrive - Michigan State University/Research/MetaNetworksProject/MetaNetworksProject-Working/L0/taxa_to_check/Synallaxis_erythrothorax_AF.csv","BOW_evidence | effect_sp1_on_sp2 | effect_sp2_on_sp1 | entry_changes | entry_date | interaction | n_studies | name_changes | nonbreedingseason | notesA | notesB | notesC | notesD | OLDsourceA | OLDsourceB | other_species1 | recorder | sourceAupdatedURL | sourceBupdatedURL | sourceCupdatedURL | sourceDupdatedURL | species1_common | species1_scientific | species2_common | species2_scientific | uncertain_interaction",26,TRUE,2026-08-24 15:10:47,"schema_1"
"C:/Users/kelly/OneDrive - Michigan State University/Research/MetaNetworksProject/MetaNetworksProject-Working/L0/taxa_to_check/Synthliboramphus_craveri_AF.csv","BOW_evidence | effect_sp1_on_sp2 | effect_sp2_on_sp1 | entry_changes | entry_date | interaction | n_studies | name_changes | nonbreedingseason | notesA | notesB | notesC | notesD | OLDsourceA | OLDsourceB | other_species1 | recorder | sourceAupdatedURL | sourceBupdatedURL | sourceCupdatedURL | sourceDupdatedURL | species1_common | species1_scientific | species2_common | species2_scientific | uncertain_interaction",26,TRUE,2026-08-24 15:10:47,"schema_1"
"C:/Users/kelly/OneDrive - Michigan State University/Research/MetaNetworksProject/MetaNetworksProject-Working/L0/taxa_to_check/Tachycineta_ albilinea_AJ.csv","BOW_evidence | effect_sp1_on_sp2 | effect_sp2_on_sp1 | entry_changes | entry_date | interaction | n_studies | name_changes | nonbreedingseason | notesA | notesB | notesC | notesD | OLDsourceA | OLDsourceB | other_species1 | recorder | sourceAupdatedURL | sourceBupdatedURL | sourceCupdatedURL | sourceDupdatedURL | species1_common | species1_scientific | species2_common | species2_scientific | uncertain_interaction",26,TRUE,2026-08-24 15:10:47,"schema_1"
"C:/Users/kelly/OneDrive - Michigan State University/Research/MetaNetworksProject/MetaNetworksProject-Working/L0/taxa_to_check/Taraba_major_AF.csv","BOW_evidence | effect_sp1_on_sp2 | effect_sp2_on_sp1 | entry_changes | entry_date | interaction | n_studies | name_changes | nonbreedingseason | notesA | notesB | notesC | notesD | OLDsourceA | OLDsourceB | other_species1 | recorder | sourceAupdatedURL | sourceBupdatedURL | sourceCupdatedURL | sourceDupdatedURL | species1_common | species1_scientific | species2_common | species2_scientific | uncertain_interaction",26,TRUE,2026-08-24 15:10:47,"schema_1"
"C:/Users/kelly/OneDrive - Michigan State University/Research/MetaNetworksProject/MetaNetworksProject-Working/L0/taxa_to_check/Terenotriccus_erythrurus_MA.csv","BOW_evidence | effect_sp1_on_sp2 | effect_sp2_on_sp1 | entry_changes | entry_date | interaction | n_studies | name_changes | nonbreedingseason | notesA | notesB | notesC | notesD | OLDsourceA | OLDsourceB | other_species1 | recorder | sourceAupdatedURL | sourceBupdatedURL | sourceCupdatedURL | sourceDupdatedURL | species1_common | species1_scientific | species2_common | species2_scientific | uncertain_interaction",26,TRUE,2026-08-24 15:10:47,"schema_1"
"C:/Users/kelly/OneDrive - Michigan State University/Research/MetaNetworksProject/MetaNetworksProject-Working/L0/taxa_to_check/Thamnophilus_doliatus_GD.csv","BOW_evidence | effect_sp1_on_sp2 | effect_sp2_on_sp1 | entry_changes | entry_date | interaction | n_studies | name_changes | nonbreedingseason | notesA | notesB | notesC | notesD | OLDsourceA | OLDsourceB | other_species1 | recorder | sourceAupdatedURL | sourceBupdatedURL | sourceCupdatedURL | sourceDupdatedURL | species1_common | species1_scientific | species2_common | species2_scientific | uncertain_interaction",26,TRUE,2026-08-24 15:10:47,"schema_1"
"C:/Users/kelly/OneDrive - Michigan State University/Research/MetaNetworksProject/MetaNetworksProject-Working/L0/taxa_to_check/Thraupis_abbas_AH.csv","country | DatabaseSearchURL | effect_tx1_on_tx2 | effect_tx2_on_tx1 | entry_changes | entry_date | interaction | interaction_excerpt | interaction_strength | location | name_changes | recorder | source_citation | source_URL | taxa1_common | taxa1_lifestage | taxa1_scientific | taxa2_common | taxa2_lifestage | taxa2_scientific | time_of_year | timing_location_excerpt | tx1_life_history_season | tx2_life_history_season | uncertain_interaction | version | year",27,TRUE,2026-08-24 15:10:47,"schema_7"
"C:/Users/kelly/OneDrive - Michigan State University/Research/MetaNetworksProject/MetaNetworksProject-Working/L0/taxa_to_check/Tiaris_ olivaceus_AJ.csv","BOW_evidence | effect_sp1_on_sp2 | effect_sp2_on_sp1 | entry_changes | entry_date | interaction | n_studies | name_changes | nonbreedingseason | notesA | notesB | notesC | notesD | OLDsourceA | OLDsourceB | other_species1 | recorder | sourceAupdatedURL | sourceBupdatedURL | sourceCupdatedURL | sourceDupdatedURL | species1_common | species1_scientific | species2_common | species2_scientific | uncertain_interaction",26,TRUE,2026-08-24 15:10:47,"schema_1"
"C:/Users/kelly/OneDrive - Michigan State University/Research/MetaNetworksProject/MetaNetworksProject-Working/L0/taxa_to_check/Tigrisoma_mexicanum_AF.csv","BOW_evidence | effect_sp1_on_sp2 | effect_sp2_on_sp1 | entry_changes | entry_date | interaction | n_studies | name_changes | nonbreedingseason | notesA | notesB | notesC | notesD | OLDsourceA | OLDsourceB | other_species1 | recorder | sourceAupdatedURL | sourceBupdatedURL | sourceCupdatedURL | sourceDupdatedURL | species1_common | species1_scientific | species2_common | species2_scientific | uncertain_interaction",26,TRUE,2026-08-24 15:10:47,"schema_1"
"C:/Users/kelly/OneDrive - Michigan State University/Research/MetaNetworksProject/MetaNetworksProject-Working/L0/taxa_to_check/Tinamus_major_CR.csv","BOW_evidence | effect_sp1_on_sp2 | effect_sp2_on_sp1 | entry_changes | entry_date | interaction | n_studies | name_changes | nonbreedingseason | notesA | notesB | notesC | notesD | OLDsourceA | OLDsourceB | other_species1 | recorder | sourceAupdatedURL | sourceBupdatedURL | sourceCupdatedURL | sourceDupdatedURL | species1_common | species1_scientific | species2_common | species2_scientific | uncertain_interaction",26,TRUE,2026-08-24 15:10:47,"schema_1"
"C:/Users/kelly/OneDrive - Michigan State University/Research/MetaNetworksProject/MetaNetworksProject-Working/L0/taxa_to_check/Tityra_inquisitor_AF.csv","BOW_evidence | effect_sp1_on_sp2 | effect_sp2_on_sp1 | entry_changes | entry_date | interaction | n_studies | name_changes | nonbreedingseason | notesA | notesB | notesC | notesD | OLDsourceA | OLDsourceB | other_species1 | recorder | sourceAupdatedURL | sourceBupdatedURL | sourceCupdatedURL | sourceDupdatedURL | species1_common | species1_scientific | species2_common | species2_scientific | uncertain_interaction",26,TRUE,2026-08-24 15:10:47,"schema_1"
"C:/Users/kelly/OneDrive - Michigan State University/Research/MetaNetworksProject/MetaNetworksProject-Working/L0/taxa_to_check/Tityra_semifasciata_MA.csv","BOW_evidence | effect_sp1_on_sp2 | effect_sp2_on_sp1 | entry_changes | entry_date | interaction | n_studies | name_changes | nonbreedingseason | notesA | notesB | notesC | notesD | OLDsourceA | OLDsourceB | other_species1 | recorder | sourceAupdatedURL | sourceBupdatedURL | sourceCupdatedURL | sourceDupdatedURL | species1_common | species1_scientific | species2_common | species2_scientific | uncertain_interaction",26,TRUE,2026-08-24 15:10:47,"schema_1"
"C:/Users/kelly/OneDrive - Michigan State University/Research/MetaNetworksProject/MetaNetworksProject-Working/L0/taxa_to_check/Todirostrum_cinereum_AJ.csv","BOW_evidence | effect_sp1_on_sp2 | effect_sp2_on_sp1 | entry_changes | entry_date | interaction | n_studies | name_changes | nonbreedingseason | notesA | notesB | notesC | notesD | OLDsourceA | OLDsourceB | other_species1 | recorder | sourceAupdatedURL | sourceBupdatedURL | sourceCupdatedURL | sourceDupdatedURL | species1_common | species1_scientific | species2_common | species2_scientific | uncertain_interaction",26,TRUE,2026-08-24 15:10:47,"schema_1"
"C:/Users/kelly/OneDrive - Michigan State University/Research/MetaNetworksProject/MetaNetworksProject-Working/L0/taxa_to_check/Tolmomyias_sulphurescens_AJ.csv","BOW_evidence | effect_sp1_on_sp2 | effect_sp2_on_sp1 | entry_changes | entry_date | interaction | n_studies | name_changes | nonbreedingseason | notesA | notesB | notesC | notesD | OLDsourceA | OLDsourceB | other_species1 | recorder | sourceAupdatedURL | sourceBupdatedURL | sourceCupdatedURL | sourceDupdatedURL | species1_common | species1_scientific | species2_common | species2_scientific | uncertain_interaction",26,TRUE,2026-08-24 15:10:47,"schema_1"
"C:/Users/kelly/OneDrive - Michigan State University/Research/MetaNetworksProject/MetaNetworksProject-Working/L0/taxa_to_check/Trogon_caligatus_GD.csv","BOW_evidence | effect_sp1_on_sp2 | effect_sp2_on_sp1 | entry_changes | entry_date | interaction | n_studies | name_changes | nonbreedingseason | notesA | notesB | notesC | notesD | OLDsourceA | OLDsourceB | other_species1 | recorder | sourceAupdatedURL | sourceBupdatedURL | sourceCupdatedURL | sourceDupdatedURL | species1_common | species1_scientific | species2_common | species2_scientific | uncertain_interaction",26,TRUE,2026-08-24 15:10:47,"schema_1"
"C:/Users/kelly/OneDrive - Michigan State University/Research/MetaNetworksProject/MetaNetworksProject-Working/L0/taxa_to_check/Trogon_citreolus_AJ.csv","BOW_evidence | effect_sp1_on_sp2 | effect_sp2_on_sp1 | entry_changes | entry_date | interaction | n_studies | name_changes | nonbreedingseason | notesA | notesB | notesC | notesD | OLDsourceA | OLDsourceB | other_species1 | recorder | sourceAupdatedURL | sourceBupdatedURL | sourceCupdatedURL | sourceDupdatedURL | species1_common | species1_scientific | species2_common | species2_scientific | uncertain_interaction",26,TRUE,2026-08-24 15:10:47,"schema_1"
"C:/Users/kelly/OneDrive - Michigan State University/Research/MetaNetworksProject/MetaNetworksProject-Working/L0/taxa_to_check/Trogon_collaris_AF.csv","BOW_evidence | effect_sp1_on_sp2 | effect_sp2_on_sp1 | entry_changes | entry_date | interaction | n_studies | name_changes | nonbreedingseason | notesA | notesB | notesC | notesD | OLDsourceA | OLDsourceB | other_species1 | recorder | sourceAupdatedURL | sourceBupdatedURL | sourceCupdatedURL | sourceDupdatedURL | species1_common | species1_scientific | species2_common | species2_scientific | uncertain_interaction",26,TRUE,2026-08-24 15:10:47,"schema_1"
"C:/Users/kelly/OneDrive - Michigan State University/Research/MetaNetworksProject/MetaNetworksProject-Working/L0/taxa_to_check/Trogon_massena_CR.csv","BOW_evidence | effect_sp1_on_sp2 | effect_sp2_on_sp1 | entry_changes | entry_date | interaction | n_studies | name_changes | nonbreedingseason | notesA | notesB | notesC | notesD | OLDsourceA | OLDsourceB | other_species1 | recorder | sourceAupdatedURL | sourceBupdatedURL | sourceCupdatedURL | sourceDupdatedURL | species1_common | species1_scientific | species2_common | species2_scientific | uncertain_interaction",26,TRUE,2026-08-24 15:10:47,"schema_1"
"C:/Users/kelly/OneDrive - Michigan State University/Research/MetaNetworksProject/MetaNetworksProject-Working/L0/taxa_to_check/Trogon_melanocephalus_CR.csv","BOW_evidence | effect_sp1_on_sp2 | effect_sp2_on_sp1 | entry_changes | entry_date | interaction | n_studies | name_changes | nonbreedingseason | notesA | notesB | notesC | notesD | OLDsourceA | OLDsourceB | other_species1 | recorder | sourceAupdatedURL | sourceBupdatedURL | sourceCupdatedURL | sourceDupdatedURL | species1_common | species1_scientific | species2_common | species2_scientific | uncertain_interaction",26,TRUE,2026-08-24 15:10:47,"schema_1"
"C:/Users/kelly/OneDrive - Michigan State University/Research/MetaNetworksProject/MetaNetworksProject-Working/L0/taxa_to_check/Trogon_mexicanus_AJ.csv","BOW_evidence | effect_sp1_on_sp2 | effect_sp2_on_sp1 | entry_changes | entry_date | interaction | n_studies | name_changes | nonbreedingseason | notesA | notesB | notesC | notesD | OLDsourceA | OLDsourceB | other_species1 | recorder | sourceAupdatedURL | sourceBupdatedURL | sourceCupdatedURL | sourceDupdatedURL | species1_common | species1_scientific | species2_common | species2_scientific | uncertain_interaction",26,TRUE,2026-08-24 15:10:47,"schema_1"
"C:/Users/kelly/OneDrive - Michigan State University/Research/MetaNetworksProject/MetaNetworksProject-Working/L0/taxa_to_check/Tunchiornis_ochraceiceps_AJ.csv","BOW_evidence | effect_sp1_on_sp2 | effect_sp2_on_sp1 | entry_changes | entry_date | interaction | n_studies | name_changes | nonbreedingseason | notesA | notesB | notesC | notesD | OLDsourceA | OLDsourceB | other_species1 | recorder | sourceAupdatedURL | sourceBupdatedURL | sourceCupdatedURL | sourceDupdatedURL | species1_common | species1_scientific | species2_common | species2_scientific | uncertain_interaction",26,TRUE,2026-08-24 15:10:47,"schema_1"
"C:/Users/kelly/OneDrive - Michigan State University/Research/MetaNetworksProject/MetaNetworksProject-Working/L0/taxa_to_check/Turdus_ rufopalliatus_AJ.csv","BOW_evidence | effect_sp1_on_sp2 | effect_sp2_on_sp1 | entry_changes | entry_date | interaction | n_studies | name_changes | nonbreedingseason | notesA | notesB | notesC | notesD | OLDsourceA | OLDsourceB | other_species1 | recorder | sourceAupdatedURL | sourceBupdatedURL | sourceCupdatedURL | sourceDupdatedURL | species1_common | species1_scientific | species2_common | species2_scientific | uncertain_interaction",26,TRUE,2026-08-24 15:10:47,"schema_1"
"C:/Users/kelly/OneDrive - Michigan State University/Research/MetaNetworksProject/MetaNetworksProject-Working/L0/taxa_to_check/Turdus_rufitorques_SEP.csv","breeding_migration | DatabaseSearchURL | effect_sp1_on_sp2 | effect_sp2_on_sp1 | entry_changes | entry_date | interaction | interaction_strength | name_changes | other_species1 | recorder | source_citation | source_URL | species1_common | species1_lifestage | species1_scientific | species2_common | species2_lifestage | species2_scientific | text_excerpt | time_of_year | uncertain_interaction",22,TRUE,2026-09-03 20:38:56,"schema_3"
"C:/Users/kelly/OneDrive - Michigan State University/Research/MetaNetworksProject/MetaNetworksProject-Working/L0/taxa_to_check/Urile_pelagicus_EP.csv","BOW_evidence | effect_sp1_on_sp2 | effect_sp2_on_sp1 | entry_changes | entry_date | interaction | n_studies | name_changes | nonbreedingseason | notesA | notesB | notesC | notesD | OLDsourceA | OLDsourceB | recorder | sourceAupdatedURL | sourceBupdatedURL | sourceCupdatedURL | sourceDupdatedURL | species1_common | species1_scientific | species2_common | species2_scientific | uncertain_interaction",25,TRUE,2026-08-24 15:10:47,"schema_5"
"C:/Users/kelly/OneDrive - Michigan State University/Research/MetaNetworksProject/MetaNetworksProject-Working/L0/taxa_to_check/Vireo_Bairdi_MA.csv","BOW_evidence | DatabaseSearchURL | effect_sp1_on_sp2 | effect_sp2_on_sp1 | entry_changes | entry_date | interaction | n_studies | name_changes | nonbreedingseason | notesA | notesB | notesC | notesD | other_species1 | recorder | sourceA_URL | sourceB_URL | sourceC_URL | sourceD_URL | species1_common | species1_scientific | species2_common | species2_scientific | uncertain_interaction",25,TRUE,2026-08-24 15:10:47,"schema_8"
"C:/Users/kelly/OneDrive - Michigan State University/Research/MetaNetworksProject/MetaNetworksProject-Working/L0/taxa_to_check/Vireo_brevipennis_GD.csv","BOW_evidence | effect_sp1_on_sp2 | effect_sp2_on_sp1 | entry_changes | entry_date | GoogleScholarURL | interaction | n_studies | name_changes | nonbreedingseason | notesA | notesB | notesC | notesD | OLDsourceA | OLDsourceB | other_species1 | recorder | sourceAupdatedURL | sourceBupdatedURL | sourceCupdatedURL | sourceDupdatedURL | species1_common | species1_scientific | species2_common | species2_scientific | uncertain_interaction",27,TRUE,2026-08-24 15:10:47,"schema_6"
"C:/Users/kelly/OneDrive - Michigan State University/Research/MetaNetworksProject/MetaNetworksProject-Working/L0/taxa_to_check/Vireo_hypochryseus_GD.csv","BOW_evidence | effect_sp1_on_sp2 | effect_sp2_on_sp1 | entry_changes | entry_date | GoogleScholarURL | interaction | n_studies | name_changes | nonbreedingseason | notesA | notesB | notesC | notesD | OLDsourceA | OLDsourceB | other_species1 | recorder | sourceAupdatedURL | sourceBupdatedURL | sourceCupdatedURL | sourceDupdatedURL | species1_common | species1_scientific | species2_common | species2_scientific | uncertain_interaction",27,TRUE,2026-08-24 15:10:47,"schema_6"
"C:/Users/kelly/OneDrive - Michigan State University/Research/MetaNetworksProject/MetaNetworksProject-Working/L0/taxa_to_check/Vireo_leucophrys_CR.csv","BOW_evidence | DatabaseSearchURL | effect_sp1_on_sp2 | effect_sp2_on_sp1 | entry_changes | entry_date | interaction | n_studies | name_changes | nonbreedingseason | notesA | notesB | notesC | notesD | other_species1 | recorder | sourceA_URL | sourceB_URL | sourceC_URL | sourceD_URL | species1_common | species1_scientific | species2_common | species2_scientific | uncertain_interaction",25,TRUE,2026-09-03 20:38:56,"schema_8"
"C:/Users/kelly/OneDrive - Michigan State University/Research/MetaNetworksProject/MetaNetworksProject-Working/L0/taxa_to_check/Vireo_magister_AJ.csv","BOW_evidence | effect_sp1_on_sp2 | effect_sp2_on_sp1 | entry_changes | entry_date | interaction | n_studies | name_changes | nonbreedingseason | notesA | notesB | notesC | notesD | OLDsourceA | OLDsourceB | other_species1 | recorder | sourceAupdatedURL | sourceBupdatedURL | sourceCupdatedURL | sourceDupdatedURL | species1_common | species1_scientific | species2_common | species2_scientific | uncertain_interaction",26,TRUE,2026-08-24 15:10:47,"schema_1"
"C:/Users/kelly/OneDrive - Michigan State University/Research/MetaNetworksProject/MetaNetworksProject-Working/L0/taxa_to_check/Vireo_nelsoni_CR.csv","BOW_evidence | DatabaseSearchURL | effect_sp1_on_sp2 | effect_sp2_on_sp1 | entry_changes | entry_date | interaction | n_studies | name_changes | nonbreedingseason | notesA | notesB | notesC | notesD | other_species1 | recorder | sourceA_URL | sourceB_URL | sourceC_URL | sourceD_URL | species1_common | species1_scientific | species2_common | species2_scientific | uncertain_interaction",25,TRUE,2025-02-20 20:46:20,"schema_8"
"C:/Users/kelly/OneDrive - Michigan State University/Research/MetaNetworksProject/MetaNetworksProject-Working/L0/taxa_to_check/Vireo_pallens_GD.csv","BOW_evidence | DatabaseSearchURL | effect_sp1_on_sp2 | effect_sp2_on_sp1 | entry_changes | entry_date | interaction | n_studies | name_changes | nonbreedingseason | notesA | notesB | notesC | notesD | other_species1 | recorder | sourceA_URL | sourceB_URL | sourceC_URL | sourceD_URL | species1_common | species1_scientific | species2_common | species2_scientific | uncertain_interaction",25,TRUE,2026-09-03 20:38:56,"schema_8"
"C:/Users/kelly/OneDrive - Michigan State University/Research/MetaNetworksProject/MetaNetworksProject-Working/L0/taxa_to_check/Vireolanius_melitophrys_AF.csv","BOW_evidence | effect_sp1_on_sp2 | effect_sp2_on_sp1 | entry_changes | entry_date | GoogleScholarURL | interaction | n_studies | name_changes | nonbreedingseason | notesA | notesB | notesC | notesD | OLDsourceA | OLDsourceB | other_species1 | recorder | sourceAupdatedURL | sourceBupdatedURL | sourceCupdatedURL | sourceDupdatedURL | species1_common | species1_scientific | species2_common | species2_scientific | uncertain_interaction",27,TRUE,2026-08-24 15:10:47,"schema_6"
"C:/Users/kelly/OneDrive - Michigan State University/Research/MetaNetworksProject/MetaNetworksProject-Working/L0/taxa_to_check/Vireolanius_pulchellus_AF.csv","BOW_evidence | effect_sp1_on_sp2 | effect_sp2_on_sp1 | entry_changes | entry_date | interaction | n_studies | name_changes | nonbreedingseason | notesA | notesB | notesC | notesD | OLDsourceA | OLDsourceB | other_species1 | recorder | sourceAupdatedURL | sourceBupdatedURL | sourceCupdatedURL | sourceDupdatedURL | species1_common | species1_scientific | species2_common | species2_scientific | uncertain_interaction",26,TRUE,2026-08-24 15:10:47,"schema_1"
"C:/Users/kelly/OneDrive - Michigan State University/Research/MetaNetworksProject/MetaNetworksProject-Working/L0/taxa_to_check/Xenops_minutus_CR.csv","BOW_evidence | effect_sp1_on_sp2 | effect_sp2_on_sp1 | entry_changes | entry_date | interaction | n_studies | name_changes | nonbreedingseason | notesA | notesB | notesC | notesD | OLDsourceA | OLDsourceB | other_species1 | recorder | sourceAupdatedURL | sourceBupdatedURL | sourceCupdatedURL | sourceDupdatedURL | species1_common | species1_scientific | species2_common | species2_scientific | uncertain_interaction",26,TRUE,2026-08-24 15:10:47,"schema_1"
"C:/Users/kelly/OneDrive - Michigan State University/Research/MetaNetworksProject/MetaNetworksProject-Working/L0/taxa_to_check/Xenospiza_baileyi_JNS.csv","breeding_migration | DatabaseSearchURL | effect_sp1_on_sp2 | effect_sp2_on_sp1 | entry_changes | entry_date | interaction | interaction_strength | name_changes | other_species1 | recorder | source_citation | source_URL | species1_common | species1_lifestage | species1_scientific | species2_common | species2_lifestage | species2_scientific | text_excerpt | time_of_year | uncertain_interaction",22,TRUE,2026-08-24 15:10:47,"schema_3"
"C:/Users/kelly/OneDrive - Michigan State University/Research/MetaNetworksProject/MetaNetworksProject-Working/L0/taxa_to_check/Xenotriccus_callizonus_CR.csv","BOW_evidence | effect_sp1_on_sp2 | effect_sp2_on_sp1 | entry_changes | entry_date | interaction | n_studies | name_changes | nonbreedingseason | notesA | notesB | notesC | notesD | OLDsourceA | OLDsourceB | other_species1 | recorder | sourceAupdatedURL | sourceBupdatedURL | sourceCupdatedURL | sourceDupdatedURL | species1_common | species1_scientific | species2_common | species2_scientific | uncertain_interaction",26,TRUE,2026-08-24 15:10:47,"schema_1"
"C:/Users/kelly/OneDrive - Michigan State University/Research/MetaNetworksProject/MetaNetworksProject-Working/L0/taxa_to_check/Xenotriccus_mexicanus_AF.csv","BOW_evidence | effect_sp1_on_sp2 | effect_sp2_on_sp1 | entry_changes | entry_date | interaction | n_studies | name_changes | nonbreedingseason | notesA | notesB | notesC | notesD | OLDsourceA | OLDsourceB | other_species1 | recorder | sourceAupdatedURL | sourceBupdatedURL | sourceCupdatedURL | sourceDupdatedURL | species1_common | species1_scientific | species2_common | species2_scientific | uncertain_interaction",26,TRUE,2026-08-24 15:10:47,"schema_1"
"C:/Users/kelly/OneDrive - Michigan State University/Research/MetaNetworksProject/MetaNetworksProject-Working/L0/taxa_to_check/Xiphocolaptes_promeropirhynchus_CR.csv","BOW_evidence | effect_sp1_on_sp2 | effect_sp2_on_sp1 | entry_changes | entry_date | interaction | n_studies | name_changes | nonbreedingseason | notesA | notesB | notesC | notesD | OLDsourceA | OLDsourceB | other_species1 | recorder | sourceAupdatedURL | sourceBupdatedURL | sourceCupdatedURL | sourceDupdatedURL | species1_common | species1_scientific | species2_common | species2_scientific | uncertain_interaction",26,TRUE,2026-08-24 15:10:47,"schema_1"
"C:/Users/kelly/OneDrive - Michigan State University/Research/MetaNetworksProject/MetaNetworksProject-Working/L0/taxa_to_check/Xiphorhynchus_erythropygius_AF.csv","BOW_evidence | effect_sp1_on_sp2 | effect_sp2_on_sp1 | entry_changes | entry_date | interaction | n_studies | name_changes | nonbreedingseason | notesA | notesB | notesC | notesD | OLDsourceA | OLDsourceB | other_species1 | recorder | sourceAupdatedURL | sourceBupdatedURL | sourceCupdatedURL | sourceDupdatedURL | species1_common | species1_scientific | species2_common | species2_scientific | uncertain_interaction",26,TRUE,2026-08-24 15:10:47,"schema_1"
"C:/Users/kelly/OneDrive - Michigan State University/Research/MetaNetworksProject/MetaNetworksProject-Working/L0/taxa_to_check/Zenaida_graysoni_MA.csv","BOW_evidence | effect_sp1_on_sp2 | effect_sp2_on_sp1 | entry_changes | entry_date | interaction | n_studies | name_changes | nonbreedingseason | notesA | notesB | notesC | notesD | OLDsourceA | OLDsourceB | other_species1 | recorder | sourceAupdatedURL | sourceBupdatedURL | sourceCupdatedURL | sourceDupdatedURL | species1_common | species1_scientific | species2_common | species2_scientific | uncertain_interaction",26,TRUE,2026-08-24 15:10:47,"schema_1"
"C:/Users/kelly/OneDrive - Michigan State University/Research/MetaNetworksProject/MetaNetworksProject-Working/L0/taxa_to_check/Zentrygon_carrikeri_CR.csv","BOW_evidence | DatabaseSearchURL | effect_sp1_on_sp2 | effect_sp2_on_sp1 | entry_changes | entry_date | interaction | n_studies | name_changes | nonbreedingseason | notesA | notesB | notesC | notesD | OLDsourceA | OLDsourceB | other_species1 | recorder | sourceAupdatedURL | sourceBupdatedURL | sourceCupdatedURL | sourceDupdatedURL | species1_common | species1_scientific | species2_common | species2_scientific | uncertain_interaction",27,TRUE,2026-09-17 14:14:09,"schema_4"
"C:/Users/kelly/OneDrive - Michigan State University/Research/MetaNetworksProject/MetaNetworksProject-Working/L0/taxa_to_check/Zimmerius_vilissimus_CR.csv","BOW_evidence | effect_sp1_on_sp2 | effect_sp2_on_sp1 | entry_changes | entry_date | GoogleScholarURL | interaction | n_studies | name_changes | nonbreedingseason | notesA | notesB | notesC | notesD | OLDsourceA | OLDsourceB | other_species1 | recorder | sourceAupdatedURL | sourceBupdatedURL | sourceCupdatedURL | sourceDupdatedURL | species1_common | species1_scientific | species2_common | species2_scientific | uncertain_interaction",27,TRUE,2026-08-24 15:10:47,"schema_6"
"C:/Users/kelly/OneDrive - Michigan State University/Research/MetaNetworksProject/MetaNetworksProject-Working/L0/taxa_to_check/Zonotrichia_albicollis_EP.csv","BOW_evidence | effect_sp1_on_sp2 | effect_sp2_on_sp1 | entry_changes | entry_date | interaction | n_studies | name_changes | nonbreedingseason | notesA | notesB | notesC | notesD | OLDsourceA | OLDsourceB | other_species1 | recorder | sourceAupdatedURL | sourceBupdatedURL | sourceCupdatedURL | sourceDupdatedURL | species1_common | species1_scientific | species2_common | species2_scientific | uncertain_interaction",26,TRUE,2026-08-24 15:10:47,"schema_1"
